2024-10-10 03:05:53 - utils.logging_config - INFO - Logging setup complete.
2024-10-10 03:05:53 - tabs.audio_tab - INFO - Setting up Audio tab.
2024-10-10 03:05:53 - tabs.audio_tab - INFO - Audio tab setup complete.
2024-10-10 03:05:53 - tabs.image_tab - INFO - Setting up Image tab.
2024-10-10 03:05:53 - tabs.image_tab - INFO - Image tab setup complete.
2024-10-10 03:05:53 - tabs.text_tab - INFO - Setting up Text tab.
2024-10-10 03:05:53 - tabs.text_tab - INFO - Text tab setup complete.
2024-10-10 03:05:53 - tabs.video_tab - INFO - Setting up Video tab.
2024-10-10 03:05:53 - tabs.video_tab - INFO - Video tab setup complete.
2024-10-10 03:08:04 - tabs.video_tab - INFO - Handling dropped video files.
2024-10-10 03:08:04 - tabs.video_tab - INFO - Starting processing for dropped files: ['E:/xxx/SMX Complete/Vid/sx_0090-b.mp4']
2024-10-10 03:08:04 - tabs.video_tab - INFO - Processing dropped video files.
2024-10-10 03:08:04 - tabs.video_tab - INFO - Processing video file: E:/xxx/SMX Complete/Vid/sx_0090-b.mp4
2024-10-10 03:08:04 - utils.helpers - INFO - Created output directory: E:/xxx/SMX Complete/Vid\output\frames
2024-10-10 03:08:04 - tabs.video_tab - ERROR - Unexpected error processing video file E:/xxx/SMX Complete/Vid/sx_0090-b.mp4: [WinError 2] The system cannot find the file specified
2024-10-10 03:08:04 - tabs.video_tab - INFO - Finished processing dropped video files.
2024-10-10 03:08:59 - tabs.video_tab - INFO - Handling dropped video files.
2024-10-10 03:08:59 - tabs.video_tab - INFO - Starting processing for dropped files: ['E:/xxx/SMXComplete/Vid/sx_0090-b.mp4']
2024-10-10 03:08:59 - tabs.video_tab - INFO - Processing dropped video files.
2024-10-10 03:08:59 - tabs.video_tab - INFO - Processing video file: E:/xxx/SMXComplete/Vid/sx_0090-b.mp4
2024-10-10 03:08:59 - utils.helpers - DEBUG - Output directory already exists: E:/xxx/SMXComplete/Vid\output\frames
2024-10-10 03:08:59 - tabs.video_tab - ERROR - Unexpected error processing video file E:/xxx/SMXComplete/Vid/sx_0090-b.mp4: [WinError 2] The system cannot find the file specified
2024-10-10 03:08:59 - tabs.video_tab - INFO - Finished processing dropped video files.
2024-10-10 03:09:59 - tabs.video_tab - INFO - Handling dropped video files.
2024-10-10 03:09:59 - tabs.video_tab - INFO - Starting processing for dropped files: ['E:/Images/Signal Chat/signal-2024-09-03-225943_013.mp4']
2024-10-10 03:09:59 - tabs.video_tab - INFO - Processing dropped video files.
2024-10-10 03:09:59 - tabs.video_tab - INFO - Processing video file: E:/Images/Signal Chat/signal-2024-09-03-225943_013.mp4
2024-10-10 03:09:59 - utils.helpers - INFO - Created output directory: E:/Images/Signal Chat\output\frames
2024-10-10 03:09:59 - tabs.video_tab - ERROR - Unexpected error processing video file E:/Images/Signal Chat/signal-2024-09-03-225943_013.mp4: [WinError 2] The system cannot find the file specified
2024-10-10 03:09:59 - tabs.video_tab - INFO - Finished processing dropped video files.
2024-10-10 03:13:41 - utils.logging_config - INFO - Logging setup complete.
2024-10-10 03:13:41 - tabs.audio_tab - INFO - Setting up Audio tab.
2024-10-10 03:13:41 - tabs.audio_tab - INFO - Audio tab setup complete.
2024-10-10 03:13:41 - tabs.image_tab - INFO - Setting up Image tab.
2024-10-10 03:13:41 - tabs.image_tab - INFO - Image tab setup complete.
2024-10-10 03:13:41 - tabs.text_tab - INFO - Setting up Text tab.
2024-10-10 03:13:41 - tabs.text_tab - INFO - Text tab setup complete.
2024-10-10 03:13:41 - tabs.video_tab - INFO - Setting up Video tab.
2024-10-10 03:13:41 - tabs.video_tab - INFO - Video tab setup complete.
2024-10-10 03:13:49 - tabs.video_tab - INFO - Handling dropped video files.
2024-10-10 03:13:49 - tabs.video_tab - INFO - Starting processing for dropped files: ['E:/xxx/SMXComplete/Vid/sx_0090-b.mp4']
2024-10-10 03:13:49 - tabs.video_tab - INFO - Processing dropped video files.
2024-10-10 03:13:49 - tabs.video_tab - INFO - Processing video file: E:/xxx/SMXComplete/Vid/sx_0090-b.mp4
2024-10-10 03:13:49 - utils.helpers - DEBUG - Output directory already exists: E:/xxx/SMXComplete/Vid\output\frames
2024-10-10 03:13:49 - tabs.video_tab - ERROR - Unexpected error processing video file E:/xxx/SMXComplete/Vid/sx_0090-b.mp4: [WinError 2] The system cannot find the file specified
2024-10-10 03:13:49 - tabs.video_tab - INFO - Finished processing dropped video files.
2024-10-10 03:14:41 - utils.logging_config - INFO - Logging setup complete.
2024-10-10 03:14:41 - tabs.audio_tab - INFO - Setting up Audio tab.
2024-10-10 03:14:41 - tabs.audio_tab - INFO - Audio tab setup complete.
2024-10-10 03:14:41 - tabs.image_tab - INFO - Setting up Image tab.
2024-10-10 03:14:41 - tabs.image_tab - INFO - Image tab setup complete.
2024-10-10 03:14:41 - tabs.text_tab - INFO - Setting up Text tab.
2024-10-10 03:14:41 - tabs.text_tab - INFO - Text tab setup complete.
2024-10-10 03:14:41 - tabs.video_tab - INFO - Setting up Video tab.
2024-10-10 03:14:41 - tabs.video_tab - INFO - Video tab setup complete.
2024-10-10 03:14:46 - tabs.video_tab - INFO - Handling dropped video files.
2024-10-10 03:14:46 - tabs.video_tab - INFO - Starting processing for dropped files: ['E:/xxx/SMXComplete/Vid/sx_0090-b.mp4']
2024-10-10 03:14:46 - tabs.video_tab - INFO - Processing dropped video files.
2024-10-10 03:14:46 - tabs.video_tab - INFO - Processing video file: E:/xxx/SMXComplete/Vid/sx_0090-b.mp4
2024-10-10 03:14:46 - utils.helpers - DEBUG - Output directory already exists: E:/xxx/SMXComplete/Vid\output\frames
2024-10-10 03:14:46 - tabs.video_tab - ERROR - Unexpected error processing video file E:/xxx/SMXComplete/Vid/sx_0090-b.mp4: [WinError 2] The system cannot find the file specified
2024-10-10 03:14:46 - tabs.video_tab - INFO - Finished processing dropped video files.
2024-10-10 03:16:51 - utils.logging_config - INFO - Logging setup complete.
2024-10-10 03:16:51 - tabs.audio_tab - INFO - Setting up Audio tab.
2024-10-10 03:16:51 - tabs.audio_tab - INFO - Audio tab setup complete.
2024-10-10 03:16:51 - tabs.image_tab - INFO - Setting up Image tab.
2024-10-10 03:16:51 - tabs.image_tab - INFO - Image tab setup complete.
2024-10-10 03:16:51 - tabs.text_tab - INFO - Setting up Text tab.
2024-10-10 03:16:51 - tabs.text_tab - INFO - Text tab setup complete.
2024-10-10 03:16:51 - tabs.video_tab - INFO - Setting up Video tab.
2024-10-10 03:16:51 - tabs.video_tab - INFO - Video tab setup complete.
2024-10-10 03:16:58 - tabs.video_tab - INFO - Handling dropped video files.
2024-10-10 03:16:58 - tabs.video_tab - INFO - Starting processing for dropped files: ['E:/xxx/SMXComplete/Vid/sx_0090-b.mp4']
2024-10-10 03:16:58 - tabs.video_tab - INFO - Processing dropped video files.
2024-10-10 03:16:58 - tabs.video_tab - INFO - Processing video file: E:/xxx/SMXComplete/Vid/sx_0090-b.mp4
2024-10-10 03:16:58 - utils.helpers - DEBUG - Output directory already exists: E:/xxx/SMXComplete/Vid\output\frames
2024-10-10 03:17:30 - tabs.video_tab - INFO - Frames extracted to: E:/xxx/SMXComplete/Vid\output\frames
2024-10-10 03:17:30 - tabs.video_tab - INFO - Finished processing dropped video files.
2024-10-10 03:21:38 - tabs.video_tab - INFO - Handling dropped video files.
2024-10-10 03:21:38 - tabs.video_tab - INFO - Starting processing for dropped files: ['E:/xxx/SMXComplete/Vid/signal-2024-09-04-192543.mp4']
2024-10-10 03:21:38 - tabs.video_tab - INFO - Processing dropped video files.
2024-10-10 03:21:38 - tabs.video_tab - INFO - Processing video file: E:/xxx/SMXComplete/Vid/signal-2024-09-04-192543.mp4
2024-10-10 03:21:38 - utils.helpers - DEBUG - Output directory already exists: E:/xxx/SMXComplete/Vid\output\frames
2024-10-10 03:21:43 - tabs.video_tab - INFO - Frames extracted to: E:/xxx/SMXComplete/Vid\output\frames
2024-10-10 03:21:43 - tabs.video_tab - INFO - Finished processing dropped video files.
2024-10-10 11:00:58 - utils.logging_config - INFO - Logging setup complete.
2024-10-10 11:00:58 - tabs.audio_tab - INFO - Setting up Audio tab.
2024-10-10 11:00:58 - tabs.audio_tab - INFO - Audio tab setup complete.
2024-10-10 11:00:58 - tabs.image_tab - INFO - Setting up Image tab.
2024-10-10 11:00:58 - tabs.image_tab - INFO - Image tab setup complete.
2024-10-10 11:00:58 - tabs.text_tab - INFO - Setting up Text tab.
2024-10-10 11:00:58 - tabs.text_tab - INFO - Text tab setup complete.
2024-10-10 11:00:58 - tabs.video_tab - INFO - Setting up Video tab.
2024-10-10 11:00:58 - tabs.video_tab - INFO - Video tab setup complete.
2024-10-10 11:01:14 - tabs.video_tab - INFO - Handling dropped video files.
2024-10-10 11:01:14 - tabs.video_tab - INFO - Starting processing for dropped files: ['C:/AI/ComfyUI_windows_portable/ComfyUI/output/2024-10-10/upscaled_model/AD_00001.mp4']
2024-10-10 11:01:14 - tabs.video_tab - INFO - Processing dropped video files.
2024-10-10 11:01:14 - tabs.video_tab - INFO - Processing video file: C:/AI/ComfyUI_windows_portable/ComfyUI/output/2024-10-10/upscaled_model/AD_00001.mp4
2024-10-10 11:01:14 - utils.helpers - INFO - Created output directory: C:/AI/ComfyUI_windows_portable/ComfyUI/output/2024-10-10/upscaled_model\output\frames
2024-10-10 11:01:15 - tabs.video_tab - INFO - Frames extracted to: C:/AI/ComfyUI_windows_portable/ComfyUI/output/2024-10-10/upscaled_model\output\frames
2024-10-10 11:01:15 - tabs.video_tab - INFO - Finished processing dropped video files.
2024-10-10 22:47:50 - utils.logging_config - INFO - Logging setup complete.
2024-10-10 22:47:50 - tabs.audio_tab - INFO - Setting up Audio tab.
2024-10-10 22:47:50 - tabs.audio_tab - INFO - Audio tab setup complete.
2024-10-10 22:47:50 - tabs.image_tab - INFO - Setting up Image tab.
2024-10-10 22:47:50 - tabs.image_tab - INFO - Image tab setup complete.
2024-10-10 22:47:50 - tabs.text_tab - INFO - Setting up Text tab.
2024-10-10 22:47:50 - tabs.text_tab - INFO - Text tab setup complete.
2024-10-10 22:47:50 - tabs.video_tab - INFO - Setting up Video tab.
2024-10-10 22:47:50 - tabs.video_tab - INFO - Video tab setup complete.
2024-10-10 22:48:02 - tabs.audio_tab - INFO - Handling dropped audio files.
2024-10-10 22:48:02 - tabs.audio_tab - INFO - Starting processing for dropped files: ['C:/Users/MikeM/Asylum-Shared/Music/01-Chemistry of Ambience/01 - Cosmic Lounge.wav', 'C:/Users/MikeM/Asylum-Shared/Music/01-Chemistry of Ambience/02 - In With A Whirl.wav', 'C:/Users/MikeM/Asylum-Shared/Music/01-Chemistry of Ambience/03 - fractal universe.wav', 'C:/Users/MikeM/Asylum-Shared/Music/01-Chemistry of Ambience/04 - Midnight Shadow.wav', 'C:/Users/MikeM/Asylum-Shared/Music/01-Chemistry of Ambience/05 - Trickster.wav', 'C:/Users/MikeM/Asylum-Shared/Music/01-Chemistry of Ambience/06 - Digital Consciousness.wav', 'C:/Users/MikeM/Asylum-Shared/Music/01-Chemistry of Ambience/07 - Arabian Night.wav', 'C:/Users/MikeM/Asylum-Shared/Music/01-Chemistry of Ambience/08 - Monkey Business.wav', 'C:/Users/MikeM/Asylum-Shared/Music/01-Chemistry of Ambience/09 - Memory Lapse.wav', 'C:/Users/MikeM/Asylum-Shared/Music/01-Chemistry of Ambience/10 - space.wav', 'C:/Users/MikeM/Asylum-Shared/Music/01-Chemistry of Ambience/11 - Hallucinations.wav']
2024-10-10 22:48:02 - tabs.audio_tab - INFO - Processing dropped audio files.
2024-10-10 22:48:02 - tabs.audio_tab - INFO - Processing audio file: C:/Users/MikeM/Asylum-Shared/Music/01-Chemistry of Ambience/01 - Cosmic Lounge.wav
2024-10-10 22:48:02 - utils.helpers - INFO - Created output directory: C:/Users/MikeM/Asylum-Shared/Music/01-Chemistry of Ambience\output
2024-10-10 22:48:05 - tabs.audio_tab - INFO - Audio saved to: C:/Users/MikeM/Asylum-Shared/Music/01-Chemistry of Ambience\output\01 - Cosmic Lounge_192kbps.mp3
2024-10-10 22:48:05 - tabs.audio_tab - INFO - Processing audio file: C:/Users/MikeM/Asylum-Shared/Music/01-Chemistry of Ambience/02 - In With A Whirl.wav
2024-10-10 22:48:05 - utils.helpers - DEBUG - Output directory already exists: C:/Users/MikeM/Asylum-Shared/Music/01-Chemistry of Ambience\output
2024-10-10 22:48:07 - tabs.audio_tab - INFO - Audio saved to: C:/Users/MikeM/Asylum-Shared/Music/01-Chemistry of Ambience\output\02 - In With A Whirl_192kbps.mp3
2024-10-10 22:48:07 - tabs.audio_tab - INFO - Processing audio file: C:/Users/MikeM/Asylum-Shared/Music/01-Chemistry of Ambience/03 - fractal universe.wav
2024-10-10 22:48:07 - utils.helpers - DEBUG - Output directory already exists: C:/Users/MikeM/Asylum-Shared/Music/01-Chemistry of Ambience\output
2024-10-10 22:48:10 - tabs.audio_tab - INFO - Audio saved to: C:/Users/MikeM/Asylum-Shared/Music/01-Chemistry of Ambience\output\03 - fractal universe_192kbps.mp3
2024-10-10 22:48:10 - tabs.audio_tab - INFO - Processing audio file: C:/Users/MikeM/Asylum-Shared/Music/01-Chemistry of Ambience/04 - Midnight Shadow.wav
2024-10-10 22:48:10 - utils.helpers - DEBUG - Output directory already exists: C:/Users/MikeM/Asylum-Shared/Music/01-Chemistry of Ambience\output
2024-10-10 22:48:14 - tabs.audio_tab - INFO - Audio saved to: C:/Users/MikeM/Asylum-Shared/Music/01-Chemistry of Ambience\output\04 - Midnight Shadow_192kbps.mp3
2024-10-10 22:48:14 - tabs.audio_tab - INFO - Processing audio file: C:/Users/MikeM/Asylum-Shared/Music/01-Chemistry of Ambience/05 - Trickster.wav
2024-10-10 22:48:14 - utils.helpers - DEBUG - Output directory already exists: C:/Users/MikeM/Asylum-Shared/Music/01-Chemistry of Ambience\output
2024-10-10 22:48:16 - tabs.audio_tab - INFO - Audio saved to: C:/Users/MikeM/Asylum-Shared/Music/01-Chemistry of Ambience\output\05 - Trickster_192kbps.mp3
2024-10-10 22:48:16 - tabs.audio_tab - INFO - Processing audio file: C:/Users/MikeM/Asylum-Shared/Music/01-Chemistry of Ambience/06 - Digital Consciousness.wav
2024-10-10 22:48:16 - utils.helpers - DEBUG - Output directory already exists: C:/Users/MikeM/Asylum-Shared/Music/01-Chemistry of Ambience\output
2024-10-10 22:48:19 - tabs.audio_tab - INFO - Audio saved to: C:/Users/MikeM/Asylum-Shared/Music/01-Chemistry of Ambience\output\06 - Digital Consciousness_192kbps.mp3
2024-10-10 22:48:19 - tabs.audio_tab - INFO - Processing audio file: C:/Users/MikeM/Asylum-Shared/Music/01-Chemistry of Ambience/07 - Arabian Night.wav
2024-10-10 22:48:19 - utils.helpers - DEBUG - Output directory already exists: C:/Users/MikeM/Asylum-Shared/Music/01-Chemistry of Ambience\output
2024-10-10 22:48:21 - tabs.audio_tab - INFO - Audio saved to: C:/Users/MikeM/Asylum-Shared/Music/01-Chemistry of Ambience\output\07 - Arabian Night_192kbps.mp3
2024-10-10 22:48:21 - tabs.audio_tab - INFO - Processing audio file: C:/Users/MikeM/Asylum-Shared/Music/01-Chemistry of Ambience/08 - Monkey Business.wav
2024-10-10 22:48:21 - utils.helpers - DEBUG - Output directory already exists: C:/Users/MikeM/Asylum-Shared/Music/01-Chemistry of Ambience\output
2024-10-10 22:48:25 - tabs.audio_tab - INFO - Audio saved to: C:/Users/MikeM/Asylum-Shared/Music/01-Chemistry of Ambience\output\08 - Monkey Business_192kbps.mp3
2024-10-10 22:48:25 - tabs.audio_tab - INFO - Processing audio file: C:/Users/MikeM/Asylum-Shared/Music/01-Chemistry of Ambience/09 - Memory Lapse.wav
2024-10-10 22:48:25 - utils.helpers - DEBUG - Output directory already exists: C:/Users/MikeM/Asylum-Shared/Music/01-Chemistry of Ambience\output
2024-10-10 22:48:31 - tabs.audio_tab - INFO - Audio saved to: C:/Users/MikeM/Asylum-Shared/Music/01-Chemistry of Ambience\output\09 - Memory Lapse_192kbps.mp3
2024-10-10 22:48:31 - tabs.audio_tab - INFO - Processing audio file: C:/Users/MikeM/Asylum-Shared/Music/01-Chemistry of Ambience/10 - space.wav
2024-10-10 22:48:31 - utils.helpers - DEBUG - Output directory already exists: C:/Users/MikeM/Asylum-Shared/Music/01-Chemistry of Ambience\output
2024-10-10 22:48:35 - tabs.audio_tab - INFO - Audio saved to: C:/Users/MikeM/Asylum-Shared/Music/01-Chemistry of Ambience\output\10 - space_192kbps.mp3
2024-10-10 22:48:35 - tabs.audio_tab - INFO - Processing audio file: C:/Users/MikeM/Asylum-Shared/Music/01-Chemistry of Ambience/11 - Hallucinations.wav
2024-10-10 22:48:35 - utils.helpers - DEBUG - Output directory already exists: C:/Users/MikeM/Asylum-Shared/Music/01-Chemistry of Ambience\output
2024-10-10 22:48:36 - tabs.audio_tab - INFO - Audio saved to: C:/Users/MikeM/Asylum-Shared/Music/01-Chemistry of Ambience\output\11 - Hallucinations_192kbps.mp3
2024-10-10 22:48:36 - tabs.audio_tab - INFO - Finished processing dropped audio files.
2024-10-10 22:48:46 - tabs.audio_tab - INFO - Handling dropped audio files.
2024-10-10 22:48:46 - tabs.audio_tab - INFO - Starting processing for dropped files: ['C:/Users/MikeM/Asylum-Shared/Music/02-Gravity Waves/01 - Hallucinations.mp3', 'C:/Users/MikeM/Asylum-Shared/Music/02-Gravity Waves/02 - Solar Eclipse.mp3', 'C:/Users/MikeM/Asylum-Shared/Music/02-Gravity Waves/03 - Higher Vibrations.mp3', 'C:/Users/MikeM/Asylum-Shared/Music/02-Gravity Waves/04 - Hypno Toad.mp3', 'C:/Users/MikeM/Asylum-Shared/Music/02-Gravity Waves/05 - In With A Twirl.mp3', 'C:/Users/MikeM/Asylum-Shared/Music/02-Gravity Waves/06 - Time Dilation.mp3', 'C:/Users/MikeM/Asylum-Shared/Music/02-Gravity Waves/07 - Luigis Heaven.mp3', 'C:/Users/MikeM/Asylum-Shared/Music/02-Gravity Waves/08 - Arabian Night.mp3', 'C:/Users/MikeM/Asylum-Shared/Music/02-Gravity Waves/09 - Cosmic Lounge.mp3', 'C:/Users/MikeM/Asylum-Shared/Music/02-Gravity Waves/10 - Memory Lapse.mp3', 'C:/Users/MikeM/Asylum-Shared/Music/02-Gravity Waves/11 - Wide Asleep.mp3']
2024-10-10 22:48:46 - tabs.audio_tab - INFO - Processing dropped audio files.
2024-10-10 22:48:46 - tabs.audio_tab - INFO - Processing audio file: C:/Users/MikeM/Asylum-Shared/Music/02-Gravity Waves/01 - Hallucinations.mp3
2024-10-10 22:48:46 - utils.helpers - INFO - Created output directory: C:/Users/MikeM/Asylum-Shared/Music/02-Gravity Waves\output
2024-10-10 22:48:47 - tabs.audio_tab - INFO - Audio saved to: C:/Users/MikeM/Asylum-Shared/Music/02-Gravity Waves\output\01 - Hallucinations_192kbps.mp3
2024-10-10 22:48:47 - tabs.audio_tab - INFO - Processing audio file: C:/Users/MikeM/Asylum-Shared/Music/02-Gravity Waves/02 - Solar Eclipse.mp3
2024-10-10 22:48:47 - utils.helpers - DEBUG - Output directory already exists: C:/Users/MikeM/Asylum-Shared/Music/02-Gravity Waves\output
2024-10-10 22:48:50 - tabs.audio_tab - INFO - Audio saved to: C:/Users/MikeM/Asylum-Shared/Music/02-Gravity Waves\output\02 - Solar Eclipse_192kbps.mp3
2024-10-10 22:48:50 - tabs.audio_tab - INFO - Processing audio file: C:/Users/MikeM/Asylum-Shared/Music/02-Gravity Waves/03 - Higher Vibrations.mp3
2024-10-10 22:48:50 - utils.helpers - DEBUG - Output directory already exists: C:/Users/MikeM/Asylum-Shared/Music/02-Gravity Waves\output
2024-10-10 22:48:52 - tabs.audio_tab - INFO - Audio saved to: C:/Users/MikeM/Asylum-Shared/Music/02-Gravity Waves\output\03 - Higher Vibrations_192kbps.mp3
2024-10-10 22:48:52 - tabs.audio_tab - INFO - Processing audio file: C:/Users/MikeM/Asylum-Shared/Music/02-Gravity Waves/04 - Hypno Toad.mp3
2024-10-10 22:48:52 - utils.helpers - DEBUG - Output directory already exists: C:/Users/MikeM/Asylum-Shared/Music/02-Gravity Waves\output
2024-10-10 22:48:55 - tabs.audio_tab - INFO - Audio saved to: C:/Users/MikeM/Asylum-Shared/Music/02-Gravity Waves\output\04 - Hypno Toad_192kbps.mp3
2024-10-10 22:48:55 - tabs.audio_tab - INFO - Processing audio file: C:/Users/MikeM/Asylum-Shared/Music/02-Gravity Waves/05 - In With A Twirl.mp3
2024-10-10 22:48:55 - utils.helpers - DEBUG - Output directory already exists: C:/Users/MikeM/Asylum-Shared/Music/02-Gravity Waves\output
2024-10-10 22:48:57 - tabs.audio_tab - INFO - Audio saved to: C:/Users/MikeM/Asylum-Shared/Music/02-Gravity Waves\output\05 - In With A Twirl_192kbps.mp3
2024-10-10 22:48:57 - tabs.audio_tab - INFO - Processing audio file: C:/Users/MikeM/Asylum-Shared/Music/02-Gravity Waves/06 - Time Dilation.mp3
2024-10-10 22:48:57 - utils.helpers - DEBUG - Output directory already exists: C:/Users/MikeM/Asylum-Shared/Music/02-Gravity Waves\output
2024-10-10 22:48:58 - tabs.audio_tab - INFO - Audio saved to: C:/Users/MikeM/Asylum-Shared/Music/02-Gravity Waves\output\06 - Time Dilation_192kbps.mp3
2024-10-10 22:48:58 - tabs.audio_tab - INFO - Processing audio file: C:/Users/MikeM/Asylum-Shared/Music/02-Gravity Waves/07 - Luigis Heaven.mp3
2024-10-10 22:48:58 - utils.helpers - DEBUG - Output directory already exists: C:/Users/MikeM/Asylum-Shared/Music/02-Gravity Waves\output
2024-10-10 22:49:01 - tabs.audio_tab - INFO - Audio saved to: C:/Users/MikeM/Asylum-Shared/Music/02-Gravity Waves\output\07 - Luigis Heaven_192kbps.mp3
2024-10-10 22:49:01 - tabs.audio_tab - INFO - Processing audio file: C:/Users/MikeM/Asylum-Shared/Music/02-Gravity Waves/08 - Arabian Night.mp3
2024-10-10 22:49:01 - utils.helpers - DEBUG - Output directory already exists: C:/Users/MikeM/Asylum-Shared/Music/02-Gravity Waves\output
2024-10-10 22:49:02 - tabs.audio_tab - INFO - Audio saved to: C:/Users/MikeM/Asylum-Shared/Music/02-Gravity Waves\output\08 - Arabian Night_192kbps.mp3
2024-10-10 22:49:02 - tabs.audio_tab - INFO - Processing audio file: C:/Users/MikeM/Asylum-Shared/Music/02-Gravity Waves/09 - Cosmic Lounge.mp3
2024-10-10 22:49:02 - utils.helpers - DEBUG - Output directory already exists: C:/Users/MikeM/Asylum-Shared/Music/02-Gravity Waves\output
2024-10-10 22:49:04 - tabs.audio_tab - INFO - Audio saved to: C:/Users/MikeM/Asylum-Shared/Music/02-Gravity Waves\output\09 - Cosmic Lounge_192kbps.mp3
2024-10-10 22:49:04 - tabs.audio_tab - INFO - Processing audio file: C:/Users/MikeM/Asylum-Shared/Music/02-Gravity Waves/10 - Memory Lapse.mp3
2024-10-10 22:49:04 - utils.helpers - DEBUG - Output directory already exists: C:/Users/MikeM/Asylum-Shared/Music/02-Gravity Waves\output
2024-10-10 22:49:11 - tabs.audio_tab - INFO - Audio saved to: C:/Users/MikeM/Asylum-Shared/Music/02-Gravity Waves\output\10 - Memory Lapse_192kbps.mp3
2024-10-10 22:49:11 - tabs.audio_tab - INFO - Processing audio file: C:/Users/MikeM/Asylum-Shared/Music/02-Gravity Waves/11 - Wide Asleep.mp3
2024-10-10 22:49:11 - utils.helpers - DEBUG - Output directory already exists: C:/Users/MikeM/Asylum-Shared/Music/02-Gravity Waves\output
2024-10-10 22:49:13 - tabs.audio_tab - INFO - Audio saved to: C:/Users/MikeM/Asylum-Shared/Music/02-Gravity Waves\output\11 - Wide Asleep_192kbps.mp3
2024-10-10 22:49:13 - tabs.audio_tab - INFO - Finished processing dropped audio files.
2024-10-11 02:17:30 - tabs.video_tab - INFO - Handling dropped video files.
2024-10-11 02:17:30 - tabs.video_tab - INFO - Starting processing for dropped files: ['C:/AI/ComfyUI_windows_portable/ComfyUI/output/2024-10-11/upscaled_model/AD_00007.mp4']
2024-10-11 02:17:30 - tabs.video_tab - INFO - Processing dropped video files.
2024-10-11 02:17:30 - tabs.video_tab - INFO - Processing video file: C:/AI/ComfyUI_windows_portable/ComfyUI/output/2024-10-11/upscaled_model/AD_00007.mp4
2024-10-11 02:17:30 - utils.helpers - INFO - Created output directory: C:/AI/ComfyUI_windows_portable/ComfyUI/output/2024-10-11/upscaled_model\output\frames
2024-10-11 02:17:31 - tabs.video_tab - INFO - Frames extracted to: C:/AI/ComfyUI_windows_portable/ComfyUI/output/2024-10-11/upscaled_model\output\frames
2024-10-11 02:17:31 - tabs.video_tab - INFO - Finished processing dropped video files.
2024-10-11 02:28:21 - tabs.video_tab - INFO - Handling dropped video files.
2024-10-11 02:28:21 - tabs.video_tab - INFO - Starting processing for dropped files: ['C:/AI/ComfyUI_windows_portable/ComfyUI/output/2024-10-11/upscaled_model/AD_00009.mp4']
2024-10-11 02:28:21 - tabs.video_tab - INFO - Processing dropped video files.
2024-10-11 02:28:21 - tabs.video_tab - INFO - Processing video file: C:/AI/ComfyUI_windows_portable/ComfyUI/output/2024-10-11/upscaled_model/AD_00009.mp4
2024-10-11 02:28:21 - utils.helpers - DEBUG - Output directory already exists: C:/AI/ComfyUI_windows_portable/ComfyUI/output/2024-10-11/upscaled_model\output\frames
2024-10-11 02:28:22 - tabs.video_tab - INFO - Frames extracted to: C:/AI/ComfyUI_windows_portable/ComfyUI/output/2024-10-11/upscaled_model\output\frames
2024-10-11 02:28:22 - tabs.video_tab - INFO - Finished processing dropped video files.
2024-10-11 02:33:29 - tabs.video_tab - INFO - Handling dropped video files.
2024-10-11 02:33:29 - tabs.video_tab - INFO - Starting processing for dropped files: ['C:/AI/ComfyUI_windows_portable/ComfyUI/output/2024-10-11/upscaled_model/AD_00009.mp4']
2024-10-11 02:33:29 - tabs.video_tab - INFO - Processing dropped video files.
2024-10-11 02:33:29 - tabs.video_tab - INFO - Processing video file: C:/AI/ComfyUI_windows_portable/ComfyUI/output/2024-10-11/upscaled_model/AD_00009.mp4
2024-10-11 02:33:29 - utils.helpers - DEBUG - Output directory already exists: C:/AI/ComfyUI_windows_portable/ComfyUI/output/2024-10-11/upscaled_model\output\frames
2024-10-11 02:33:30 - tabs.video_tab - INFO - Frames extracted to: C:/AI/ComfyUI_windows_portable/ComfyUI/output/2024-10-11/upscaled_model\output\frames
2024-10-11 02:33:30 - tabs.video_tab - INFO - Finished processing dropped video files.
2024-10-11 02:37:15 - tabs.video_tab - INFO - Handling dropped video files.
2024-10-11 02:37:15 - tabs.video_tab - INFO - Starting processing for dropped files: ['C:/AI/ComfyUI_windows_portable/ComfyUI/output/2024-10-11/upscaled_model/AD_00010.mp4']
2024-10-11 02:37:15 - tabs.video_tab - INFO - Processing dropped video files.
2024-10-11 02:37:15 - tabs.video_tab - INFO - Processing video file: C:/AI/ComfyUI_windows_portable/ComfyUI/output/2024-10-11/upscaled_model/AD_00010.mp4
2024-10-11 02:37:15 - utils.helpers - DEBUG - Output directory already exists: C:/AI/ComfyUI_windows_portable/ComfyUI/output/2024-10-11/upscaled_model\output\frames
2024-10-11 02:37:16 - tabs.video_tab - INFO - Frames extracted to: C:/AI/ComfyUI_windows_portable/ComfyUI/output/2024-10-11/upscaled_model\output\frames
2024-10-11 02:37:16 - tabs.video_tab - INFO - Finished processing dropped video files.
2024-10-11 02:42:27 - tabs.video_tab - INFO - Handling dropped video files.
2024-10-11 02:42:27 - tabs.video_tab - INFO - Starting processing for dropped files: ['C:/AI/ComfyUI_windows_portable/ComfyUI/output/2024-10-11/upscaled_model/AD_00011.mp4']
2024-10-11 02:42:27 - tabs.video_tab - INFO - Processing dropped video files.
2024-10-11 02:42:27 - tabs.video_tab - INFO - Processing video file: C:/AI/ComfyUI_windows_portable/ComfyUI/output/2024-10-11/upscaled_model/AD_00011.mp4
2024-10-11 02:42:27 - utils.helpers - DEBUG - Output directory already exists: C:/AI/ComfyUI_windows_portable/ComfyUI/output/2024-10-11/upscaled_model\output\frames
2024-10-11 02:42:28 - tabs.video_tab - INFO - Frames extracted to: C:/AI/ComfyUI_windows_portable/ComfyUI/output/2024-10-11/upscaled_model\output\frames
2024-10-11 02:42:28 - tabs.video_tab - INFO - Finished processing dropped video files.
2024-10-11 02:43:00 - tabs.video_tab - INFO - Handling dropped video files.
2024-10-11 02:43:00 - tabs.video_tab - INFO - Starting processing for dropped files: ['C:/AI/ComfyUI_windows_portable/ComfyUI/output/2024-10-11/upscaled_model/AD_00011.mp4']
2024-10-11 02:43:00 - tabs.video_tab - INFO - Processing dropped video files.
2024-10-11 02:43:00 - tabs.video_tab - INFO - Processing video file: C:/AI/ComfyUI_windows_portable/ComfyUI/output/2024-10-11/upscaled_model/AD_00011.mp4
2024-10-11 02:43:00 - utils.helpers - DEBUG - Output directory already exists: C:/AI/ComfyUI_windows_portable/ComfyUI/output/2024-10-11/upscaled_model\output\frames
2024-10-11 02:43:01 - tabs.video_tab - INFO - Frames extracted to: C:/AI/ComfyUI_windows_portable/ComfyUI/output/2024-10-11/upscaled_model\output\frames
2024-10-11 02:43:01 - tabs.video_tab - INFO - Finished processing dropped video files.
2024-10-11 02:52:46 - tabs.video_tab - INFO - Handling dropped video files.
2024-10-11 02:52:46 - tabs.video_tab - INFO - Starting processing for dropped files: ['C:/AI/ComfyUI_windows_portable/ComfyUI/output/2024-10-11/upscaled_model/AD_00012.mp4']
2024-10-11 02:52:46 - tabs.video_tab - INFO - Processing dropped video files.
2024-10-11 02:52:46 - tabs.video_tab - INFO - Processing video file: C:/AI/ComfyUI_windows_portable/ComfyUI/output/2024-10-11/upscaled_model/AD_00012.mp4
2024-10-11 02:52:46 - utils.helpers - DEBUG - Output directory already exists: C:/AI/ComfyUI_windows_portable/ComfyUI/output/2024-10-11/upscaled_model\output\frames
2024-10-11 02:52:47 - tabs.video_tab - INFO - Frames extracted to: C:/AI/ComfyUI_windows_portable/ComfyUI/output/2024-10-11/upscaled_model\output\frames
2024-10-11 02:52:47 - tabs.video_tab - INFO - Finished processing dropped video files.
2024-10-11 03:10:16 - tabs.video_tab - INFO - Handling dropped video files.
2024-10-11 03:10:16 - tabs.video_tab - INFO - Starting processing for dropped files: ['C:/AI/ComfyUI_windows_portable/ComfyUI/output/2024-10-11/upscaled_model/AD_00013.mp4']
2024-10-11 03:10:16 - tabs.video_tab - INFO - Processing dropped video files.
2024-10-11 03:10:16 - tabs.video_tab - INFO - Processing video file: C:/AI/ComfyUI_windows_portable/ComfyUI/output/2024-10-11/upscaled_model/AD_00013.mp4
2024-10-11 03:10:16 - utils.helpers - DEBUG - Output directory already exists: C:/AI/ComfyUI_windows_portable/ComfyUI/output/2024-10-11/upscaled_model\output\frames
2024-10-11 03:10:17 - tabs.video_tab - INFO - Frames extracted to: C:/AI/ComfyUI_windows_portable/ComfyUI/output/2024-10-11/upscaled_model\output\frames
2024-10-11 03:10:17 - tabs.video_tab - INFO - Finished processing dropped video files.
2024-10-11 06:06:39 - utils.logging_config - INFO - Logging setup complete.
2024-10-11 06:06:39 - tabs.audio_tab - INFO - Setting up Audio tab.
2024-10-11 06:06:39 - tabs.audio_tab - INFO - Audio tab setup complete.
2024-10-11 06:06:39 - tabs.image_tab - INFO - Setting up Image tab.
2024-10-11 06:06:39 - tabs.image_tab - INFO - Image tab setup complete.
2024-10-11 06:06:39 - tabs.text_tab - INFO - Setting up Text tab.
2024-10-11 06:06:39 - tabs.text_tab - INFO - Text tab setup complete.
2024-10-11 06:06:39 - tabs.video_tab - INFO - Setting up Video tab.
2024-10-11 06:06:39 - tabs.video_tab - INFO - Video tab setup complete.
2024-10-11 06:07:00 - tabs.audio_tab - INFO - Handling dropped audio files.
2024-10-11 06:07:00 - tabs.audio_tab - INFO - Starting processing for dropped files: ['M:/Music/Rekordbox_Recordings/DJ Mortl/Mortl_240816_Minimix_(Mastered).flac']
2024-10-11 06:07:00 - tabs.audio_tab - INFO - Processing dropped audio files.
2024-10-11 06:07:00 - tabs.audio_tab - INFO - Processing audio file: M:/Music/Rekordbox_Recordings/DJ Mortl/Mortl_240816_Minimix_(Mastered).flac
2024-10-11 06:07:00 - utils.helpers - INFO - Created output directory: M:/Music/Rekordbox_Recordings/DJ Mortl\output
2024-10-11 06:07:11 - tabs.audio_tab - INFO - Audio saved to: M:/Music/Rekordbox_Recordings/DJ Mortl\output\Mortl_240816_Minimix_(Mastered)_192kbps.mp3
2024-10-11 06:07:11 - tabs.audio_tab - INFO - Finished processing dropped audio files.
2024-10-11 06:34:15 - tabs.audio_tab - INFO - Handling dropped audio files.
2024-10-11 06:34:15 - tabs.audio_tab - INFO - Starting processing for dropped files: ['M:/Music/Rekordbox_Recordings/DJ Mortl/Mortl_240922_finding_a_groove_(Master).mp3']
2024-10-11 06:34:15 - tabs.audio_tab - INFO - Processing dropped audio files.
2024-10-11 06:34:15 - tabs.audio_tab - INFO - Processing audio file: M:/Music/Rekordbox_Recordings/DJ Mortl/Mortl_240922_finding_a_groove_(Master).mp3
2024-10-11 06:34:15 - utils.helpers - DEBUG - Output directory already exists: M:/Music/Rekordbox_Recordings/DJ Mortl\output
2024-10-11 06:35:02 - tabs.audio_tab - INFO - Audio saved to: M:/Music/Rekordbox_Recordings/DJ Mortl\output\Mortl_240922_finding_a_groove_(Master)_192kbps.mp3
2024-10-11 06:35:02 - tabs.audio_tab - INFO - Finished processing dropped audio files.
2024-10-13 13:58:53 - utils.logging_config - INFO - Logging setup complete.
2024-10-13 13:58:53 - tabs.audio_tab - INFO - Setting up Audio tab.
2024-10-13 13:58:53 - tabs.audio_tab - INFO - Audio tab setup complete.
2024-10-13 13:58:53 - tabs.image_tab - INFO - Setting up Image tab.
2024-10-13 13:58:53 - tabs.image_tab - INFO - Image tab setup complete.
2024-10-13 13:58:53 - tabs.text_tab - INFO - Setting up Text tab.
2024-10-13 13:58:53 - tabs.text_tab - INFO - Text tab setup complete.
2024-10-13 13:58:53 - tabs.video_tab - INFO - Setting up Video tab.
2024-10-13 13:58:53 - tabs.video_tab - INFO - Video tab setup complete.
2024-10-13 13:59:08 - tabs.audio_tab - INFO - Handling dropped audio files.
2024-10-13 13:59:08 - tabs.audio_tab - INFO - Starting processing for dropped files: ['E:/Weekdays_at_Kaylas/mic/Kaylala_BRS_240926_Where_Psytrance_01_(Mastered).flac']
2024-10-13 13:59:08 - tabs.audio_tab - INFO - Processing dropped audio files.
2024-10-13 13:59:08 - tabs.audio_tab - INFO - Processing audio file: E:/Weekdays_at_Kaylas/mic/Kaylala_BRS_240926_Where_Psytrance_01_(Mastered).flac
2024-10-13 13:59:08 - utils.helpers - INFO - Created output directory: E:/Weekdays_at_Kaylas/mic\output
2024-10-13 14:00:30 - tabs.audio_tab - INFO - Audio saved to: E:/Weekdays_at_Kaylas/mic\output\Kaylala_BRS_240926_Where_Psytrance_01_(Mastered)_192kbps.mp3
2024-10-13 14:00:30 - tabs.audio_tab - INFO - Finished processing dropped audio files.
2024-10-13 15:40:49 - tabs.image_tab - INFO - Handling dropped image files.
2024-10-13 15:40:49 - tabs.image_tab - INFO - Starting processing for dropped files: ['C:/Users/MikeM/OneDrive/Desktop/planets and sun/Giga-1_sun-3306635850-low resolution v2-2x.png', 'C:/Users/MikeM/OneDrive/Desktop/planets and sun/Giga-6bf4bc31ee296f329d38671d6b2c0573-low resolution v2-2x.png', 'C:/Users/MikeM/OneDrive/Desktop/planets and sun/Giga-1685_4096x4096-3442469309-standard v2-2x.png', 'C:/Users/MikeM/OneDrive/Desktop/planets and sun/Giga-Earth_6c8e2055-a159-4dd2-807b-95a29ee9d168-prv-3464892619-low resolution v2-2x.png', 'C:/Users/MikeM/OneDrive/Desktop/planets and sun/Giga-Fusion-of-Heliossmall-800x800-standard v2-2x.png', 'C:/Users/MikeM/OneDrive/Desktop/planets and sun/Giga-kvRMUYHhrsmmXoTAPgZ85N-standard v2-2x.png', 'C:/Users/MikeM/OneDrive/Desktop/planets and sun/Giga-other-side-of-the-sun-3911905072-low resolution v2-2x.png', 'C:/Users/MikeM/OneDrive/Desktop/planets and sun/Giga-shutterstock_1468418714-45481189-standard v2-2x.png', 'C:/Users/MikeM/OneDrive/Desktop/planets and sun/Giga-The_Sun_in_high_resolution_pillars-1963961040-standard v2-2x.png', 'C:/Users/MikeM/OneDrive/Desktop/planets and sun/sun stock (3).jpg']
2024-10-13 15:40:49 - tabs.image_tab - INFO - Processing dropped image files.
2024-10-13 15:40:49 - tabs.image_tab - INFO - Processing image: C:/Users/MikeM/OneDrive/Desktop/planets and sun/Giga-1_sun-3306635850-low resolution v2-2x.png
2024-10-13 15:40:50 - PIL.PngImagePlugin - DEBUG - STREAM b'IHDR' 16 13
2024-10-13 15:40:50 - PIL.PngImagePlugin - DEBUG - STREAM b'oFFs' 41 9
2024-10-13 15:40:50 - PIL.PngImagePlugin - DEBUG - b'oFFs' 41 9 (unknown)
2024-10-13 15:40:50 - PIL.PngImagePlugin - DEBUG - STREAM b'tEXt' 62 21
2024-10-13 15:40:50 - PIL.PngImagePlugin - DEBUG - STREAM b'tEXt' 95 22
2024-10-13 15:40:50 - PIL.PngImagePlugin - DEBUG - STREAM b'tEXt' 129 25
2024-10-13 15:40:50 - PIL.PngImagePlugin - DEBUG - STREAM b'tEXt' 166 24
2024-10-13 15:40:50 - PIL.PngImagePlugin - DEBUG - STREAM b'tEXt' 202 43
2024-10-13 15:40:50 - PIL.PngImagePlugin - DEBUG - STREAM b'pHYs' 257 9
2024-10-13 15:40:50 - PIL.PngImagePlugin - DEBUG - STREAM b'iTXt' 278 1771
2024-10-13 15:40:50 - PIL.PngImagePlugin - DEBUG - STREAM b'eXIf' 2061 86
2024-10-13 15:40:50 - PIL.PngImagePlugin - DEBUG - STREAM b'IDAT' 2159 8192
2024-10-13 15:40:50 - utils.helpers - INFO - Created output directory: C:/Users/MikeM/OneDrive/Desktop/planets and sun\output
2024-10-13 15:40:50 - tabs.image_tab - INFO - Image saved to: C:/Users/MikeM/OneDrive/Desktop/planets and sun\output\Giga-1_sun-3306635850-low resolution v2-2x_resized_1024x1024_sharpened.png
2024-10-13 15:40:50 - tabs.image_tab - INFO - Processing image: C:/Users/MikeM/OneDrive/Desktop/planets and sun/Giga-6bf4bc31ee296f329d38671d6b2c0573-low resolution v2-2x.png
2024-10-13 15:40:50 - PIL.PngImagePlugin - DEBUG - STREAM b'IHDR' 16 13
2024-10-13 15:40:50 - PIL.PngImagePlugin - DEBUG - STREAM b'oFFs' 41 9
2024-10-13 15:40:50 - PIL.PngImagePlugin - DEBUG - b'oFFs' 41 9 (unknown)
2024-10-13 15:40:50 - PIL.PngImagePlugin - DEBUG - STREAM b'tEXt' 62 21
2024-10-13 15:40:50 - PIL.PngImagePlugin - DEBUG - STREAM b'tEXt' 95 22
2024-10-13 15:40:50 - PIL.PngImagePlugin - DEBUG - STREAM b'tEXt' 129 25
2024-10-13 15:40:50 - PIL.PngImagePlugin - DEBUG - STREAM b'tEXt' 166 24
2024-10-13 15:40:50 - PIL.PngImagePlugin - DEBUG - STREAM b'tEXt' 202 43
2024-10-13 15:40:50 - PIL.PngImagePlugin - DEBUG - STREAM b'pHYs' 257 9
2024-10-13 15:40:50 - PIL.PngImagePlugin - DEBUG - STREAM b'iTXt' 278 971
2024-10-13 15:40:50 - PIL.PngImagePlugin - DEBUG - STREAM b'eXIf' 1261 86
2024-10-13 15:40:50 - PIL.PngImagePlugin - DEBUG - STREAM b'IDAT' 1359 8192
2024-10-13 15:40:50 - utils.helpers - DEBUG - Output directory already exists: C:/Users/MikeM/OneDrive/Desktop/planets and sun\output
2024-10-13 15:40:50 - tabs.image_tab - INFO - Image saved to: C:/Users/MikeM/OneDrive/Desktop/planets and sun\output\Giga-6bf4bc31ee296f329d38671d6b2c0573-low resolution v2-2x_resized_1024x1024_sharpened.png
2024-10-13 15:40:50 - tabs.image_tab - INFO - Processing image: C:/Users/MikeM/OneDrive/Desktop/planets and sun/Giga-1685_4096x4096-3442469309-standard v2-2x.png
2024-10-13 15:40:50 - PIL.PngImagePlugin - DEBUG - STREAM b'IHDR' 16 13
2024-10-13 15:40:50 - PIL.PngImagePlugin - DEBUG - STREAM b'oFFs' 41 9
2024-10-13 15:40:50 - PIL.PngImagePlugin - DEBUG - b'oFFs' 41 9 (unknown)
2024-10-13 15:40:50 - PIL.PngImagePlugin - DEBUG - STREAM b'tEXt' 62 21
2024-10-13 15:40:50 - PIL.PngImagePlugin - DEBUG - STREAM b'tEXt' 95 22
2024-10-13 15:40:50 - PIL.PngImagePlugin - DEBUG - STREAM b'tEXt' 129 25
2024-10-13 15:40:50 - PIL.PngImagePlugin - DEBUG - STREAM b'tEXt' 166 24
2024-10-13 15:40:50 - PIL.PngImagePlugin - DEBUG - STREAM b'tEXt' 202 43
2024-10-13 15:40:50 - PIL.PngImagePlugin - DEBUG - STREAM b'tEXt' 257 21
2024-10-13 15:40:50 - PIL.PngImagePlugin - DEBUG - STREAM b'tEXt' 290 37
2024-10-13 15:40:50 - PIL.PngImagePlugin - DEBUG - STREAM b'tIME' 339 7
2024-10-13 15:40:50 - PIL.PngImagePlugin - DEBUG - b'tIME' 339 7 (unknown)
2024-10-13 15:40:50 - PIL.PngImagePlugin - DEBUG - STREAM b'zTXt' 358 88
2024-10-13 15:40:50 - PIL.PngImagePlugin - DEBUG - STREAM b'pHYs' 458 9
2024-10-13 15:40:50 - PIL.PngImagePlugin - DEBUG - STREAM b'iTXt' 479 3004
2024-10-13 15:40:50 - PIL.PngImagePlugin - DEBUG - STREAM b'eXIf' 3495 7110
2024-10-13 15:40:50 - PIL.PngImagePlugin - DEBUG - STREAM b'IDAT' 10617 8192
2024-10-13 15:40:52 - utils.helpers - DEBUG - Output directory already exists: C:/Users/MikeM/OneDrive/Desktop/planets and sun\output
2024-10-13 15:40:52 - tabs.image_tab - INFO - Image saved to: C:/Users/MikeM/OneDrive/Desktop/planets and sun\output\Giga-1685_4096x4096-3442469309-standard v2-2x_resized_1024x1024_sharpened.png
2024-10-13 15:40:52 - tabs.image_tab - INFO - Processing image: C:/Users/MikeM/OneDrive/Desktop/planets and sun/Giga-Earth_6c8e2055-a159-4dd2-807b-95a29ee9d168-prv-3464892619-low resolution v2-2x.png
2024-10-13 15:40:52 - PIL.PngImagePlugin - DEBUG - STREAM b'IHDR' 16 13
2024-10-13 15:40:52 - PIL.PngImagePlugin - DEBUG - STREAM b'oFFs' 41 9
2024-10-13 15:40:52 - PIL.PngImagePlugin - DEBUG - b'oFFs' 41 9 (unknown)
2024-10-13 15:40:52 - PIL.PngImagePlugin - DEBUG - STREAM b'tEXt' 62 21
2024-10-13 15:40:52 - PIL.PngImagePlugin - DEBUG - STREAM b'tEXt' 95 22
2024-10-13 15:40:52 - PIL.PngImagePlugin - DEBUG - STREAM b'tEXt' 129 25
2024-10-13 15:40:52 - PIL.PngImagePlugin - DEBUG - STREAM b'tEXt' 166 24
2024-10-13 15:40:52 - PIL.PngImagePlugin - DEBUG - STREAM b'tEXt' 202 43
2024-10-13 15:40:52 - PIL.PngImagePlugin - DEBUG - STREAM b'tEXt' 257 37
2024-10-13 15:40:52 - PIL.PngImagePlugin - DEBUG - STREAM b'tIME' 306 7
2024-10-13 15:40:52 - PIL.PngImagePlugin - DEBUG - b'tIME' 306 7 (unknown)
2024-10-13 15:40:52 - PIL.PngImagePlugin - DEBUG - STREAM b'zTXt' 325 88
2024-10-13 15:40:52 - PIL.PngImagePlugin - DEBUG - STREAM b'pHYs' 425 9
2024-10-13 15:40:52 - PIL.PngImagePlugin - DEBUG - STREAM b'iTXt' 446 2305
2024-10-13 15:40:52 - PIL.PngImagePlugin - DEBUG - STREAM b'eXIf' 2763 8880
2024-10-13 15:40:52 - PIL.PngImagePlugin - DEBUG - STREAM b'IDAT' 11655 8192
2024-10-13 15:40:52 - utils.helpers - DEBUG - Output directory already exists: C:/Users/MikeM/OneDrive/Desktop/planets and sun\output
2024-10-13 15:40:52 - tabs.image_tab - INFO - Image saved to: C:/Users/MikeM/OneDrive/Desktop/planets and sun\output\Giga-Earth_6c8e2055-a159-4dd2-807b-95a29ee9d168-prv-3464892619-low resolution v2-2x_resized_1024x1024_sharpened.png
2024-10-13 15:40:52 - tabs.image_tab - INFO - Processing image: C:/Users/MikeM/OneDrive/Desktop/planets and sun/Giga-Fusion-of-Heliossmall-800x800-standard v2-2x.png
2024-10-13 15:40:52 - PIL.PngImagePlugin - DEBUG - STREAM b'IHDR' 16 13
2024-10-13 15:40:52 - PIL.PngImagePlugin - DEBUG - STREAM b'oFFs' 41 9
2024-10-13 15:40:52 - PIL.PngImagePlugin - DEBUG - b'oFFs' 41 9 (unknown)
2024-10-13 15:40:52 - PIL.PngImagePlugin - DEBUG - STREAM b'tEXt' 62 21
2024-10-13 15:40:52 - PIL.PngImagePlugin - DEBUG - STREAM b'tEXt' 95 22
2024-10-13 15:40:52 - PIL.PngImagePlugin - DEBUG - STREAM b'tEXt' 129 25
2024-10-13 15:40:52 - PIL.PngImagePlugin - DEBUG - STREAM b'tEXt' 166 24
2024-10-13 15:40:52 - PIL.PngImagePlugin - DEBUG - STREAM b'tEXt' 202 43
2024-10-13 15:40:52 - PIL.PngImagePlugin - DEBUG - STREAM b'pHYs' 257 9
2024-10-13 15:40:52 - PIL.PngImagePlugin - DEBUG - STREAM b'iTXt' 278 969
2024-10-13 15:40:52 - PIL.PngImagePlugin - DEBUG - STREAM b'eXIf' 1259 86
2024-10-13 15:40:52 - PIL.PngImagePlugin - DEBUG - STREAM b'IDAT' 1357 8192
2024-10-13 15:40:53 - utils.helpers - DEBUG - Output directory already exists: C:/Users/MikeM/OneDrive/Desktop/planets and sun\output
2024-10-13 15:40:53 - tabs.image_tab - INFO - Image saved to: C:/Users/MikeM/OneDrive/Desktop/planets and sun\output\Giga-Fusion-of-Heliossmall-800x800-standard v2-2x_resized_1024x1024_sharpened.png
2024-10-13 15:40:53 - tabs.image_tab - INFO - Processing image: C:/Users/MikeM/OneDrive/Desktop/planets and sun/Giga-kvRMUYHhrsmmXoTAPgZ85N-standard v2-2x.png
2024-10-13 15:40:53 - PIL.PngImagePlugin - DEBUG - STREAM b'IHDR' 16 13
2024-10-13 15:40:53 - PIL.PngImagePlugin - DEBUG - STREAM b'oFFs' 41 9
2024-10-13 15:40:53 - PIL.PngImagePlugin - DEBUG - b'oFFs' 41 9 (unknown)
2024-10-13 15:40:53 - PIL.PngImagePlugin - DEBUG - STREAM b'tEXt' 62 21
2024-10-13 15:40:53 - PIL.PngImagePlugin - DEBUG - STREAM b'tEXt' 95 22
2024-10-13 15:40:53 - PIL.PngImagePlugin - DEBUG - STREAM b'tEXt' 129 25
2024-10-13 15:40:53 - PIL.PngImagePlugin - DEBUG - STREAM b'tEXt' 166 24
2024-10-13 15:40:53 - PIL.PngImagePlugin - DEBUG - STREAM b'tEXt' 202 43
2024-10-13 15:40:53 - PIL.PngImagePlugin - DEBUG - STREAM b'tEXt' 257 37
2024-10-13 15:40:53 - PIL.PngImagePlugin - DEBUG - STREAM b'tIME' 306 7
2024-10-13 15:40:53 - PIL.PngImagePlugin - DEBUG - b'tIME' 306 7 (unknown)
2024-10-13 15:40:53 - PIL.PngImagePlugin - DEBUG - STREAM b'zTXt' 325 88
2024-10-13 15:40:53 - PIL.PngImagePlugin - DEBUG - STREAM b'pHYs' 425 9
2024-10-13 15:40:53 - PIL.PngImagePlugin - DEBUG - STREAM b'iTXt' 446 2600
2024-10-13 15:40:53 - PIL.PngImagePlugin - DEBUG - STREAM b'eXIf' 3058 5248
2024-10-13 15:40:53 - PIL.PngImagePlugin - DEBUG - STREAM b'IDAT' 8318 8192
2024-10-13 15:40:53 - utils.helpers - DEBUG - Output directory already exists: C:/Users/MikeM/OneDrive/Desktop/planets and sun\output
2024-10-13 15:40:53 - tabs.image_tab - INFO - Image saved to: C:/Users/MikeM/OneDrive/Desktop/planets and sun\output\Giga-kvRMUYHhrsmmXoTAPgZ85N-standard v2-2x_resized_1024x1024_sharpened.png
2024-10-13 15:40:53 - tabs.image_tab - INFO - Processing image: C:/Users/MikeM/OneDrive/Desktop/planets and sun/Giga-other-side-of-the-sun-3911905072-low resolution v2-2x.png
2024-10-13 15:40:53 - PIL.PngImagePlugin - DEBUG - STREAM b'IHDR' 16 13
2024-10-13 15:40:53 - PIL.PngImagePlugin - DEBUG - STREAM b'oFFs' 41 9
2024-10-13 15:40:53 - PIL.PngImagePlugin - DEBUG - b'oFFs' 41 9 (unknown)
2024-10-13 15:40:53 - PIL.PngImagePlugin - DEBUG - STREAM b'tEXt' 62 21
2024-10-13 15:40:53 - PIL.PngImagePlugin - DEBUG - STREAM b'tEXt' 95 22
2024-10-13 15:40:53 - PIL.PngImagePlugin - DEBUG - STREAM b'tEXt' 129 25
2024-10-13 15:40:53 - PIL.PngImagePlugin - DEBUG - STREAM b'tEXt' 166 24
2024-10-13 15:40:53 - PIL.PngImagePlugin - DEBUG - STREAM b'tEXt' 202 43
2024-10-13 15:40:53 - PIL.PngImagePlugin - DEBUG - STREAM b'tEXt' 257 21
2024-10-13 15:40:53 - PIL.PngImagePlugin - DEBUG - STREAM b'tEXt' 290 37
2024-10-13 15:40:53 - PIL.PngImagePlugin - DEBUG - STREAM b'tIME' 339 7
2024-10-13 15:40:53 - PIL.PngImagePlugin - DEBUG - b'tIME' 339 7 (unknown)
2024-10-13 15:40:53 - PIL.PngImagePlugin - DEBUG - STREAM b'zTXt' 358 88
2024-10-13 15:40:53 - PIL.PngImagePlugin - DEBUG - STREAM b'pHYs' 458 9
2024-10-13 15:40:53 - PIL.PngImagePlugin - DEBUG - STREAM b'iTXt' 479 2770
2024-10-13 15:40:53 - PIL.PngImagePlugin - DEBUG - STREAM b'eXIf' 3261 6128
2024-10-13 15:40:53 - PIL.PngImagePlugin - DEBUG - STREAM b'IDAT' 9401 8192
2024-10-13 15:40:53 - utils.helpers - DEBUG - Output directory already exists: C:/Users/MikeM/OneDrive/Desktop/planets and sun\output
2024-10-13 15:40:53 - tabs.image_tab - INFO - Image saved to: C:/Users/MikeM/OneDrive/Desktop/planets and sun\output\Giga-other-side-of-the-sun-3911905072-low resolution v2-2x_resized_1024x1024_sharpened.png
2024-10-13 15:40:53 - tabs.image_tab - INFO - Processing image: C:/Users/MikeM/OneDrive/Desktop/planets and sun/Giga-shutterstock_1468418714-45481189-standard v2-2x.png
2024-10-13 15:40:53 - PIL.PngImagePlugin - DEBUG - STREAM b'IHDR' 16 13
2024-10-13 15:40:53 - PIL.PngImagePlugin - DEBUG - STREAM b'oFFs' 41 9
2024-10-13 15:40:53 - PIL.PngImagePlugin - DEBUG - b'oFFs' 41 9 (unknown)
2024-10-13 15:40:53 - PIL.PngImagePlugin - DEBUG - STREAM b'tEXt' 62 21
2024-10-13 15:40:53 - PIL.PngImagePlugin - DEBUG - STREAM b'tEXt' 95 22
2024-10-13 15:40:53 - PIL.PngImagePlugin - DEBUG - STREAM b'tEXt' 129 25
2024-10-13 15:40:53 - PIL.PngImagePlugin - DEBUG - STREAM b'tEXt' 166 24
2024-10-13 15:40:53 - PIL.PngImagePlugin - DEBUG - STREAM b'tEXt' 202 43
2024-10-13 15:40:53 - PIL.PngImagePlugin - DEBUG - STREAM b'pHYs' 257 9
2024-10-13 15:40:53 - PIL.PngImagePlugin - DEBUG - STREAM b'iTXt' 278 1194
2024-10-13 15:40:53 - PIL.PngImagePlugin - DEBUG - STREAM b'eXIf' 1484 86
2024-10-13 15:40:53 - PIL.PngImagePlugin - DEBUG - STREAM b'IDAT' 1582 8192
2024-10-13 15:40:54 - utils.helpers - DEBUG - Output directory already exists: C:/Users/MikeM/OneDrive/Desktop/planets and sun\output
2024-10-13 15:40:54 - tabs.image_tab - INFO - Image saved to: C:/Users/MikeM/OneDrive/Desktop/planets and sun\output\Giga-shutterstock_1468418714-45481189-standard v2-2x_resized_1024x1024_sharpened.png
2024-10-13 15:40:54 - tabs.image_tab - INFO - Processing image: C:/Users/MikeM/OneDrive/Desktop/planets and sun/Giga-The_Sun_in_high_resolution_pillars-1963961040-standard v2-2x.png
2024-10-13 15:40:54 - PIL.PngImagePlugin - DEBUG - STREAM b'IHDR' 16 13
2024-10-13 15:40:54 - PIL.PngImagePlugin - DEBUG - STREAM b'oFFs' 41 9
2024-10-13 15:40:54 - PIL.PngImagePlugin - DEBUG - b'oFFs' 41 9 (unknown)
2024-10-13 15:40:54 - PIL.PngImagePlugin - DEBUG - STREAM b'tEXt' 62 21
2024-10-13 15:40:54 - PIL.PngImagePlugin - DEBUG - STREAM b'tEXt' 95 22
2024-10-13 15:40:54 - PIL.PngImagePlugin - DEBUG - STREAM b'tEXt' 129 25
2024-10-13 15:40:54 - PIL.PngImagePlugin - DEBUG - STREAM b'tEXt' 166 24
2024-10-13 15:40:54 - PIL.PngImagePlugin - DEBUG - STREAM b'iCCP' 202 2598
2024-10-13 15:40:54 - PIL.PngImagePlugin - DEBUG - iCCP profile name b'icm'
2024-10-13 15:40:54 - PIL.PngImagePlugin - DEBUG - Compression method 0
2024-10-13 15:40:54 - PIL.PngImagePlugin - DEBUG - STREAM b'tEXt' 2812 43
2024-10-13 15:40:54 - PIL.PngImagePlugin - DEBUG - STREAM b'pHYs' 2867 9
2024-10-13 15:40:54 - PIL.PngImagePlugin - DEBUG - STREAM b'iTXt' 2888 1194
2024-10-13 15:40:54 - PIL.PngImagePlugin - DEBUG - STREAM b'eXIf' 4094 86
2024-10-13 15:40:54 - PIL.PngImagePlugin - DEBUG - STREAM b'IDAT' 4192 8192
2024-10-13 15:40:55 - utils.helpers - DEBUG - Output directory already exists: C:/Users/MikeM/OneDrive/Desktop/planets and sun\output
2024-10-13 15:40:55 - tabs.image_tab - INFO - Image saved to: C:/Users/MikeM/OneDrive/Desktop/planets and sun\output\Giga-The_Sun_in_high_resolution_pillars-1963961040-standard v2-2x_resized_1024x1024_sharpened.png
2024-10-13 15:40:55 - tabs.image_tab - INFO - Processing image: C:/Users/MikeM/OneDrive/Desktop/planets and sun/sun stock (3).jpg
2024-10-13 15:40:55 - PIL.TiffImagePlugin - DEBUG - tag: Software (305) - type: string (2) Tag Location: 22 - Data Location: 50 - value: b'Google\x00'
2024-10-13 15:40:55 - PIL.TiffImagePlugin - DEBUG - tag: YCbCrSubSampling (530) - type: short (3) - value: b'\x02\x00\x02\x00'
2024-10-13 15:40:55 - PIL.TiffImagePlugin - DEBUG - tag: ExifIFD (34665) - type: long (4) - value: b':\x00\x00\x00'
2024-10-13 15:40:55 - utils.helpers - DEBUG - Output directory already exists: C:/Users/MikeM/OneDrive/Desktop/planets and sun\output
2024-10-13 15:40:55 - tabs.image_tab - INFO - Image saved to: C:/Users/MikeM/OneDrive/Desktop/planets and sun\output\sun stock (3)_resized_1024x1024_sharpened.jpg
2024-10-13 15:40:55 - tabs.image_tab - INFO - Finished processing dropped image files.
2024-10-14 18:19:37 - utils.logging_config - INFO - Logging setup complete.
2024-10-14 18:19:37 - tabs.audio_tab - INFO - Setting up Audio tab.
2024-10-14 18:19:37 - tabs.audio_tab - INFO - Audio tab setup complete.
2024-10-14 18:19:37 - tabs.image_tab - INFO - Setting up Image tab.
2024-10-14 18:19:37 - tabs.image_tab - INFO - Image tab setup complete.
2024-10-14 18:19:37 - tabs.text_tab - INFO - Setting up Text tab.
2024-10-14 18:19:37 - tabs.text_tab - INFO - Text tab setup complete.
2024-10-14 18:19:37 - tabs.video_tab - INFO - Setting up Video tab.
2024-10-14 18:19:37 - tabs.video_tab - INFO - Video tab setup complete.
2024-10-14 18:19:47 - tabs.audio_tab - INFO - Handling dropped audio files.
2024-10-14 18:19:47 - tabs.audio_tab - INFO - Starting processing for dropped files: ['E:/BACKUP/Desktop/Recordings/Mythos/240406_Mythos_001.WAV']
2024-10-14 18:19:47 - tabs.audio_tab - INFO - Processing dropped audio files.
2024-10-14 18:19:47 - tabs.audio_tab - INFO - Processing audio file: E:/BACKUP/Desktop/Recordings/Mythos/240406_Mythos_001.WAV
2024-10-14 18:19:48 - utils.helpers - INFO - Created output directory: E:/BACKUP/Desktop/Recordings/Mythos\output
2024-10-14 18:19:49 - tabs.audio_tab - INFO - Audio saved to: E:/BACKUP/Desktop/Recordings/Mythos\output\240406_Mythos_001_320kbps.mp3
2024-10-14 18:19:49 - tabs.audio_tab - INFO - Finished processing dropped audio files.
2024-10-14 18:20:08 - tabs.audio_tab - INFO - Handling dropped audio files.
2024-10-14 18:20:08 - tabs.audio_tab - INFO - Starting processing for dropped files: ['E:/BACKUP/Desktop/Recordings/Mythos/240406_Mythos_002.WAV', 'E:/BACKUP/Desktop/Recordings/Mythos/240406_Mythos_003.WAV', 'E:/BACKUP/Desktop/Recordings/Mythos/240406_Mythos_004.WAV', 'E:/BACKUP/Desktop/Recordings/Mythos/240406_Mythos_005.WAV', 'E:/BACKUP/Desktop/Recordings/Mythos/240406_Mythos_006.WAV', 'E:/BACKUP/Desktop/Recordings/Mythos/240406_Mythos_007.WAV', 'E:/BACKUP/Desktop/Recordings/Mythos/240406_Mythos_008.WAV', 'E:/BACKUP/Desktop/Recordings/Mythos/240406_Mythos_009.WAV', 'E:/BACKUP/Desktop/Recordings/Mythos/240406_Mythos_010.WAV', 'E:/BACKUP/Desktop/Recordings/Mythos/240406_Mythos_011.WAV', 'E:/BACKUP/Desktop/Recordings/Mythos/240406_Mythos_012.WAV', 'E:/BACKUP/Desktop/Recordings/Mythos/240406_Mythos_013.WAV', 'E:/BACKUP/Desktop/Recordings/Mythos/240406_Mythos_014.WAV']
2024-10-14 18:20:08 - tabs.audio_tab - INFO - Processing dropped audio files.
2024-10-14 18:20:08 - tabs.audio_tab - INFO - Processing audio file: E:/BACKUP/Desktop/Recordings/Mythos/240406_Mythos_002.WAV
2024-10-14 18:20:08 - utils.helpers - DEBUG - Output directory already exists: E:/BACKUP/Desktop/Recordings/Mythos\output
2024-10-14 18:21:01 - tabs.audio_tab - INFO - Audio saved to: E:/BACKUP/Desktop/Recordings/Mythos\output\240406_Mythos_002_320kbps.mp3
2024-10-14 18:21:01 - tabs.audio_tab - INFO - Processing audio file: E:/BACKUP/Desktop/Recordings/Mythos/240406_Mythos_003.WAV
2024-10-14 18:21:01 - utils.helpers - DEBUG - Output directory already exists: E:/BACKUP/Desktop/Recordings/Mythos\output
2024-10-14 18:21:58 - tabs.audio_tab - INFO - Audio saved to: E:/BACKUP/Desktop/Recordings/Mythos\output\240406_Mythos_003_320kbps.mp3
2024-10-14 18:21:58 - tabs.audio_tab - INFO - Processing audio file: E:/BACKUP/Desktop/Recordings/Mythos/240406_Mythos_004.WAV
2024-10-14 18:21:58 - utils.helpers - DEBUG - Output directory already exists: E:/BACKUP/Desktop/Recordings/Mythos\output
2024-10-14 18:22:57 - tabs.audio_tab - INFO - Audio saved to: E:/BACKUP/Desktop/Recordings/Mythos\output\240406_Mythos_004_320kbps.mp3
2024-10-14 18:22:57 - tabs.audio_tab - INFO - Processing audio file: E:/BACKUP/Desktop/Recordings/Mythos/240406_Mythos_005.WAV
2024-10-14 18:22:57 - utils.helpers - DEBUG - Output directory already exists: E:/BACKUP/Desktop/Recordings/Mythos\output
2024-10-14 18:23:52 - tabs.audio_tab - INFO - Audio saved to: E:/BACKUP/Desktop/Recordings/Mythos\output\240406_Mythos_005_320kbps.mp3
2024-10-14 18:23:52 - tabs.audio_tab - INFO - Processing audio file: E:/BACKUP/Desktop/Recordings/Mythos/240406_Mythos_006.WAV
2024-10-14 18:23:52 - utils.helpers - DEBUG - Output directory already exists: E:/BACKUP/Desktop/Recordings/Mythos\output
2024-10-14 18:24:48 - tabs.audio_tab - INFO - Audio saved to: E:/BACKUP/Desktop/Recordings/Mythos\output\240406_Mythos_006_320kbps.mp3
2024-10-14 18:24:48 - tabs.audio_tab - INFO - Processing audio file: E:/BACKUP/Desktop/Recordings/Mythos/240406_Mythos_007.WAV
2024-10-14 18:24:48 - utils.helpers - DEBUG - Output directory already exists: E:/BACKUP/Desktop/Recordings/Mythos\output
2024-10-14 18:25:42 - tabs.audio_tab - INFO - Audio saved to: E:/BACKUP/Desktop/Recordings/Mythos\output\240406_Mythos_007_320kbps.mp3
2024-10-14 18:25:42 - tabs.audio_tab - INFO - Processing audio file: E:/BACKUP/Desktop/Recordings/Mythos/240406_Mythos_008.WAV
2024-10-14 18:25:42 - utils.helpers - DEBUG - Output directory already exists: E:/BACKUP/Desktop/Recordings/Mythos\output
2024-10-14 18:26:40 - tabs.audio_tab - INFO - Audio saved to: E:/BACKUP/Desktop/Recordings/Mythos\output\240406_Mythos_008_320kbps.mp3
2024-10-14 18:26:40 - tabs.audio_tab - INFO - Processing audio file: E:/BACKUP/Desktop/Recordings/Mythos/240406_Mythos_009.WAV
2024-10-14 18:26:40 - utils.helpers - DEBUG - Output directory already exists: E:/BACKUP/Desktop/Recordings/Mythos\output
2024-10-14 18:27:36 - tabs.audio_tab - INFO - Audio saved to: E:/BACKUP/Desktop/Recordings/Mythos\output\240406_Mythos_009_320kbps.mp3
2024-10-14 18:27:36 - tabs.audio_tab - INFO - Processing audio file: E:/BACKUP/Desktop/Recordings/Mythos/240406_Mythos_010.WAV
2024-10-14 18:27:36 - utils.helpers - DEBUG - Output directory already exists: E:/BACKUP/Desktop/Recordings/Mythos\output
2024-10-14 18:28:35 - tabs.audio_tab - INFO - Audio saved to: E:/BACKUP/Desktop/Recordings/Mythos\output\240406_Mythos_010_320kbps.mp3
2024-10-14 18:28:35 - tabs.audio_tab - INFO - Processing audio file: E:/BACKUP/Desktop/Recordings/Mythos/240406_Mythos_011.WAV
2024-10-14 18:28:35 - utils.helpers - DEBUG - Output directory already exists: E:/BACKUP/Desktop/Recordings/Mythos\output
2024-10-14 18:29:32 - tabs.audio_tab - INFO - Audio saved to: E:/BACKUP/Desktop/Recordings/Mythos\output\240406_Mythos_011_320kbps.mp3
2024-10-14 18:29:32 - tabs.audio_tab - INFO - Processing audio file: E:/BACKUP/Desktop/Recordings/Mythos/240406_Mythos_012.WAV
2024-10-14 18:29:32 - utils.helpers - DEBUG - Output directory already exists: E:/BACKUP/Desktop/Recordings/Mythos\output
2024-10-14 18:30:28 - tabs.audio_tab - INFO - Audio saved to: E:/BACKUP/Desktop/Recordings/Mythos\output\240406_Mythos_012_320kbps.mp3
2024-10-14 18:30:28 - tabs.audio_tab - INFO - Processing audio file: E:/BACKUP/Desktop/Recordings/Mythos/240406_Mythos_013.WAV
2024-10-14 18:30:28 - utils.helpers - DEBUG - Output directory already exists: E:/BACKUP/Desktop/Recordings/Mythos\output
2024-10-14 18:31:26 - tabs.audio_tab - INFO - Audio saved to: E:/BACKUP/Desktop/Recordings/Mythos\output\240406_Mythos_013_320kbps.mp3
2024-10-14 18:31:26 - tabs.audio_tab - INFO - Processing audio file: E:/BACKUP/Desktop/Recordings/Mythos/240406_Mythos_014.WAV
2024-10-14 18:31:26 - utils.helpers - DEBUG - Output directory already exists: E:/BACKUP/Desktop/Recordings/Mythos\output
2024-10-14 18:32:07 - tabs.audio_tab - INFO - Audio saved to: E:/BACKUP/Desktop/Recordings/Mythos\output\240406_Mythos_014_320kbps.mp3
2024-10-14 18:32:07 - tabs.audio_tab - INFO - Finished processing dropped audio files.
2024-10-21 13:08:31 - utils.logging_config - INFO - Logging setup complete.
2024-10-21 13:08:31 - tabs.audio_tab - INFO - Setting up Audio tab.
2024-10-21 13:08:31 - tabs.audio_tab - INFO - Audio tab setup complete.
2024-10-21 13:08:31 - tabs.image_tab - INFO - Setting up Image tab.
2024-10-21 13:08:31 - tabs.image_tab - INFO - Image tab setup complete.
2024-10-21 13:08:31 - tabs.text_tab - INFO - Setting up Text tab.
2024-10-21 13:08:31 - tabs.text_tab - INFO - Text tab setup complete.
2024-10-21 13:08:31 - tabs.video_tab - INFO - Setting up Video tab.
2024-10-21 13:08:31 - tabs.video_tab - INFO - Video tab setup complete.
2024-10-21 13:11:39 - utils.logging_config - INFO - Logging setup complete.
2024-10-21 13:11:39 - tabs.audio_tab - INFO - Setting up Audio tab.
2024-10-21 13:11:39 - tabs.audio_tab - INFO - Audio tab setup complete.
2024-10-21 13:11:39 - tabs.image_tab - INFO - Setting up Image tab.
2024-10-21 13:11:39 - tabs.image_tab - INFO - Image tab setup complete.
2024-10-21 13:11:39 - tabs.text_tab - INFO - Setting up Text tab.
2024-10-21 13:11:39 - tabs.text_tab - INFO - Text tab setup complete.
2024-10-21 13:11:39 - tabs.video_tab - INFO - Setting up Video tab.
2024-10-21 13:11:39 - tabs.video_tab - INFO - Video tab setup complete.
2024-10-21 13:12:30 - tabs.video_tab - INFO - Handling dropped video files.
2024-10-21 13:12:30 - tabs.video_tab - INFO - Starting processing for dropped files: ['E:/xyz/KHX/2024-09-27 11-48-59.mkv']
2024-10-21 13:12:30 - tabs.video_tab - INFO - Processing dropped video files.
2024-10-21 13:12:30 - tabs.video_tab - INFO - Extracting audio from video file: E:/xyz/KHX/2024-09-27 11-48-59.mkv
2024-10-21 13:12:30 - utils.helpers - INFO - Created output directory: E:/xyz/KHX\output\audio
2024-10-21 13:12:38 - tabs.video_tab - INFO - Audio extracted to: E:/xyz/KHX\output\audio\2024-09-27 11-48-59.mp3
2024-10-21 13:12:38 - tabs.video_tab - INFO - Finished processing dropped video files.
2024-10-21 13:13:42 - tabs.video_tab - INFO - Handling dropped video files.
2024-10-21 13:13:42 - tabs.video_tab - INFO - Starting processing for dropped files: ['E:/xyz/KHX/2024-09-26 19-51-51.mkv']
2024-10-21 13:13:42 - tabs.video_tab - INFO - Processing dropped video files.
2024-10-21 13:13:42 - tabs.video_tab - INFO - Extracting audio from video file: E:/xyz/KHX/2024-09-26 19-51-51.mkv
2024-10-21 13:13:42 - utils.helpers - DEBUG - Output directory already exists: E:/xyz/KHX\output\audio
2024-10-21 13:13:45 - tabs.video_tab - INFO - Audio extracted to: E:/xyz/KHX\output\audio\2024-09-26 19-51-51.mp3
2024-10-21 13:13:45 - tabs.video_tab - INFO - Finished processing dropped video files.
2024-10-21 13:14:01 - tabs.video_tab - INFO - Handling dropped video files.
2024-10-21 13:14:01 - tabs.video_tab - INFO - Starting processing for dropped files: ['E:/xyz/KHX/2024-09-26 20-31-14.mkv']
2024-10-21 13:14:01 - tabs.video_tab - INFO - Processing dropped video files.
2024-10-21 13:14:01 - tabs.video_tab - INFO - Extracting audio from video file: E:/xyz/KHX/2024-09-26 20-31-14.mkv
2024-10-21 13:14:01 - utils.helpers - DEBUG - Output directory already exists: E:/xyz/KHX\output\audio
2024-10-21 13:14:03 - tabs.video_tab - INFO - Audio extracted to: E:/xyz/KHX\output\audio\2024-09-26 20-31-14.mp3
2024-10-21 13:14:03 - tabs.video_tab - INFO - Finished processing dropped video files.
2024-10-21 13:14:09 - tabs.video_tab - INFO - Handling dropped video files.
2024-10-21 13:14:09 - tabs.video_tab - INFO - Starting processing for dropped files: ['E:/xyz/KHX/2024-09-26 21-55-13.mkv']
2024-10-21 13:14:09 - tabs.video_tab - INFO - Processing dropped video files.
2024-10-21 13:14:09 - tabs.video_tab - INFO - Extracting audio from video file: E:/xyz/KHX/2024-09-26 21-55-13.mkv
2024-10-21 13:14:09 - utils.helpers - DEBUG - Output directory already exists: E:/xyz/KHX\output\audio
2024-10-21 13:14:27 - tabs.video_tab - INFO - Audio extracted to: E:/xyz/KHX\output\audio\2024-09-26 21-55-13.mp3
2024-10-21 13:14:27 - tabs.video_tab - INFO - Finished processing dropped video files.
2024-10-21 13:17:15 - tabs.video_tab - INFO - Handling dropped video files.
2024-10-21 13:17:15 - tabs.video_tab - INFO - Starting processing for dropped files: ['E:/xyz/KHX/2024-09-26 19-51-51.mkv']
2024-10-21 13:17:15 - tabs.video_tab - INFO - Processing dropped video files.
2024-10-21 13:17:15 - tabs.video_tab - INFO - Extracting audio from video file: E:/xyz/KHX/2024-09-26 19-51-51.mkv
2024-10-21 13:17:15 - utils.helpers - DEBUG - Output directory already exists: E:/xyz/KHX\output\audio
2024-10-21 13:17:35 - tabs.video_tab - INFO - Audio extracted to: E:/xyz/KHX\output\audio\2024-09-26 19-51-51.mp3
2024-10-21 13:17:35 - tabs.video_tab - INFO - Finished processing dropped video files.
2024-10-21 13:33:27 - utils.logging_config - INFO - Logging setup complete.
2024-10-21 13:33:27 - tabs.audio_tab - INFO - Setting up Audio tab.
2024-10-21 13:33:27 - tabs.audio_tab - INFO - Audio tab setup complete.
2024-10-21 13:33:27 - tabs.image_tab - INFO - Setting up Image tab.
2024-10-21 13:33:27 - tabs.image_tab - INFO - Image tab setup complete.
2024-10-21 13:33:27 - tabs.text_tab - INFO - Setting up Text tab.
2024-10-21 13:33:27 - tabs.text_tab - INFO - Text tab setup complete.
2024-10-21 13:33:27 - tabs.video_tab - INFO - Setting up Video tab.
2024-10-21 13:33:27 - tabs.video_tab - INFO - Video tab setup complete.
2024-10-21 13:33:50 - tabs.video_tab - INFO - Handling dropped video files.
2024-10-21 13:33:50 - tabs.video_tab - INFO - Starting processing for dropped files: ['E:/xyz/KHX/2024-09-26 19-51-51.mkv']
2024-10-21 13:33:50 - tabs.video_tab - INFO - Processing dropped video files.
2024-10-21 13:33:50 - tabs.video_tab - INFO - Extracting audio from video file: E:/xyz/KHX/2024-09-26 19-51-51.mkv
2024-10-21 13:33:50 - utils.helpers - DEBUG - Output directory already exists: E:/xyz/KHX\output\audio
2024-10-21 13:33:50 - tabs.video_tab - ERROR - Error extracting audio from video file E:/xyz/KHX/2024-09-26 19-51-51.mkv: Command '['ffmpeg', '-i', 'E:/xyz/KHX/2024-09-26 19-51-51.mkv', '-vn', '-acodec', 'copy', 'E:/xyz/KHX\\output\\audio\\2024-09-26 19-51-51_01.mp3']' returned non-zero exit status 4294967274.
2024-10-21 13:33:50 - tabs.video_tab - INFO - Finished processing dropped video files.
2024-10-21 13:34:43 - utils.logging_config - INFO - Logging setup complete.
2024-10-21 13:34:43 - tabs.audio_tab - INFO - Setting up Audio tab.
2024-10-21 13:34:43 - tabs.audio_tab - INFO - Audio tab setup complete.
2024-10-21 13:34:43 - tabs.image_tab - INFO - Setting up Image tab.
2024-10-21 13:34:43 - tabs.image_tab - INFO - Image tab setup complete.
2024-10-21 13:34:43 - tabs.text_tab - INFO - Setting up Text tab.
2024-10-21 13:34:43 - tabs.text_tab - INFO - Text tab setup complete.
2024-10-21 13:34:43 - tabs.video_tab - INFO - Setting up Video tab.
2024-10-21 13:34:43 - tabs.video_tab - INFO - Video tab setup complete.
2024-10-21 13:34:49 - tabs.audio_tab - INFO - Handling dropped audio files.
2024-10-21 13:34:52 - tabs.audio_tab - WARNING - No valid audio files found during drop event.
2024-10-21 13:34:54 - tabs.audio_tab - INFO - Handling dropped audio files.
2024-10-21 13:34:55 - tabs.audio_tab - WARNING - No valid audio files found during drop event.
2024-10-21 13:35:07 - tabs.video_tab - INFO - Handling dropped video files.
2024-10-21 13:35:07 - tabs.video_tab - INFO - Starting processing for dropped files: ['E:/xyz/KHX/2024-09-26 19-51-51.mkv']
2024-10-21 13:35:07 - tabs.video_tab - INFO - Processing dropped video files.
2024-10-21 13:35:07 - tabs.video_tab - INFO - Extracting audio from video file: E:/xyz/KHX/2024-09-26 19-51-51.mkv
2024-10-21 13:35:07 - utils.helpers - DEBUG - Output directory already exists: E:/xyz/KHX\output\audio
2024-10-21 13:35:12 - tabs.video_tab - INFO - Audio extracted to: E:/xyz/KHX\output\audio\2024-09-26 19-51-51.mp3
2024-10-21 13:35:12 - tabs.video_tab - INFO - Finished processing dropped video files.
2024-10-21 13:39:02 - utils.logging_config - INFO - Logging setup complete.
2024-10-21 13:39:02 - tabs.audio_tab - INFO - Setting up Audio tab.
2024-10-21 13:39:02 - tabs.audio_tab - INFO - Audio tab setup complete.
2024-10-21 13:39:02 - tabs.image_tab - INFO - Setting up Image tab.
2024-10-21 13:39:02 - tabs.image_tab - INFO - Image tab setup complete.
2024-10-21 13:39:02 - tabs.text_tab - INFO - Setting up Text tab.
2024-10-21 13:39:02 - tabs.text_tab - INFO - Text tab setup complete.
2024-10-21 13:39:02 - tabs.video_tab - INFO - Setting up Video tab.
2024-10-21 13:39:02 - tabs.video_tab - INFO - Video tab setup complete.
2024-10-21 13:39:13 - tabs.video_tab - INFO - Handling dropped video files.
2024-10-21 13:39:13 - tabs.video_tab - INFO - Starting processing for dropped files: ['E:/xyz/KHX/2024-09-26 19-51-51.mkv']
2024-10-21 13:39:13 - tabs.video_tab - INFO - Processing dropped video files.
2024-10-21 13:39:13 - tabs.video_tab - INFO - Extracting audio from video file: E:/xyz/KHX/2024-09-26 19-51-51.mkv
2024-10-21 13:39:13 - utils.helpers - DEBUG - Output directory already exists: E:/xyz/KHX\output\audio
2024-10-21 13:39:24 - tabs.video_tab - INFO - Audio extracted to: E:/xyz/KHX\output\audio\2024-09-26 19-51-51.mp3
2024-10-21 13:39:24 - tabs.video_tab - INFO - Finished processing dropped video files.
2024-10-21 13:40:15 - utils.logging_config - INFO - Logging setup complete.
2024-10-21 13:40:15 - tabs.audio_tab - INFO - Setting up Audio tab.
2024-10-21 13:40:15 - tabs.audio_tab - INFO - Audio tab setup complete.
2024-10-21 13:40:15 - tabs.image_tab - INFO - Setting up Image tab.
2024-10-21 13:40:15 - tabs.image_tab - INFO - Image tab setup complete.
2024-10-21 13:40:15 - tabs.text_tab - INFO - Setting up Text tab.
2024-10-21 13:40:15 - tabs.text_tab - INFO - Text tab setup complete.
2024-10-21 13:40:15 - tabs.video_tab - INFO - Setting up Video tab.
2024-10-21 13:40:15 - tabs.video_tab - INFO - Video tab setup complete.
2024-10-21 13:40:21 - tabs.audio_tab - INFO - Handling dropped audio files.
2024-10-21 13:40:23 - tabs.audio_tab - WARNING - No valid audio files found during drop event.
2024-10-21 13:40:33 - tabs.video_tab - INFO - Handling dropped video files.
2024-10-21 13:40:33 - tabs.video_tab - INFO - Starting processing for dropped files: ['E:/xyz/KHX/2024-09-26 19-51-51.mkv']
2024-10-21 13:40:33 - tabs.video_tab - INFO - Processing dropped video files.
2024-10-21 13:40:33 - tabs.video_tab - INFO - Extracting audio from video file: E:/xyz/KHX/2024-09-26 19-51-51.mkv
2024-10-21 13:40:33 - utils.helpers - DEBUG - Output directory already exists: E:/xyz/KHX\output\audio
2024-10-21 13:40:45 - tabs.video_tab - INFO - Audio extracted to: E:/xyz/KHX\output\audio\2024-09-26 19-51-51.mp3
2024-10-21 13:40:45 - tabs.video_tab - INFO - Finished processing dropped video files.
2024-10-21 13:40:55 - tabs.video_tab - INFO - Handling dropped video files.
2024-10-21 13:40:55 - tabs.video_tab - INFO - Starting processing for dropped files: ['E:/xyz/KHX/2024-09-26 19-51-51.mkv']
2024-10-21 13:40:55 - tabs.video_tab - INFO - Processing dropped video files.
2024-10-21 13:40:55 - tabs.video_tab - INFO - Extracting audio from video file: E:/xyz/KHX/2024-09-26 19-51-51.mkv
2024-10-21 13:40:55 - utils.helpers - DEBUG - Output directory already exists: E:/xyz/KHX\output\audio
2024-10-21 13:41:02 - tabs.video_tab - INFO - Audio extracted to: E:/xyz/KHX\output\audio\2024-09-26 19-51-51.mp3
2024-10-21 13:41:02 - tabs.video_tab - INFO - Finished processing dropped video files.
2024-10-21 13:49:24 - utils.logging_config - INFO - Logging setup complete.
2024-10-21 13:49:24 - tabs.audio_tab - INFO - Setting up Audio tab.
2024-10-21 13:49:24 - tabs.audio_tab - INFO - Audio tab setup complete.
2024-10-21 13:49:24 - tabs.image_tab - INFO - Setting up Image tab.
2024-10-21 13:49:24 - tabs.image_tab - INFO - Image tab setup complete.
2024-10-21 13:49:24 - tabs.text_tab - INFO - Setting up Text tab.
2024-10-21 13:49:24 - tabs.text_tab - INFO - Text tab setup complete.
2024-10-21 13:49:24 - tabs.video_tab - INFO - Setting up Video tab.
2024-10-21 13:49:24 - tabs.video_tab - INFO - Video tab setup complete.
2024-10-21 13:49:47 - tabs.video_tab - INFO - Handling dropped video files.
2024-10-21 13:49:47 - tabs.video_tab - INFO - Starting processing for dropped files: ['E:/xyz/KHX/2024-09-26 19-51-51.mkv']
2024-10-21 13:49:47 - tabs.video_tab - INFO - Processing dropped video files.
2024-10-21 13:49:47 - tabs.video_tab - INFO - Extracting audio from video file: E:/xyz/KHX/2024-09-26 19-51-51.mkv
2024-10-21 13:49:47 - utils.helpers - DEBUG - Output directory already exists: E:/xyz/KHX\output\audio
2024-10-21 13:49:49 - tabs.video_tab - INFO - Audio extracted to: E:/xyz/KHX\output\audio\2024-09-26 19-51-51.mp3
2024-10-21 13:49:49 - tabs.video_tab - INFO - Finished processing dropped video files.
2024-10-21 13:50:04 - tabs.video_tab - INFO - Handling dropped video files.
2024-10-21 13:50:04 - tabs.video_tab - INFO - Starting processing for dropped files: ['E:/xyz/KHX/2024-09-26 19-51-51.mkv']
2024-10-21 13:50:04 - tabs.video_tab - INFO - Processing dropped video files.
2024-10-21 13:50:04 - tabs.video_tab - INFO - Extracting audio from video file: E:/xyz/KHX/2024-09-26 19-51-51.mkv
2024-10-21 13:50:04 - utils.helpers - DEBUG - Output directory already exists: E:/xyz/KHX\output\audio
2024-10-21 13:50:09 - tabs.video_tab - INFO - Audio extracted to: E:/xyz/KHX\output\audio\2024-09-26 19-51-51.mp3
2024-10-21 13:50:09 - tabs.video_tab - INFO - Finished processing dropped video files.
2024-10-21 14:09:16 - utils.logging_config - INFO - Logging setup complete.
2024-10-21 14:09:17 - tabs.audio_tab - INFO - Setting up Audio tab.
2024-10-21 14:09:17 - tabs.audio_tab - INFO - Audio tab setup complete.
2024-10-21 14:09:17 - tabs.image_tab - INFO - Setting up Image tab.
2024-10-21 14:09:17 - tabs.image_tab - INFO - Image tab setup complete.
2024-10-21 14:09:17 - tabs.text_tab - INFO - Setting up Text tab.
2024-10-21 14:09:17 - tabs.text_tab - INFO - Text tab setup complete.
2024-10-21 14:09:17 - tabs.video_tab - INFO - Setting up Video tab.
2024-10-21 14:09:17 - tabs.video_tab - INFO - Video tab setup complete.
2024-10-21 14:09:26 - tabs.video_tab - INFO - Handling dropped video files.
2024-10-21 14:09:28 - tabs.video_tab - WARNING - No valid video files found during drop event.
2024-10-21 14:09:33 - tabs.video_tab - INFO - Handling dropped video files.
2024-10-21 14:09:33 - tabs.video_tab - INFO - Starting processing for dropped files: ['E:/xyz/KHX/2024-09-26 19-51-51.mkv']
2024-10-21 14:09:33 - tabs.video_tab - INFO - Processing dropped video files.
2024-10-21 14:09:33 - tabs.video_tab - INFO - Extracting audio from video file: E:/xyz/KHX/2024-09-26 19-51-51.mkv
2024-10-21 14:09:33 - utils.helpers - DEBUG - Output directory already exists: E:/xyz/KHX\output\audio
2024-10-21 14:09:35 - tabs.video_tab - INFO - Audio extracted to: E:/xyz/KHX\output\audio\2024-09-26 19-51-51.mp3
2024-10-21 14:09:35 - tabs.video_tab - INFO - Finished processing dropped video files.
2024-10-22 13:44:49 - utils.logging_config - INFO - Logging setup complete.
2024-10-22 13:44:49 - tabs.audio_tab - INFO - Setting up Audio tab.
2024-10-22 13:44:49 - tabs.audio_tab - INFO - Audio tab setup complete.
2024-10-22 13:44:49 - tabs.image_tab - INFO - Setting up Image tab.
2024-10-22 13:44:49 - tabs.image_tab - INFO - Image tab setup complete.
2024-10-22 13:44:49 - tabs.text_tab - INFO - Setting up Text tab.
2024-10-22 13:44:49 - tabs.text_tab - INFO - Text tab setup complete.
2024-10-22 13:44:49 - tabs.video_tab - INFO - Setting up Video tab.
2024-10-22 13:44:49 - tabs.video_tab - INFO - Video tab setup complete.
2024-10-22 13:45:14 - tabs.video_tab - INFO - Handling dropped video files.
2024-10-22 13:45:14 - tabs.video_tab - INFO - Starting processing for dropped files: ['C:/Users/MikeM/OneDrive/Desktop/AsianPaulDancing_iris3.mp4']
2024-10-22 13:45:14 - tabs.video_tab - INFO - Processing dropped video files.
2024-10-22 13:45:14 - tabs.video_tab - INFO - Processing video file: C:/Users/MikeM/OneDrive/Desktop/AsianPaulDancing_iris3.mp4
2024-10-22 13:45:14 - utils.helpers - INFO - Created output directory: C:/Users/MikeM/OneDrive/Desktop\output\frames
2024-10-22 13:45:16 - tabs.video_tab - ERROR - Error processing video file C:/Users/MikeM/OneDrive/Desktop/AsianPaulDancing_iris3.mp4: Command '['ffmpeg', '-i', 'C:/Users/MikeM/OneDrive/Desktop/AsianPaulDancing_iris3.mp4', '-vf', 'select=not(mod(n\\,1)),setpts=N/TB', '-vsync', 'vfr', 'C:/Users/MikeM/OneDrive/Desktop\\output\\frames\\AsianPaulDancing_iris3_frame_0001.png']' returned non-zero exit status 4294967274.
2024-10-22 13:45:16 - tabs.video_tab - INFO - Finished processing dropped video files.
2024-10-22 13:50:22 - utils.logging_config - INFO - Logging setup complete.
2024-10-22 13:50:22 - tabs.audio_tab - INFO - Setting up Audio tab.
2024-10-22 13:50:22 - tabs.audio_tab - INFO - Audio tab setup complete.
2024-10-22 13:50:22 - tabs.image_tab - INFO - Setting up Image tab.
2024-10-22 13:50:22 - tabs.image_tab - INFO - Image tab setup complete.
2024-10-22 13:50:22 - tabs.text_tab - INFO - Setting up Text tab.
2024-10-22 13:50:22 - tabs.text_tab - INFO - Text tab setup complete.
2024-10-22 13:50:22 - tabs.video_tab - INFO - Setting up Video tab.
2024-10-22 13:50:22 - tabs.video_tab - INFO - Video tab setup complete.
2024-10-22 13:50:40 - tabs.video_tab - INFO - Handling dropped video files.
2024-10-22 13:50:40 - tabs.video_tab - INFO - Starting processing for dropped files: ['C:/Users/MikeM/OneDrive/Desktop/AsianPaulDancing_iris3.mp4']
2024-10-22 13:50:40 - tabs.video_tab - INFO - Processing dropped video files.
2024-10-22 13:50:40 - tabs.video_tab - INFO - Processing video file: C:/Users/MikeM/OneDrive/Desktop/AsianPaulDancing_iris3.mp4
2024-10-22 13:50:40 - utils.helpers - DEBUG - Output directory already exists: C:/Users/MikeM/OneDrive/Desktop\output\frames
2024-10-22 13:50:43 - tabs.video_tab - INFO - Frames extracted to: C:/Users/MikeM/OneDrive/Desktop\output\frames
2024-10-22 13:50:43 - tabs.video_tab - INFO - Finished processing dropped video files.
2024-10-22 13:52:20 - tabs.video_tab - INFO - Handling dropped video files.
2024-10-22 13:52:22 - tabs.video_tab - WARNING - No valid video files found during drop event.
2024-10-22 13:52:47 - tabs.video_tab - INFO - Handling dropped video files.
2024-10-22 13:52:47 - tabs.video_tab - INFO - Starting processing for dropped files: ['C:/Users/MikeM/Downloads/signal-2024-10-21-104146.mp4']
2024-10-22 13:52:47 - tabs.video_tab - INFO - Processing dropped video files.
2024-10-22 13:52:47 - tabs.video_tab - INFO - Processing video file: C:/Users/MikeM/Downloads/signal-2024-10-21-104146.mp4
2024-10-22 13:52:47 - utils.helpers - INFO - Created output directory: C:/Users/MikeM/Downloads\output\frames
2024-10-22 13:52:47 - tabs.video_tab - INFO - Frames extracted to: C:/Users/MikeM/Downloads\output\frames
2024-10-22 13:52:47 - tabs.video_tab - INFO - Finished processing dropped video files.
2024-10-24 10:30:22 - utils.logging_config - INFO - Logging setup complete.
2024-10-24 10:30:22 - tabs.audio_tab - INFO - Setting up Audio tab.
2024-10-24 10:30:22 - tabs.audio_tab - INFO - Audio tab setup complete.
2024-10-24 10:30:22 - tabs.image_tab - INFO - Setting up Image tab.
2024-10-24 10:30:22 - tabs.image_tab - INFO - Image tab setup complete.
2024-10-24 10:30:22 - tabs.text_tab - INFO - Setting up Text tab.
2024-10-24 10:30:22 - tabs.text_tab - INFO - Text tab setup complete.
2024-10-24 10:30:22 - tabs.video_tab - INFO - Setting up Video tab.
2024-10-24 10:30:22 - tabs.video_tab - INFO - Video tab setup complete.
2024-10-26 14:58:13 - utils.logging_config - INFO - Logging setup complete.
2024-10-26 14:58:13 - tabs.audio_tab - INFO - Setting up Audio tab.
2024-10-26 14:58:13 - tabs.audio_tab - INFO - Audio tab setup complete.
2024-10-26 14:58:13 - tabs.image_tab - INFO - Setting up Image tab.
2024-10-26 14:58:13 - tabs.image_tab - INFO - Image tab setup complete.
2024-10-26 14:58:13 - tabs.text_tab - INFO - Setting up Text tab.
2024-10-26 14:58:13 - tabs.text_tab - INFO - Text tab setup complete.
2024-10-26 14:58:13 - tabs.video_tab - INFO - Setting up Video tab.
2024-10-26 14:58:13 - tabs.video_tab - INFO - Video tab setup complete.
2024-10-26 14:58:21 - tabs.image_tab - INFO - Handling dropped image files.
2024-10-26 14:58:21 - tabs.image_tab - INFO - Starting processing for dropped files: ['C:/Users/MikeM/Asylum-Shared/2-Mortl/Art/Mortl_Clay (1).jpg']
2024-10-26 14:58:21 - tabs.image_tab - INFO - Processing dropped image files.
2024-10-26 14:58:21 - tabs.image_tab - INFO - Processing image: C:/Users/MikeM/Asylum-Shared/2-Mortl/Art/Mortl_Clay (1).jpg
2024-10-26 14:58:21 - utils.helpers - INFO - Created output directory: C:/Users/MikeM/Asylum-Shared/2-Mortl/Art\output
2024-10-26 14:58:21 - tabs.image_tab - INFO - Image saved to: C:/Users/MikeM/Asylum-Shared/2-Mortl/Art\output\Mortl_Clay (1)_resized_1024x1024_sharpened.jpg
2024-10-26 14:58:21 - tabs.image_tab - INFO - Finished processing dropped image files.
2024-10-26 14:58:39 - tabs.image_tab - INFO - Handling dropped image files.
2024-10-26 14:58:39 - tabs.image_tab - INFO - Starting processing for dropped files: ['C:/Users/MikeM/Asylum-Shared/2-Mortl/Art/Mortl_Clay (2).jpg', 'C:/Users/MikeM/Asylum-Shared/2-Mortl/Art/Mortl_Clay (3).jpg', 'C:/Users/MikeM/Asylum-Shared/2-Mortl/Art/Mortl_Clay (4).jpg', 'C:/Users/MikeM/Asylum-Shared/2-Mortl/Art/Mortl_Clay (5).jpg', 'C:/Users/MikeM/Asylum-Shared/2-Mortl/Art/Mortl_Clay (6).jpg', 'C:/Users/MikeM/Asylum-Shared/2-Mortl/Art/Mortl_Clay (7).jpg', 'C:/Users/MikeM/Asylum-Shared/2-Mortl/Art/Mortl_Clay (8).jpg', 'C:/Users/MikeM/Asylum-Shared/2-Mortl/Art/Mortl_Clay (9).jpg', 'C:/Users/MikeM/Asylum-Shared/2-Mortl/Art/Mortl_Clay (10).jpg', 'C:/Users/MikeM/Asylum-Shared/2-Mortl/Art/Mortl_Clay (11).jpg', 'C:/Users/MikeM/Asylum-Shared/2-Mortl/Art/Mortl_ComicBook (1).jpg', 'C:/Users/MikeM/Asylum-Shared/2-Mortl/Art/Mortl_ComicBook (2).jpg', 'C:/Users/MikeM/Asylum-Shared/2-Mortl/Art/Mortl_ComicBook (3).jpg', 'C:/Users/MikeM/Asylum-Shared/2-Mortl/Art/Mortl_ComicBook (4).jpg', 'C:/Users/MikeM/Asylum-Shared/2-Mortl/Art/Mortl_ComicBook (5).jpg', 'C:/Users/MikeM/Asylum-Shared/2-Mortl/Art/Mortl_ComicBook (6).jpg', 'C:/Users/MikeM/Asylum-Shared/2-Mortl/Art/Mortl_ComicBook (7).jpg', 'C:/Users/MikeM/Asylum-Shared/2-Mortl/Art/Mortl_ComicBook (8).jpg', 'C:/Users/MikeM/Asylum-Shared/2-Mortl/Art/Mortl_ComicBook (9).jpg', 'C:/Users/MikeM/Asylum-Shared/2-Mortl/Art/Mortl_ComicBook (10).jpg', 'C:/Users/MikeM/Asylum-Shared/2-Mortl/Art/Mortl_ComicBook (12).jpg', 'C:/Users/MikeM/Asylum-Shared/2-Mortl/Art/Mortl_ComicBook (13).jpg', 'C:/Users/MikeM/Asylum-Shared/2-Mortl/Art/Mortl_ComicBook (14).jpg', 'C:/Users/MikeM/Asylum-Shared/2-Mortl/Art/Mortl_ComicBook (15).jpg']
2024-10-26 14:58:39 - tabs.image_tab - INFO - Processing dropped image files.
2024-10-26 14:58:39 - tabs.image_tab - INFO - Processing image: C:/Users/MikeM/Asylum-Shared/2-Mortl/Art/Mortl_Clay (2).jpg
2024-10-26 14:58:39 - utils.helpers - DEBUG - Output directory already exists: C:/Users/MikeM/Asylum-Shared/2-Mortl/Art\output
2024-10-26 14:58:39 - tabs.image_tab - INFO - Image saved to: C:/Users/MikeM/Asylum-Shared/2-Mortl/Art\output\Mortl_Clay (2)_resized_1024x1024_sharpened.jpg
2024-10-26 14:58:39 - tabs.image_tab - INFO - Processing image: C:/Users/MikeM/Asylum-Shared/2-Mortl/Art/Mortl_Clay (3).jpg
2024-10-26 14:58:39 - utils.helpers - DEBUG - Output directory already exists: C:/Users/MikeM/Asylum-Shared/2-Mortl/Art\output
2024-10-26 14:58:39 - tabs.image_tab - INFO - Image saved to: C:/Users/MikeM/Asylum-Shared/2-Mortl/Art\output\Mortl_Clay (3)_resized_1024x1024_sharpened.jpg
2024-10-26 14:58:39 - tabs.image_tab - INFO - Processing image: C:/Users/MikeM/Asylum-Shared/2-Mortl/Art/Mortl_Clay (4).jpg
2024-10-26 14:58:39 - utils.helpers - DEBUG - Output directory already exists: C:/Users/MikeM/Asylum-Shared/2-Mortl/Art\output
2024-10-26 14:58:39 - tabs.image_tab - INFO - Image saved to: C:/Users/MikeM/Asylum-Shared/2-Mortl/Art\output\Mortl_Clay (4)_resized_1024x1024_sharpened.jpg
2024-10-26 14:58:39 - tabs.image_tab - INFO - Processing image: C:/Users/MikeM/Asylum-Shared/2-Mortl/Art/Mortl_Clay (5).jpg
2024-10-26 14:58:39 - utils.helpers - DEBUG - Output directory already exists: C:/Users/MikeM/Asylum-Shared/2-Mortl/Art\output
2024-10-26 14:58:39 - tabs.image_tab - INFO - Image saved to: C:/Users/MikeM/Asylum-Shared/2-Mortl/Art\output\Mortl_Clay (5)_resized_1024x1024_sharpened.jpg
2024-10-26 14:58:39 - tabs.image_tab - INFO - Processing image: C:/Users/MikeM/Asylum-Shared/2-Mortl/Art/Mortl_Clay (6).jpg
2024-10-26 14:58:39 - utils.helpers - DEBUG - Output directory already exists: C:/Users/MikeM/Asylum-Shared/2-Mortl/Art\output
2024-10-26 14:58:39 - tabs.image_tab - INFO - Image saved to: C:/Users/MikeM/Asylum-Shared/2-Mortl/Art\output\Mortl_Clay (6)_resized_1024x1024_sharpened.jpg
2024-10-26 14:58:39 - tabs.image_tab - INFO - Processing image: C:/Users/MikeM/Asylum-Shared/2-Mortl/Art/Mortl_Clay (7).jpg
2024-10-26 14:58:39 - utils.helpers - DEBUG - Output directory already exists: C:/Users/MikeM/Asylum-Shared/2-Mortl/Art\output
2024-10-26 14:58:39 - tabs.image_tab - INFO - Image saved to: C:/Users/MikeM/Asylum-Shared/2-Mortl/Art\output\Mortl_Clay (7)_resized_1024x1024_sharpened.jpg
2024-10-26 14:58:39 - tabs.image_tab - INFO - Processing image: C:/Users/MikeM/Asylum-Shared/2-Mortl/Art/Mortl_Clay (8).jpg
2024-10-26 14:58:39 - utils.helpers - DEBUG - Output directory already exists: C:/Users/MikeM/Asylum-Shared/2-Mortl/Art\output
2024-10-26 14:58:39 - tabs.image_tab - INFO - Image saved to: C:/Users/MikeM/Asylum-Shared/2-Mortl/Art\output\Mortl_Clay (8)_resized_1024x1024_sharpened.jpg
2024-10-26 14:58:39 - tabs.image_tab - INFO - Processing image: C:/Users/MikeM/Asylum-Shared/2-Mortl/Art/Mortl_Clay (9).jpg
2024-10-26 14:58:40 - utils.helpers - DEBUG - Output directory already exists: C:/Users/MikeM/Asylum-Shared/2-Mortl/Art\output
2024-10-26 14:58:40 - tabs.image_tab - INFO - Image saved to: C:/Users/MikeM/Asylum-Shared/2-Mortl/Art\output\Mortl_Clay (9)_resized_1024x1024_sharpened.jpg
2024-10-26 14:58:40 - tabs.image_tab - INFO - Processing image: C:/Users/MikeM/Asylum-Shared/2-Mortl/Art/Mortl_Clay (10).jpg
2024-10-26 14:58:40 - utils.helpers - DEBUG - Output directory already exists: C:/Users/MikeM/Asylum-Shared/2-Mortl/Art\output
2024-10-26 14:58:40 - tabs.image_tab - INFO - Image saved to: C:/Users/MikeM/Asylum-Shared/2-Mortl/Art\output\Mortl_Clay (10)_resized_1024x1024_sharpened.jpg
2024-10-26 14:58:40 - tabs.image_tab - INFO - Processing image: C:/Users/MikeM/Asylum-Shared/2-Mortl/Art/Mortl_Clay (11).jpg
2024-10-26 14:58:40 - utils.helpers - DEBUG - Output directory already exists: C:/Users/MikeM/Asylum-Shared/2-Mortl/Art\output
2024-10-26 14:58:40 - tabs.image_tab - INFO - Image saved to: C:/Users/MikeM/Asylum-Shared/2-Mortl/Art\output\Mortl_Clay (11)_resized_1024x1024_sharpened.jpg
2024-10-26 14:58:40 - tabs.image_tab - INFO - Processing image: C:/Users/MikeM/Asylum-Shared/2-Mortl/Art/Mortl_ComicBook (1).jpg
2024-10-26 14:58:40 - utils.helpers - DEBUG - Output directory already exists: C:/Users/MikeM/Asylum-Shared/2-Mortl/Art\output
2024-10-26 14:58:40 - tabs.image_tab - INFO - Image saved to: C:/Users/MikeM/Asylum-Shared/2-Mortl/Art\output\Mortl_ComicBook (1)_resized_1024x1024_sharpened.jpg
2024-10-26 14:58:40 - tabs.image_tab - INFO - Processing image: C:/Users/MikeM/Asylum-Shared/2-Mortl/Art/Mortl_ComicBook (2).jpg
2024-10-26 14:58:40 - utils.helpers - DEBUG - Output directory already exists: C:/Users/MikeM/Asylum-Shared/2-Mortl/Art\output
2024-10-26 14:58:40 - tabs.image_tab - INFO - Image saved to: C:/Users/MikeM/Asylum-Shared/2-Mortl/Art\output\Mortl_ComicBook (2)_resized_1024x1024_sharpened.jpg
2024-10-26 14:58:40 - tabs.image_tab - INFO - Processing image: C:/Users/MikeM/Asylum-Shared/2-Mortl/Art/Mortl_ComicBook (3).jpg
2024-10-26 14:58:40 - utils.helpers - DEBUG - Output directory already exists: C:/Users/MikeM/Asylum-Shared/2-Mortl/Art\output
2024-10-26 14:58:40 - tabs.image_tab - INFO - Image saved to: C:/Users/MikeM/Asylum-Shared/2-Mortl/Art\output\Mortl_ComicBook (3)_resized_1024x1024_sharpened.jpg
2024-10-26 14:58:40 - tabs.image_tab - INFO - Processing image: C:/Users/MikeM/Asylum-Shared/2-Mortl/Art/Mortl_ComicBook (4).jpg
2024-10-26 14:58:40 - utils.helpers - DEBUG - Output directory already exists: C:/Users/MikeM/Asylum-Shared/2-Mortl/Art\output
2024-10-26 14:58:40 - tabs.image_tab - INFO - Image saved to: C:/Users/MikeM/Asylum-Shared/2-Mortl/Art\output\Mortl_ComicBook (4)_resized_1024x1024_sharpened.jpg
2024-10-26 14:58:40 - tabs.image_tab - INFO - Processing image: C:/Users/MikeM/Asylum-Shared/2-Mortl/Art/Mortl_ComicBook (5).jpg
2024-10-26 14:58:40 - utils.helpers - DEBUG - Output directory already exists: C:/Users/MikeM/Asylum-Shared/2-Mortl/Art\output
2024-10-26 14:58:40 - tabs.image_tab - INFO - Image saved to: C:/Users/MikeM/Asylum-Shared/2-Mortl/Art\output\Mortl_ComicBook (5)_resized_1024x1024_sharpened.jpg
2024-10-26 14:58:40 - tabs.image_tab - INFO - Processing image: C:/Users/MikeM/Asylum-Shared/2-Mortl/Art/Mortl_ComicBook (6).jpg
2024-10-26 14:58:40 - utils.helpers - DEBUG - Output directory already exists: C:/Users/MikeM/Asylum-Shared/2-Mortl/Art\output
2024-10-26 14:58:40 - tabs.image_tab - INFO - Image saved to: C:/Users/MikeM/Asylum-Shared/2-Mortl/Art\output\Mortl_ComicBook (6)_resized_1024x1024_sharpened.jpg
2024-10-26 14:58:40 - tabs.image_tab - INFO - Processing image: C:/Users/MikeM/Asylum-Shared/2-Mortl/Art/Mortl_ComicBook (7).jpg
2024-10-26 14:58:40 - utils.helpers - DEBUG - Output directory already exists: C:/Users/MikeM/Asylum-Shared/2-Mortl/Art\output
2024-10-26 14:58:40 - tabs.image_tab - INFO - Image saved to: C:/Users/MikeM/Asylum-Shared/2-Mortl/Art\output\Mortl_ComicBook (7)_resized_1024x1024_sharpened.jpg
2024-10-26 14:58:40 - tabs.image_tab - INFO - Processing image: C:/Users/MikeM/Asylum-Shared/2-Mortl/Art/Mortl_ComicBook (8).jpg
2024-10-26 14:58:40 - utils.helpers - DEBUG - Output directory already exists: C:/Users/MikeM/Asylum-Shared/2-Mortl/Art\output
2024-10-26 14:58:40 - tabs.image_tab - INFO - Image saved to: C:/Users/MikeM/Asylum-Shared/2-Mortl/Art\output\Mortl_ComicBook (8)_resized_1024x1024_sharpened.jpg
2024-10-26 14:58:40 - tabs.image_tab - INFO - Processing image: C:/Users/MikeM/Asylum-Shared/2-Mortl/Art/Mortl_ComicBook (9).jpg
2024-10-26 14:58:40 - utils.helpers - DEBUG - Output directory already exists: C:/Users/MikeM/Asylum-Shared/2-Mortl/Art\output
2024-10-26 14:58:40 - tabs.image_tab - INFO - Image saved to: C:/Users/MikeM/Asylum-Shared/2-Mortl/Art\output\Mortl_ComicBook (9)_resized_1024x1024_sharpened.jpg
2024-10-26 14:58:40 - tabs.image_tab - INFO - Processing image: C:/Users/MikeM/Asylum-Shared/2-Mortl/Art/Mortl_ComicBook (10).jpg
2024-10-26 14:58:40 - utils.helpers - DEBUG - Output directory already exists: C:/Users/MikeM/Asylum-Shared/2-Mortl/Art\output
2024-10-26 14:58:40 - tabs.image_tab - INFO - Image saved to: C:/Users/MikeM/Asylum-Shared/2-Mortl/Art\output\Mortl_ComicBook (10)_resized_1024x1024_sharpened.jpg
2024-10-26 14:58:40 - tabs.image_tab - INFO - Processing image: C:/Users/MikeM/Asylum-Shared/2-Mortl/Art/Mortl_ComicBook (12).jpg
2024-10-26 14:58:40 - utils.helpers - DEBUG - Output directory already exists: C:/Users/MikeM/Asylum-Shared/2-Mortl/Art\output
2024-10-26 14:58:40 - tabs.image_tab - INFO - Image saved to: C:/Users/MikeM/Asylum-Shared/2-Mortl/Art\output\Mortl_ComicBook (12)_resized_1024x1024_sharpened.jpg
2024-10-26 14:58:40 - tabs.image_tab - INFO - Processing image: C:/Users/MikeM/Asylum-Shared/2-Mortl/Art/Mortl_ComicBook (13).jpg
2024-10-26 14:58:40 - utils.helpers - DEBUG - Output directory already exists: C:/Users/MikeM/Asylum-Shared/2-Mortl/Art\output
2024-10-26 14:58:40 - tabs.image_tab - INFO - Image saved to: C:/Users/MikeM/Asylum-Shared/2-Mortl/Art\output\Mortl_ComicBook (13)_resized_1024x1024_sharpened.jpg
2024-10-26 14:58:40 - tabs.image_tab - INFO - Processing image: C:/Users/MikeM/Asylum-Shared/2-Mortl/Art/Mortl_ComicBook (14).jpg
2024-10-26 14:58:40 - utils.helpers - DEBUG - Output directory already exists: C:/Users/MikeM/Asylum-Shared/2-Mortl/Art\output
2024-10-26 14:58:40 - tabs.image_tab - INFO - Image saved to: C:/Users/MikeM/Asylum-Shared/2-Mortl/Art\output\Mortl_ComicBook (14)_resized_1024x1024_sharpened.jpg
2024-10-26 14:58:40 - tabs.image_tab - INFO - Processing image: C:/Users/MikeM/Asylum-Shared/2-Mortl/Art/Mortl_ComicBook (15).jpg
2024-10-26 14:58:40 - utils.helpers - DEBUG - Output directory already exists: C:/Users/MikeM/Asylum-Shared/2-Mortl/Art\output
2024-10-26 14:58:40 - tabs.image_tab - INFO - Image saved to: C:/Users/MikeM/Asylum-Shared/2-Mortl/Art\output\Mortl_ComicBook (15)_resized_1024x1024_sharpened.jpg
2024-10-26 14:58:40 - tabs.image_tab - INFO - Finished processing dropped image files.
2024-10-26 15:46:54 - tabs.text_tab - INFO - Handling dropped text files.
2024-10-26 15:46:54 - tabs.text_tab - INFO - Starting processing for dropped files: ['C:/Users/MikeM/Asylum-Shared/2-Mortl/Art/Mortl_Clay (1).txt', 'C:/Users/MikeM/Asylum-Shared/2-Mortl/Art/Mortl_Clay (2).txt', 'C:/Users/MikeM/Asylum-Shared/2-Mortl/Art/Mortl_Clay (3).txt', 'C:/Users/MikeM/Asylum-Shared/2-Mortl/Art/Mortl_Clay (4).txt', 'C:/Users/MikeM/Asylum-Shared/2-Mortl/Art/Mortl_Clay (5).txt', 'C:/Users/MikeM/Asylum-Shared/2-Mortl/Art/Mortl_Clay (6).txt', 'C:/Users/MikeM/Asylum-Shared/2-Mortl/Art/Mortl_Clay (7).txt', 'C:/Users/MikeM/Asylum-Shared/2-Mortl/Art/Mortl_Clay (8).txt', 'C:/Users/MikeM/Asylum-Shared/2-Mortl/Art/Mortl_Clay (9).txt', 'C:/Users/MikeM/Asylum-Shared/2-Mortl/Art/Mortl_Clay (10).txt', 'C:/Users/MikeM/Asylum-Shared/2-Mortl/Art/Mortl_Clay (11).txt', 'C:/Users/MikeM/Asylum-Shared/2-Mortl/Art/Mortl_ComicBook (1).txt', 'C:/Users/MikeM/Asylum-Shared/2-Mortl/Art/Mortl_ComicBook (2).txt', 'C:/Users/MikeM/Asylum-Shared/2-Mortl/Art/Mortl_ComicBook (3).txt', 'C:/Users/MikeM/Asylum-Shared/2-Mortl/Art/Mortl_ComicBook (4).txt', 'C:/Users/MikeM/Asylum-Shared/2-Mortl/Art/Mortl_ComicBook (5).txt', 'C:/Users/MikeM/Asylum-Shared/2-Mortl/Art/Mortl_ComicBook (6).txt', 'C:/Users/MikeM/Asylum-Shared/2-Mortl/Art/Mortl_ComicBook (7).txt', 'C:/Users/MikeM/Asylum-Shared/2-Mortl/Art/Mortl_ComicBook (8).txt', 'C:/Users/MikeM/Asylum-Shared/2-Mortl/Art/Mortl_ComicBook (9).txt', 'C:/Users/MikeM/Asylum-Shared/2-Mortl/Art/Mortl_ComicBook (10).txt', 'C:/Users/MikeM/Asylum-Shared/2-Mortl/Art/Mortl_ComicBook (11).txt', 'C:/Users/MikeM/Asylum-Shared/2-Mortl/Art/Mortl_ComicBook (12).txt', 'C:/Users/MikeM/Asylum-Shared/2-Mortl/Art/Mortl_ComicBook (13).txt', 'C:/Users/MikeM/Asylum-Shared/2-Mortl/Art/Mortl_ComicBook (14).txt', 'C:/Users/MikeM/Asylum-Shared/2-Mortl/Art/Mortl_ComicBook (15).txt', 'C:/Users/MikeM/Asylum-Shared/2-Mortl/Art/Mortl_Realistic (1).txt', 'C:/Users/MikeM/Asylum-Shared/2-Mortl/Art/Mortl_Realistic (2).txt', 'C:/Users/MikeM/Asylum-Shared/2-Mortl/Art/Mortl_Realistic (3).txt', 'C:/Users/MikeM/Asylum-Shared/2-Mortl/Art/Mortl_Realistic (4).txt', 'C:/Users/MikeM/Asylum-Shared/2-Mortl/Art/Mortl_Realistic (5).txt', 'C:/Users/MikeM/Asylum-Shared/2-Mortl/Art/Mortl_Realistic (6).txt', 'C:/Users/MikeM/Asylum-Shared/2-Mortl/Art/Mortl_Realistic (7).txt', 'C:/Users/MikeM/Asylum-Shared/2-Mortl/Art/Mortl_Realistic (8).txt', 'C:/Users/MikeM/Asylum-Shared/2-Mortl/Art/Mortl_Realistic (9).txt', 'C:/Users/MikeM/Asylum-Shared/2-Mortl/Art/Mortl_Realistic (10).txt', 'C:/Users/MikeM/Asylum-Shared/2-Mortl/Art/Mortl_Realistic (11).txt']
2024-10-26 15:46:54 - tabs.text_tab - INFO - Processing dropped text files.
2024-10-26 15:46:54 - tabs.text_tab - INFO - Merging text files.
2024-10-26 15:46:54 - utils.helpers - DEBUG - Output directory already exists: C:/Users/MikeM/Asylum-Shared/2-Mortl/Art\output
2024-10-26 15:46:54 - tabs.text_tab - INFO - Text files merged and saved to: C:/Users/MikeM/Asylum-Shared/2-Mortl/Art\output\merged.txt
2024-10-26 15:47:26 - tabs.text_tab - INFO - Handling dropped text files.
2024-10-26 15:47:26 - tabs.text_tab - INFO - Starting processing for dropped files: ['C:/Users/MikeM/Asylum-Shared/2-Mortl/Art/output/merged.txt']
2024-10-26 15:47:26 - tabs.text_tab - INFO - Processing dropped text files.
2024-10-26 15:47:26 - tabs.text_tab - INFO - Deduplicating text file: C:/Users/MikeM/Asylum-Shared/2-Mortl/Art/output/merged.txt
2024-10-26 15:47:26 - utils.helpers - INFO - Created output directory: C:/Users/MikeM/Asylum-Shared/2-Mortl/Art/output\output
2024-10-26 15:47:26 - tabs.text_tab - INFO - Duplicate words removed, file saved to: C:/Users/MikeM/Asylum-Shared/2-Mortl/Art/output\output\merged_deduplicated.txt
2024-10-26 15:47:26 - tabs.text_tab - INFO - Finished processing dropped text files.
2024-11-05 22:39:17 - utils.logging_config - INFO - Logging setup complete.
2024-11-05 22:39:17 - tabs.audio_tab - INFO - Setting up Audio tab.
2024-11-05 22:39:17 - tabs.audio_tab - INFO - Audio tab setup complete.
2024-11-05 22:39:17 - tabs.image_tab - INFO - Setting up Image tab.
2024-11-05 22:39:17 - tabs.image_tab - INFO - Image tab setup complete.
2024-11-05 22:39:17 - tabs.text_tab - INFO - Setting up Text tab.
2024-11-05 22:39:17 - tabs.text_tab - INFO - Text tab setup complete.
2024-11-05 22:39:17 - tabs.video_tab - INFO - Setting up Video tab.
2024-11-05 22:39:17 - tabs.video_tab - INFO - Video tab setup complete.
2024-11-05 22:39:24 - tabs.audio_tab - INFO - Handling dropped audio files.
2024-11-05 22:39:24 - tabs.audio_tab - INFO - Starting processing for dropped files: ['M:/Music/Rekordbox_Recordings/DJ Mortl/Mortl-Painting_at_Emoteps_Studio_(Mastered).wav']
2024-11-05 22:39:24 - tabs.audio_tab - INFO - Processing dropped audio files.
2024-11-05 22:39:24 - tabs.audio_tab - INFO - Processing audio file: M:/Music/Rekordbox_Recordings/DJ Mortl/Mortl-Painting_at_Emoteps_Studio_(Mastered).wav
2024-11-05 22:39:24 - utils.helpers - INFO - Created output directory: M:/Music/Rekordbox_Recordings/DJ Mortl\output
2024-11-05 22:39:36 - tabs.audio_tab - INFO - Audio saved to: M:/Music/Rekordbox_Recordings/DJ Mortl\output\Mortl-Painting_at_Emoteps_Studio_(Mastered)_192kbps.mp3
2024-11-05 22:39:36 - tabs.audio_tab - INFO - Finished processing dropped audio files.
2024-11-06 09:53:02 - utils.logging_config - INFO - Logging setup complete.
2024-11-06 09:53:02 - tabs.audio_tab - INFO - Setting up Audio tab.
2024-11-06 09:53:02 - tabs.audio_tab - INFO - Audio tab setup complete.
2024-11-06 09:53:02 - tabs.image_tab - INFO - Setting up Image tab.
2024-11-06 09:53:02 - tabs.image_tab - INFO - Image tab setup complete.
2024-11-06 09:53:02 - tabs.text_tab - INFO - Setting up Text tab.
2024-11-06 09:53:02 - tabs.text_tab - INFO - Text tab setup complete.
2024-11-06 09:53:02 - tabs.video_tab - INFO - Setting up Video tab.
2024-11-06 09:53:02 - tabs.video_tab - INFO - Video tab setup complete.
2024-11-06 09:56:38 - tabs.audio_tab - INFO - Handling dropped audio files.
2024-11-06 09:56:38 - tabs.audio_tab - INFO - Starting processing for dropped files: ['M:/Music/Rekordbox_Recordings/241008_Emotep_StudioSession_03(Mastered).flac', 'E:/NightChurch/Events/NC&TTE/Studio Sessions/EmoTep TTE Pow WoW Set.WAV', 'E:/NightChurch/Events/23.12.16 Skyhills BBQ/Sets/Mastered/23.12.16 Emotep - Skyhill (Mastered).flac', 'E:/NightChurch/Events/23.10.20 Astral Mirage/DJ Sets/Emotep-Astral Mirage Friday (Master).flac', 'E:/NightChurch/Events/23.10.20 Astral Mirage/DJ Sets/Emotep - Astral Mirage Saturday (Master).flac', 'E:/NightChurch/Events/00 Chat and More/Emotep-MiniMix-11-12-2023.WAV']
2024-11-06 09:56:38 - tabs.audio_tab - INFO - Processing dropped audio files.
2024-11-06 09:56:38 - tabs.audio_tab - INFO - Processing audio file: M:/Music/Rekordbox_Recordings/241008_Emotep_StudioSession_03(Mastered).flac
2024-11-06 09:56:38 - utils.helpers - INFO - Created output directory: M:/Music/Rekordbox_Recordings\output
2024-11-06 09:57:34 - tabs.audio_tab - ERROR - Error processing audio file M:/Music/Rekordbox_Recordings/241008_Emotep_StudioSession_03(Mastered).flac: Command '['ffmpeg', '-i', 'M:/Music/Rekordbox_Recordings/241008_Emotep_StudioSession_03(Mastered).flac', '-b:a', '192k', 'M:/Music/Rekordbox_Recordings\\output\\241008_Emotep_StudioSession_03(Mastered)_192kbps.mp3']' returned non-zero exit status 255.
2024-11-06 09:57:34 - tabs.audio_tab - INFO - Processing audio file: E:/NightChurch/Events/NC&TTE/Studio Sessions/EmoTep TTE Pow WoW Set.WAV
2024-11-06 09:57:34 - utils.helpers - INFO - Created output directory: E:/NightChurch/Events/NC&TTE/Studio Sessions\output
2024-11-06 09:58:09 - tabs.audio_tab - INFO - Audio saved to: E:/NightChurch/Events/NC&TTE/Studio Sessions\output\EmoTep TTE Pow WoW Set_192kbps.mp3
2024-11-06 09:58:09 - tabs.audio_tab - INFO - Processing audio file: E:/NightChurch/Events/23.12.16 Skyhills BBQ/Sets/Mastered/23.12.16 Emotep - Skyhill (Mastered).flac
2024-11-06 09:58:09 - utils.helpers - INFO - Created output directory: E:/NightChurch/Events/23.12.16 Skyhills BBQ/Sets/Mastered\output
2024-11-06 09:58:55 - tabs.audio_tab - INFO - Audio saved to: E:/NightChurch/Events/23.12.16 Skyhills BBQ/Sets/Mastered\output\23.12.16 Emotep - Skyhill (Mastered)_192kbps.mp3
2024-11-06 09:58:55 - tabs.audio_tab - INFO - Processing audio file: E:/NightChurch/Events/23.10.20 Astral Mirage/DJ Sets/Emotep-Astral Mirage Friday (Master).flac
2024-11-06 09:58:55 - utils.helpers - INFO - Created output directory: E:/NightChurch/Events/23.10.20 Astral Mirage/DJ Sets\output
2024-11-06 09:59:18 - tabs.audio_tab - INFO - Audio saved to: E:/NightChurch/Events/23.10.20 Astral Mirage/DJ Sets\output\Emotep-Astral Mirage Friday (Master)_192kbps.mp3
2024-11-06 09:59:18 - tabs.audio_tab - INFO - Processing audio file: E:/NightChurch/Events/23.10.20 Astral Mirage/DJ Sets/Emotep - Astral Mirage Saturday (Master).flac
2024-11-06 09:59:18 - utils.helpers - DEBUG - Output directory already exists: E:/NightChurch/Events/23.10.20 Astral Mirage/DJ Sets\output
2024-11-06 09:59:51 - tabs.audio_tab - INFO - Audio saved to: E:/NightChurch/Events/23.10.20 Astral Mirage/DJ Sets\output\Emotep - Astral Mirage Saturday (Master)_192kbps.mp3
2024-11-06 09:59:51 - tabs.audio_tab - INFO - Processing audio file: E:/NightChurch/Events/00 Chat and More/Emotep-MiniMix-11-12-2023.WAV
2024-11-06 09:59:51 - utils.helpers - INFO - Created output directory: E:/NightChurch/Events/00 Chat and More\output
2024-11-06 09:59:57 - tabs.audio_tab - INFO - Audio saved to: E:/NightChurch/Events/00 Chat and More\output\Emotep-MiniMix-11-12-2023_192kbps.mp3
2024-11-06 09:59:57 - tabs.audio_tab - INFO - Finished processing dropped audio files.
2024-11-06 10:03:38 - tabs.image_tab - INFO - Handling dropped image files.
2024-11-06 10:03:38 - tabs.image_tab - INFO - Starting processing for dropped files: ['C:/Users/MikeM/Asylum-Shared/1-Emotep/Art/sbetbt.jpg']
2024-11-06 10:03:38 - tabs.image_tab - INFO - Processing dropped image files.
2024-11-06 10:03:38 - tabs.image_tab - INFO - Processing image: C:/Users/MikeM/Asylum-Shared/1-Emotep/Art/sbetbt.jpg
2024-11-06 10:03:38 - utils.helpers - INFO - Created output directory: C:/Users/MikeM/Asylum-Shared/1-Emotep/Art\output
2024-11-06 10:03:38 - tabs.image_tab - INFO - Image saved to: C:/Users/MikeM/Asylum-Shared/1-Emotep/Art\output\sbetbt_resized_512x512_sharpened.jpg
2024-11-06 10:03:38 - tabs.image_tab - INFO - Finished processing dropped image files.
2024-11-06 10:04:02 - tabs.image_tab - INFO - Handling dropped image files.
2024-11-06 10:04:02 - tabs.image_tab - INFO - Starting processing for dropped files: ['C:/Users/MikeM/Asylum-Shared/1-Emotep/Art/bnetrner.jpg']
2024-11-06 10:04:02 - tabs.image_tab - INFO - Processing dropped image files.
2024-11-06 10:04:02 - tabs.image_tab - INFO - Processing image: C:/Users/MikeM/Asylum-Shared/1-Emotep/Art/bnetrner.jpg
2024-11-06 10:04:02 - utils.helpers - DEBUG - Output directory already exists: C:/Users/MikeM/Asylum-Shared/1-Emotep/Art\output
2024-11-06 10:04:02 - tabs.image_tab - INFO - Image saved to: C:/Users/MikeM/Asylum-Shared/1-Emotep/Art\output\bnetrner_resized_512x512_sharpened.jpg
2024-11-06 10:04:02 - tabs.image_tab - INFO - Finished processing dropped image files.
2024-11-06 10:04:16 - tabs.image_tab - INFO - Handling dropped image files.
2024-11-06 10:04:16 - tabs.image_tab - INFO - Starting processing for dropped files: ['C:/Users/MikeM/Asylum-Shared/1-Emotep/Art/sbetbt.jpg']
2024-11-06 10:04:16 - tabs.image_tab - INFO - Processing dropped image files.
2024-11-06 10:04:16 - tabs.image_tab - INFO - Processing image: C:/Users/MikeM/Asylum-Shared/1-Emotep/Art/sbetbt.jpg
2024-11-06 10:04:16 - utils.helpers - DEBUG - Output directory already exists: C:/Users/MikeM/Asylum-Shared/1-Emotep/Art\output
2024-11-06 10:04:16 - tabs.image_tab - INFO - Image saved to: C:/Users/MikeM/Asylum-Shared/1-Emotep/Art\output\sbetbt_resized_512x512_sharpened_001.jpg
2024-11-06 10:04:16 - tabs.image_tab - INFO - Finished processing dropped image files.
2024-11-06 11:52:37 - utils.logging_config - INFO - Logging setup complete.
2024-11-06 11:52:37 - tabs.audio_tab - INFO - Setting up Audio tab.
2024-11-06 11:52:37 - tabs.audio_tab - INFO - Audio tab setup complete.
2024-11-06 11:52:37 - tabs.image_tab - INFO - Setting up Image tab.
2024-11-06 11:52:37 - tabs.image_tab - INFO - Image tab setup complete.
2024-11-06 11:52:37 - tabs.text_tab - INFO - Setting up Text tab.
2024-11-06 11:52:37 - tabs.text_tab - INFO - Text tab setup complete.
2024-11-06 11:52:37 - tabs.video_tab - INFO - Setting up Video tab.
2024-11-06 11:52:37 - tabs.video_tab - INFO - Video tab setup complete.
2024-11-06 11:52:46 - tabs.audio_tab - INFO - Handling dropped audio files.
2024-11-06 11:52:46 - tabs.audio_tab - INFO - Starting processing for dropped files: ['C:/Users/MikeM/Asylum-Shared/2-Mortl/Music/Broadcasts/Mortl-Painting_at_Emoteps_Studio.mp3']
2024-11-06 11:52:46 - tabs.audio_tab - INFO - Processing dropped audio files.
2024-11-06 11:52:46 - tabs.audio_tab - INFO - Processing audio file: C:/Users/MikeM/Asylum-Shared/2-Mortl/Music/Broadcasts/Mortl-Painting_at_Emoteps_Studio.mp3
2024-11-06 11:52:46 - utils.helpers - INFO - Created output directory: C:/Users/MikeM/Asylum-Shared/2-Mortl/Music/Broadcasts\output
2024-11-06 11:52:57 - tabs.audio_tab - INFO - Audio saved to: C:/Users/MikeM/Asylum-Shared/2-Mortl/Music/Broadcasts\output\Mortl-Painting_at_Emoteps_Studio_192kbps.mp3
2024-11-06 11:52:57 - tabs.audio_tab - INFO - Finished processing dropped audio files.
2024-11-07 17:33:18 - utils.logging_config - INFO - Logging setup complete.
2024-11-07 17:33:19 - tabs.audio_tab - INFO - Setting up Audio tab.
2024-11-07 17:33:19 - tabs.audio_tab - INFO - Audio tab setup complete.
2024-11-07 17:33:19 - tabs.image_tab - INFO - Setting up Image tab.
2024-11-07 17:33:19 - tabs.image_tab - INFO - Image tab setup complete.
2024-11-07 17:33:19 - tabs.text_tab - INFO - Setting up Text tab.
2024-11-07 17:33:19 - tabs.text_tab - INFO - Text tab setup complete.
2024-11-07 17:33:19 - tabs.video_tab - INFO - Setting up Video tab.
2024-11-07 17:33:19 - tabs.video_tab - INFO - Video tab setup complete.
2024-11-07 17:33:28 - tabs.image_tab - INFO - Handling dropped image files.
2024-11-07 17:33:28 - tabs.image_tab - INFO - Starting processing for dropped files: ['C:/Users/MikeM/OneDrive/Desktop/signal-2024-11-07-173252.jpeg']
2024-11-07 17:33:28 - tabs.image_tab - INFO - Processing dropped image files.
2024-11-07 17:33:28 - tabs.image_tab - INFO - Processing image: C:/Users/MikeM/OneDrive/Desktop/signal-2024-11-07-173252.jpeg
2024-11-07 17:33:28 - PIL.TiffImagePlugin - DEBUG - tag: Orientation (274) - type: short (3) - value: b'\x00\x01'
2024-11-07 17:33:28 - PIL.TiffImagePlugin - DEBUG - tag: ExifIFD (34665) - type: long (4) - value: b'\x00\x00\x00&'
2024-11-07 17:33:28 - utils.helpers - INFO - Created output directory: C:/Users/MikeM/OneDrive/Desktop\output
2024-11-07 17:33:28 - tabs.image_tab - INFO - Image saved to: C:/Users/MikeM/OneDrive/Desktop\output\signal-2024-11-07-173252_resized_1024x1024_sharpened.jpeg
2024-11-07 17:33:28 - tabs.image_tab - INFO - Finished processing dropped image files.
2024-11-10 11:09:29 - utils.logging_config - INFO - Logging setup complete.
2024-11-10 11:09:29 - tabs.audio_tab - INFO - Setting up Audio tab.
2024-11-10 11:09:29 - tabs.audio_tab - INFO - Audio tab setup complete.
2024-11-10 11:09:29 - tabs.image_tab - INFO - Setting up Image tab.
2024-11-10 11:09:29 - tabs.image_tab - INFO - Image tab setup complete.
2024-11-10 11:09:29 - tabs.text_tab - INFO - Setting up Text tab.
2024-11-10 11:09:29 - tabs.text_tab - INFO - Text tab setup complete.
2024-11-10 11:09:29 - tabs.video_tab - INFO - Setting up Video tab.
2024-11-10 11:09:29 - tabs.video_tab - INFO - Video tab setup complete.
2024-11-10 11:09:42 - tabs.audio_tab - INFO - Handling dropped audio files.
2024-11-10 11:09:42 - tabs.audio_tab - INFO - Processing dropped audio files.
2024-11-10 11:09:42 - tabs.audio_tab - INFO - Processing audio file: C:/Users/MikeM/OneDrive/Desktop/New folder (2)/75 - Nanosphere - Swamp Dimension.flac
2024-11-10 11:09:42 - utils.helpers - INFO - Created output directory: C:/Users/MikeM/OneDrive/Desktop/New folder (2)\output
2024-11-10 11:09:46 - tabs.audio_tab - INFO - Audio saved to: C:/Users/MikeM/OneDrive/Desktop/New folder (2)\output\75 - Nanosphere - Swamp Dimension_192kbps.mp3
2024-11-10 11:09:46 - tabs.audio_tab - INFO - Processing audio file: C:/Users/MikeM/OneDrive/Desktop/New folder (2)/76 - Symbolico, Earth Connect - Hanging in Space.flac
2024-11-10 11:09:46 - utils.helpers - DEBUG - Output directory already exists: C:/Users/MikeM/OneDrive/Desktop/New folder (2)\output
2024-11-10 11:09:48 - tabs.audio_tab - INFO - Audio saved to: C:/Users/MikeM/OneDrive/Desktop/New folder (2)\output\76 - Symbolico, Earth Connect - Hanging in Space_192kbps.mp3
2024-11-10 11:09:48 - tabs.audio_tab - INFO - Processing audio file: C:/Users/MikeM/OneDrive/Desktop/New folder (2)/77 - Merkaba, Eve de Voke - Earth.flac
2024-11-10 11:09:48 - utils.helpers - DEBUG - Output directory already exists: C:/Users/MikeM/OneDrive/Desktop/New folder (2)\output
2024-11-10 11:09:56 - tabs.audio_tab - INFO - Audio saved to: C:/Users/MikeM/OneDrive/Desktop/New folder (2)\output\77 - Merkaba, Eve de Voke - Earth_192kbps.mp3
2024-11-10 11:09:56 - tabs.audio_tab - INFO - Processing audio file: C:/Users/MikeM/OneDrive/Desktop/New folder (2)/78 - The Infinity Project, Simon Posford - The Answer (Original Mix).flac
2024-11-10 11:09:56 - utils.helpers - DEBUG - Output directory already exists: C:/Users/MikeM/OneDrive/Desktop/New folder (2)\output
2024-11-10 11:10:01 - tabs.audio_tab - INFO - Audio saved to: C:/Users/MikeM/OneDrive/Desktop/New folder (2)\output\78 - The Infinity Project, Simon Posford - The Answer (Original Mix)_192kbps.mp3
2024-11-10 11:10:01 - tabs.audio_tab - INFO - Processing audio file: C:/Users/MikeM/OneDrive/Desktop/New folder (2)/79 - Medicine Fox - Peyote Dream.flac
2024-11-10 11:10:01 - utils.helpers - DEBUG - Output directory already exists: C:/Users/MikeM/OneDrive/Desktop/New folder (2)\output
2024-11-10 11:10:06 - tabs.audio_tab - INFO - Audio saved to: C:/Users/MikeM/OneDrive/Desktop/New folder (2)\output\79 - Medicine Fox - Peyote Dream_192kbps.mp3
2024-11-10 11:10:06 - tabs.audio_tab - INFO - Processing audio file: C:/Users/MikeM/OneDrive/Desktop/New folder (2)/80 - GUMI, Tribone - Narrative Mode.flac
2024-11-10 11:10:06 - utils.helpers - DEBUG - Output directory already exists: C:/Users/MikeM/OneDrive/Desktop/New folder (2)\output
2024-11-10 11:10:10 - tabs.audio_tab - INFO - Audio saved to: C:/Users/MikeM/OneDrive/Desktop/New folder (2)\output\80 - GUMI, Tribone - Narrative Mode_192kbps.mp3
2024-11-10 11:10:10 - tabs.audio_tab - INFO - Processing audio file: C:/Users/MikeM/OneDrive/Desktop/New folder (2)/81 - Shpongle - Divine Moments of Truth.flac
2024-11-10 11:10:10 - utils.helpers - DEBUG - Output directory already exists: C:/Users/MikeM/OneDrive/Desktop/New folder (2)\output
2024-11-10 11:10:15 - tabs.audio_tab - INFO - Audio saved to: C:/Users/MikeM/OneDrive/Desktop/New folder (2)\output\81 - Shpongle - Divine Moments of Truth_192kbps.mp3
2024-11-10 11:10:15 - tabs.audio_tab - INFO - Processing audio file: C:/Users/MikeM/OneDrive/Desktop/New folder (2)/82 - Grouch, Mr Squatch - Drowning in Dub (Mr Squatch Remix).m4a
2024-11-10 11:10:15 - utils.helpers - DEBUG - Output directory already exists: C:/Users/MikeM/OneDrive/Desktop/New folder (2)\output
2024-11-10 11:10:20 - tabs.audio_tab - INFO - Audio saved to: C:/Users/MikeM/OneDrive/Desktop/New folder (2)\output\82 - Grouch, Mr Squatch - Drowning in Dub (Mr Squatch Remix)_192kbps.mp3
2024-11-10 11:10:20 - tabs.audio_tab - INFO - Processing audio file: C:/Users/MikeM/OneDrive/Desktop/New folder (2)/83 - Bluetech - Ace Ventura & Lish (The Light (Bluetech Remix).flac
2024-11-10 11:10:20 - utils.helpers - DEBUG - Output directory already exists: C:/Users/MikeM/OneDrive/Desktop/New folder (2)\output
2024-11-10 11:10:24 - tabs.audio_tab - INFO - Audio saved to: C:/Users/MikeM/OneDrive/Desktop/New folder (2)\output\83 - Bluetech - Ace Ventura & Lish (The Light (Bluetech Remix)_192kbps.mp3
2024-11-10 11:10:24 - tabs.audio_tab - INFO - Processing audio file: C:/Users/MikeM/OneDrive/Desktop/New folder (2)/84 - Bluetech - Ringside At The Parthenon.flac
2024-11-10 11:10:24 - utils.helpers - DEBUG - Output directory already exists: C:/Users/MikeM/OneDrive/Desktop/New folder (2)\output
2024-11-10 11:10:27 - tabs.audio_tab - INFO - Audio saved to: C:/Users/MikeM/OneDrive/Desktop/New folder (2)\output\84 - Bluetech - Ringside At The Parthenon_192kbps.mp3
2024-11-10 11:10:27 - tabs.audio_tab - INFO - Processing audio file: C:/Users/MikeM/OneDrive/Desktop/New folder (2)/85 - Poranguí - Sueños de la Selva (ATYYA Remix).flac
2024-11-10 11:10:27 - utils.helpers - DEBUG - Output directory already exists: C:/Users/MikeM/OneDrive/Desktop/New folder (2)\output
2024-11-10 11:10:30 - tabs.audio_tab - INFO - Audio saved to: C:/Users/MikeM/OneDrive/Desktop/New folder (2)\output\85 - Poranguí - Sueños de la Selva (ATYYA Remix)_192kbps.mp3
2024-11-10 11:10:30 - tabs.audio_tab - INFO - Processing audio file: C:/Users/MikeM/OneDrive/Desktop/New folder (2)/86 - M83 - Lower Your Eyelids To Die With The Sun.flac
2024-11-10 11:10:30 - utils.helpers - DEBUG - Output directory already exists: C:/Users/MikeM/OneDrive/Desktop/New folder (2)\output
2024-11-10 11:10:36 - tabs.audio_tab - INFO - Audio saved to: C:/Users/MikeM/OneDrive/Desktop/New folder (2)\output\86 - M83 - Lower Your Eyelids To Die With The Sun_192kbps.mp3
2024-11-10 11:10:36 - tabs.audio_tab - INFO - Processing audio file: C:/Users/MikeM/OneDrive/Desktop/New folder (2)/87 - Shpongle - Once Upon a Sea of Blissful Awareness (Remastered).flac
2024-11-10 11:10:36 - utils.helpers - DEBUG - Output directory already exists: C:/Users/MikeM/OneDrive/Desktop/New folder (2)\output
2024-11-10 11:10:40 - tabs.audio_tab - INFO - Audio saved to: C:/Users/MikeM/OneDrive/Desktop/New folder (2)\output\87 - Shpongle - Once Upon a Sea of Blissful Awareness (Remastered)_192kbps.mp3
2024-11-10 11:10:40 - tabs.audio_tab - INFO - Processing audio file: C:/Users/MikeM/OneDrive/Desktop/New folder (2)/88 - Desert Dwellers - Seeing Things.flac
2024-11-10 11:10:40 - utils.helpers - DEBUG - Output directory already exists: C:/Users/MikeM/OneDrive/Desktop/New folder (2)\output
2024-11-10 11:10:44 - tabs.audio_tab - INFO - Audio saved to: C:/Users/MikeM/OneDrive/Desktop/New folder (2)\output\88 - Desert Dwellers - Seeing Things_192kbps.mp3
2024-11-10 11:10:44 - tabs.audio_tab - INFO - Processing audio file: C:/Users/MikeM/OneDrive/Desktop/New folder (2)/89 - Shpongle - Juggling Molecules (Desert Dwellers Remix).flac
2024-11-10 11:10:44 - utils.helpers - DEBUG - Output directory already exists: C:/Users/MikeM/OneDrive/Desktop/New folder (2)\output
2024-11-10 11:10:48 - tabs.audio_tab - INFO - Audio saved to: C:/Users/MikeM/OneDrive/Desktop/New folder (2)\output\89 - Shpongle - Juggling Molecules (Desert Dwellers Remix)_192kbps.mp3
2024-11-10 11:10:48 - tabs.audio_tab - INFO - Processing audio file: C:/Users/MikeM/OneDrive/Desktop/New folder (2)/90 - Symbolico - Exquisitely Sensitive.flac
2024-11-10 11:10:48 - utils.helpers - DEBUG - Output directory already exists: C:/Users/MikeM/OneDrive/Desktop/New folder (2)\output
2024-11-10 11:10:51 - tabs.audio_tab - INFO - Audio saved to: C:/Users/MikeM/OneDrive/Desktop/New folder (2)\output\90 - Symbolico - Exquisitely Sensitive_192kbps.mp3
2024-11-10 11:10:51 - tabs.audio_tab - INFO - Processing audio file: C:/Users/MikeM/OneDrive/Desktop/New folder (2)/91 - Necton - Bug Squad Dub.flac
2024-11-10 11:10:51 - utils.helpers - DEBUG - Output directory already exists: C:/Users/MikeM/OneDrive/Desktop/New folder (2)\output
2024-11-10 11:10:54 - tabs.audio_tab - INFO - Audio saved to: C:/Users/MikeM/OneDrive/Desktop/New folder (2)\output\91 - Necton - Bug Squad Dub_192kbps.mp3
2024-11-10 11:10:54 - tabs.audio_tab - INFO - Processing audio file: C:/Users/MikeM/OneDrive/Desktop/New folder (2)/Ipotocaticac - Color Vision (Free Download) - 01 01 - Ipotocaticac - Labyrinth (160bpm).flac
2024-11-10 11:10:54 - utils.helpers - DEBUG - Output directory already exists: C:/Users/MikeM/OneDrive/Desktop/New folder (2)\output
2024-11-10 11:10:59 - tabs.audio_tab - INFO - Audio saved to: C:/Users/MikeM/OneDrive/Desktop/New folder (2)\output\Ipotocaticac - Color Vision (Free Download) - 01 01 - Ipotocaticac - Labyrinth (160bpm)_192kbps.mp3
2024-11-10 11:10:59 - tabs.audio_tab - INFO - Processing audio file: C:/Users/MikeM/OneDrive/Desktop/New folder (2)/Ipotocaticac - Color Vision (Free Download) - 02 02 - Ipotocaticac and Le Malinard - La Lumière (165bpm).flac
2024-11-10 11:10:59 - utils.helpers - DEBUG - Output directory already exists: C:/Users/MikeM/OneDrive/Desktop/New folder (2)\output
2024-11-10 11:11:03 - tabs.audio_tab - INFO - Audio saved to: C:/Users/MikeM/OneDrive/Desktop/New folder (2)\output\Ipotocaticac - Color Vision (Free Download) - 02 02 - Ipotocaticac and Le Malinard - La Lumière (165bpm)_192kbps.mp3
2024-11-10 11:11:03 - tabs.audio_tab - INFO - Processing audio file: C:/Users/MikeM/OneDrive/Desktop/New folder (2)/Ipotocaticac - Color Vision (Free Download) - 03 03 - Ipotocaticac - Stellar Regions (170bpm).flac
2024-11-10 11:11:03 - utils.helpers - DEBUG - Output directory already exists: C:/Users/MikeM/OneDrive/Desktop/New folder (2)\output
2024-11-10 11:11:10 - tabs.audio_tab - INFO - Audio saved to: C:/Users/MikeM/OneDrive/Desktop/New folder (2)\output\Ipotocaticac - Color Vision (Free Download) - 03 03 - Ipotocaticac - Stellar Regions (170bpm)_192kbps.mp3
2024-11-10 11:11:10 - tabs.audio_tab - INFO - Processing audio file: C:/Users/MikeM/OneDrive/Desktop/New folder (2)/01 - Azu Tiwaline - Blowing Flow.flac
2024-11-10 11:11:10 - utils.helpers - DEBUG - Output directory already exists: C:/Users/MikeM/OneDrive/Desktop/New folder (2)\output
2024-11-10 11:11:12 - tabs.audio_tab - INFO - Audio saved to: C:/Users/MikeM/OneDrive/Desktop/New folder (2)\output\01 - Azu Tiwaline - Blowing Flow_192kbps.mp3
2024-11-10 11:11:12 - tabs.audio_tab - INFO - Processing audio file: C:/Users/MikeM/OneDrive/Desktop/New folder (2)/01 - Azu Tiwaline - Ethereal Tribes.flac
2024-11-10 11:11:12 - utils.helpers - DEBUG - Output directory already exists: C:/Users/MikeM/OneDrive/Desktop/New folder (2)\output
2024-11-10 11:11:15 - tabs.audio_tab - INFO - Audio saved to: C:/Users/MikeM/OneDrive/Desktop/New folder (2)\output\01 - Azu Tiwaline - Ethereal Tribes_192kbps.mp3
2024-11-10 11:11:15 - tabs.audio_tab - INFO - Processing audio file: C:/Users/MikeM/OneDrive/Desktop/New folder (2)/01 - Azu Tiwaline - Golden Dawn.flac
2024-11-10 11:11:15 - utils.helpers - DEBUG - Output directory already exists: C:/Users/MikeM/OneDrive/Desktop/New folder (2)\output
2024-11-10 11:11:18 - tabs.audio_tab - INFO - Audio saved to: C:/Users/MikeM/OneDrive/Desktop/New folder (2)\output\01 - Azu Tiwaline - Golden Dawn_192kbps.mp3
2024-11-10 11:11:18 - tabs.audio_tab - INFO - Processing audio file: C:/Users/MikeM/OneDrive/Desktop/New folder (2)/01 - Azu Tiwaline - Into The Void.flac
2024-11-10 11:11:18 - utils.helpers - DEBUG - Output directory already exists: C:/Users/MikeM/OneDrive/Desktop/New folder (2)\output
2024-11-10 11:11:23 - tabs.audio_tab - INFO - Audio saved to: C:/Users/MikeM/OneDrive/Desktop/New folder (2)\output\01 - Azu Tiwaline - Into The Void_192kbps.mp3
2024-11-10 11:11:23 - tabs.audio_tab - INFO - Processing audio file: C:/Users/MikeM/OneDrive/Desktop/New folder (2)/01 - Azu Tiwaline - Itrik (Radio Edit).flac
2024-11-10 11:11:23 - utils.helpers - DEBUG - Output directory already exists: C:/Users/MikeM/OneDrive/Desktop/New folder (2)\output
2024-11-10 11:11:26 - tabs.audio_tab - INFO - Audio saved to: C:/Users/MikeM/OneDrive/Desktop/New folder (2)\output\01 - Azu Tiwaline - Itrik (Radio Edit)_192kbps.mp3
2024-11-10 11:11:26 - tabs.audio_tab - INFO - Processing audio file: C:/Users/MikeM/OneDrive/Desktop/New folder (2)/01 - Azu Tiwaline - Long Hypnosis.flac
2024-11-10 11:11:26 - utils.helpers - DEBUG - Output directory already exists: C:/Users/MikeM/OneDrive/Desktop/New folder (2)\output
2024-11-10 11:11:29 - tabs.audio_tab - INFO - Audio saved to: C:/Users/MikeM/OneDrive/Desktop/New folder (2)\output\01 - Azu Tiwaline - Long Hypnosis_192kbps.mp3
2024-11-10 11:11:29 - tabs.audio_tab - INFO - Processing audio file: C:/Users/MikeM/OneDrive/Desktop/New folder (2)/01 - Azu Tiwaline - Night in Palmtree.flac
2024-11-10 11:11:29 - utils.helpers - DEBUG - Output directory already exists: C:/Users/MikeM/OneDrive/Desktop/New folder (2)\output
2024-11-10 11:11:32 - tabs.audio_tab - INFO - Audio saved to: C:/Users/MikeM/OneDrive/Desktop/New folder (2)\output\01 - Azu Tiwaline - Night in Palmtree_192kbps.mp3
2024-11-10 11:11:32 - tabs.audio_tab - INFO - Processing audio file: C:/Users/MikeM/OneDrive/Desktop/New folder (2)/01 - Azu Tiwaline - Nissa.flac
2024-11-10 11:11:32 - utils.helpers - DEBUG - Output directory already exists: C:/Users/MikeM/OneDrive/Desktop/New folder (2)\output
2024-11-10 11:11:35 - tabs.audio_tab - INFO - Audio saved to: C:/Users/MikeM/OneDrive/Desktop/New folder (2)\output\01 - Azu Tiwaline - Nissa_192kbps.mp3
2024-11-10 11:11:35 - tabs.audio_tab - INFO - Processing audio file: C:/Users/MikeM/OneDrive/Desktop/New folder (2)/01 - Azu Tiwaline - Omok (Radio Edit).flac
2024-11-10 11:11:35 - utils.helpers - DEBUG - Output directory already exists: C:/Users/MikeM/OneDrive/Desktop/New folder (2)\output
2024-11-10 11:11:37 - tabs.audio_tab - INFO - Audio saved to: C:/Users/MikeM/OneDrive/Desktop/New folder (2)\output\01 - Azu Tiwaline - Omok (Radio Edit)_192kbps.mp3
2024-11-10 11:11:37 - tabs.audio_tab - INFO - Processing audio file: C:/Users/MikeM/OneDrive/Desktop/New folder (2)/01 - Azu Tiwaline - Through Exodub.flac
2024-11-10 11:11:37 - utils.helpers - DEBUG - Output directory already exists: C:/Users/MikeM/OneDrive/Desktop/New folder (2)\output
2024-11-10 11:11:40 - tabs.audio_tab - INFO - Audio saved to: C:/Users/MikeM/OneDrive/Desktop/New folder (2)\output\01 - Azu Tiwaline - Through Exodub_192kbps.mp3
2024-11-10 11:11:40 - tabs.audio_tab - INFO - Processing audio file: C:/Users/MikeM/OneDrive/Desktop/New folder (2)/01 - Azu Tiwaline - Until the End.flac
2024-11-10 11:11:40 - utils.helpers - DEBUG - Output directory already exists: C:/Users/MikeM/OneDrive/Desktop/New folder (2)\output
2024-11-10 11:11:43 - tabs.audio_tab - INFO - Audio saved to: C:/Users/MikeM/OneDrive/Desktop/New folder (2)\output\01 - Azu Tiwaline - Until the End_192kbps.mp3
2024-11-10 11:11:43 - tabs.audio_tab - INFO - Processing audio file: C:/Users/MikeM/OneDrive/Desktop/New folder (2)/01 - Azu Tiwaline, Al Wootton - Blue Dub.flac
2024-11-10 11:11:43 - utils.helpers - DEBUG - Output directory already exists: C:/Users/MikeM/OneDrive/Desktop/New folder (2)\output
2024-11-10 11:11:47 - tabs.audio_tab - INFO - Audio saved to: C:/Users/MikeM/OneDrive/Desktop/New folder (2)\output\01 - Azu Tiwaline, Al Wootton - Blue Dub_192kbps.mp3
2024-11-10 11:11:47 - tabs.audio_tab - INFO - Processing audio file: C:/Users/MikeM/OneDrive/Desktop/New folder (2)/01 - Azu Tiwaline, Cinna Peyghamy - Lowww.flac
2024-11-10 11:11:47 - utils.helpers - DEBUG - Output directory already exists: C:/Users/MikeM/OneDrive/Desktop/New folder (2)\output
2024-11-10 11:11:49 - tabs.audio_tab - INFO - Audio saved to: C:/Users/MikeM/OneDrive/Desktop/New folder (2)\output\01 - Azu Tiwaline, Cinna Peyghamy - Lowww_192kbps.mp3
2024-11-10 11:11:49 - tabs.audio_tab - INFO - Processing audio file: C:/Users/MikeM/OneDrive/Desktop/New folder (2)/01 - Azu Tiwaline, Cinna Peyghamy - Magnetic Service.flac
2024-11-10 11:11:49 - utils.helpers - DEBUG - Output directory already exists: C:/Users/MikeM/OneDrive/Desktop/New folder (2)\output
2024-11-10 11:11:53 - tabs.audio_tab - INFO - Audio saved to: C:/Users/MikeM/OneDrive/Desktop/New folder (2)\output\01 - Azu Tiwaline, Cinna Peyghamy - Magnetic Service_192kbps.mp3
2024-11-10 11:11:53 - tabs.audio_tab - INFO - Processing audio file: C:/Users/MikeM/OneDrive/Desktop/New folder (2)/01 - Azu Tiwaline, Flore - Berbeka (Flore Remix).flac
2024-11-10 11:11:53 - utils.helpers - DEBUG - Output directory already exists: C:/Users/MikeM/OneDrive/Desktop/New folder (2)\output
2024-11-10 11:11:57 - tabs.audio_tab - INFO - Audio saved to: C:/Users/MikeM/OneDrive/Desktop/New folder (2)\output\01 - Azu Tiwaline, Flore - Berbeka (Flore Remix)_192kbps.mp3
2024-11-10 11:11:57 - tabs.audio_tab - INFO - Processing audio file: C:/Users/MikeM/OneDrive/Desktop/New folder (2)/01 - Azu Tiwaline, Forest Drive West - The Pitch.flac
2024-11-10 11:11:57 - utils.helpers - DEBUG - Output directory already exists: C:/Users/MikeM/OneDrive/Desktop/New folder (2)\output
2024-11-10 11:11:58 - tabs.audio_tab - INFO - Audio saved to: C:/Users/MikeM/OneDrive/Desktop/New folder (2)\output\01 - Azu Tiwaline, Forest Drive West - The Pitch_192kbps.mp3
2024-11-10 11:11:58 - tabs.audio_tab - INFO - Processing audio file: C:/Users/MikeM/OneDrive/Desktop/New folder (2)/01 - Azu Tiwaline, HIIIT - Brain Rattled.flac
2024-11-10 11:11:58 - utils.helpers - DEBUG - Output directory already exists: C:/Users/MikeM/OneDrive/Desktop/New folder (2)\output
2024-11-10 11:12:01 - tabs.audio_tab - INFO - Audio saved to: C:/Users/MikeM/OneDrive/Desktop/New folder (2)\output\01 - Azu Tiwaline, HIIIT - Brain Rattled_192kbps.mp3
2024-11-10 11:12:01 - tabs.audio_tab - INFO - Processing audio file: C:/Users/MikeM/OneDrive/Desktop/New folder (2)/01 - Azu Tiwaline, Labdi - Hewa.flac
2024-11-10 11:12:01 - utils.helpers - DEBUG - Output directory already exists: C:/Users/MikeM/OneDrive/Desktop/New folder (2)\output
2024-11-10 11:12:03 - tabs.audio_tab - INFO - Audio saved to: C:/Users/MikeM/OneDrive/Desktop/New folder (2)\output\01 - Azu Tiwaline, Labdi - Hewa_192kbps.mp3
2024-11-10 11:12:03 - tabs.audio_tab - INFO - Processing audio file: C:/Users/MikeM/OneDrive/Desktop/New folder (2)/01 - Dino Sabatini - Dakarai.flac
2024-11-10 11:12:03 - utils.helpers - DEBUG - Output directory already exists: C:/Users/MikeM/OneDrive/Desktop/New folder (2)\output
2024-11-10 11:12:07 - tabs.audio_tab - INFO - Audio saved to: C:/Users/MikeM/OneDrive/Desktop/New folder (2)\output\01 - Dino Sabatini - Dakarai_192kbps.mp3
2024-11-10 11:12:07 - tabs.audio_tab - INFO - Processing audio file: C:/Users/MikeM/OneDrive/Desktop/New folder (2)/01 - Drumatik - Drumming Tribes (Original).flac
2024-11-10 11:12:07 - utils.helpers - DEBUG - Output directory already exists: C:/Users/MikeM/OneDrive/Desktop/New folder (2)\output
2024-11-10 11:12:11 - tabs.audio_tab - INFO - Audio saved to: C:/Users/MikeM/OneDrive/Desktop/New folder (2)\output\01 - Drumatik - Drumming Tribes (Original)_192kbps.mp3
2024-11-10 11:12:11 - tabs.audio_tab - INFO - Processing audio file: C:/Users/MikeM/OneDrive/Desktop/New folder (2)/01 - Drumatik - Optical Delusions (Original Mix).flac
2024-11-10 11:12:11 - utils.helpers - DEBUG - Output directory already exists: C:/Users/MikeM/OneDrive/Desktop/New folder (2)\output
2024-11-10 11:12:16 - tabs.audio_tab - INFO - Audio saved to: C:/Users/MikeM/OneDrive/Desktop/New folder (2)\output\01 - Drumatik - Optical Delusions (Original Mix)_192kbps.mp3
2024-11-10 11:12:16 - tabs.audio_tab - INFO - Processing audio file: C:/Users/MikeM/OneDrive/Desktop/New folder (2)/01 - Drumatik - Unlocking Mysteries.flac
2024-11-10 11:12:16 - utils.helpers - DEBUG - Output directory already exists: C:/Users/MikeM/OneDrive/Desktop/New folder (2)\output
2024-11-10 11:12:19 - tabs.audio_tab - INFO - Audio saved to: C:/Users/MikeM/OneDrive/Desktop/New folder (2)\output\01 - Drumatik - Unlocking Mysteries_192kbps.mp3
2024-11-10 11:12:19 - tabs.audio_tab - INFO - Processing audio file: C:/Users/MikeM/OneDrive/Desktop/New folder (2)/01 - Forest Drive West - Hidden Past.flac
2024-11-10 11:12:19 - utils.helpers - DEBUG - Output directory already exists: C:/Users/MikeM/OneDrive/Desktop/New folder (2)\output
2024-11-10 11:12:23 - tabs.audio_tab - INFO - Audio saved to: C:/Users/MikeM/OneDrive/Desktop/New folder (2)\output\01 - Forest Drive West - Hidden Past_192kbps.mp3
2024-11-10 11:12:23 - tabs.audio_tab - INFO - Processing audio file: C:/Users/MikeM/OneDrive/Desktop/New folder (2)/01 - Forest Swords - Torch.flac
2024-11-10 11:12:23 - utils.helpers - DEBUG - Output directory already exists: C:/Users/MikeM/OneDrive/Desktop/New folder (2)\output
2024-11-10 11:12:24 - tabs.audio_tab - INFO - Audio saved to: C:/Users/MikeM/OneDrive/Desktop/New folder (2)\output\01 - Forest Swords - Torch_192kbps.mp3
2024-11-10 11:12:24 - tabs.audio_tab - INFO - Processing audio file: C:/Users/MikeM/OneDrive/Desktop/New folder (2)/01 - Ipotocaticac - For Times to Come.flac
2024-11-10 11:12:24 - utils.helpers - DEBUG - Output directory already exists: C:/Users/MikeM/OneDrive/Desktop/New folder (2)\output
2024-11-10 11:12:29 - tabs.audio_tab - INFO - Audio saved to: C:/Users/MikeM/OneDrive/Desktop/New folder (2)\output\01 - Ipotocaticac - For Times to Come_192kbps.mp3
2024-11-10 11:12:29 - tabs.audio_tab - INFO - Processing audio file: C:/Users/MikeM/OneDrive/Desktop/New folder (2)/01 - Ipotocaticac - Je vais vous dire.flac
2024-11-10 11:12:29 - utils.helpers - DEBUG - Output directory already exists: C:/Users/MikeM/OneDrive/Desktop/New folder (2)\output
2024-11-10 11:12:34 - tabs.audio_tab - INFO - Audio saved to: C:/Users/MikeM/OneDrive/Desktop/New folder (2)\output\01 - Ipotocaticac - Je vais vous dire_192kbps.mp3
2024-11-10 11:12:34 - tabs.audio_tab - INFO - Processing audio file: C:/Users/MikeM/OneDrive/Desktop/New folder (2)/01 - Ipotocaticac - Kaliyuga (Original Mix).flac
2024-11-10 11:12:34 - utils.helpers - DEBUG - Output directory already exists: C:/Users/MikeM/OneDrive/Desktop/New folder (2)\output
2024-11-10 11:12:39 - tabs.audio_tab - INFO - Audio saved to: C:/Users/MikeM/OneDrive/Desktop/New folder (2)\output\01 - Ipotocaticac - Kaliyuga (Original Mix)_192kbps.mp3
2024-11-10 11:12:39 - tabs.audio_tab - INFO - Processing audio file: C:/Users/MikeM/OneDrive/Desktop/New folder (2)/01 - Ipotocaticac - KB1.flac
2024-11-10 11:12:39 - utils.helpers - DEBUG - Output directory already exists: C:/Users/MikeM/OneDrive/Desktop/New folder (2)\output
2024-11-10 11:12:43 - tabs.audio_tab - INFO - Audio saved to: C:/Users/MikeM/OneDrive/Desktop/New folder (2)\output\01 - Ipotocaticac - KB1_192kbps.mp3
2024-11-10 11:12:43 - tabs.audio_tab - INFO - Processing audio file: C:/Users/MikeM/OneDrive/Desktop/New folder (2)/01 - Ipotocaticac - La Croisade S'Amuse.flac
2024-11-10 11:12:43 - utils.helpers - DEBUG - Output directory already exists: C:/Users/MikeM/OneDrive/Desktop/New folder (2)\output
2024-11-10 11:12:46 - tabs.audio_tab - INFO - Audio saved to: C:/Users/MikeM/OneDrive/Desktop/New folder (2)\output\01 - Ipotocaticac - La Croisade S'Amuse_192kbps.mp3
2024-11-10 11:12:46 - tabs.audio_tab - INFO - Processing audio file: C:/Users/MikeM/OneDrive/Desktop/New folder (2)/01 - Ipotocaticac - Mescalito.flac
2024-11-10 11:12:46 - utils.helpers - DEBUG - Output directory already exists: C:/Users/MikeM/OneDrive/Desktop/New folder (2)\output
2024-11-10 11:12:53 - tabs.audio_tab - INFO - Audio saved to: C:/Users/MikeM/OneDrive/Desktop/New folder (2)\output\01 - Ipotocaticac - Mescalito_192kbps.mp3
2024-11-10 11:12:53 - tabs.audio_tab - INFO - Processing audio file: C:/Users/MikeM/OneDrive/Desktop/New folder (2)/01 - Ipotocaticac - Mon Cher Piano a Bout.flac
2024-11-10 11:12:53 - utils.helpers - DEBUG - Output directory already exists: C:/Users/MikeM/OneDrive/Desktop/New folder (2)\output
2024-11-10 11:12:58 - tabs.audio_tab - INFO - Audio saved to: C:/Users/MikeM/OneDrive/Desktop/New folder (2)\output\01 - Ipotocaticac - Mon Cher Piano a Bout_192kbps.mp3
2024-11-10 11:12:58 - tabs.audio_tab - INFO - Processing audio file: C:/Users/MikeM/OneDrive/Desktop/New folder (2)/01 - Ipotocaticac - Presocratic Smile.flac
2024-11-10 11:12:58 - utils.helpers - DEBUG - Output directory already exists: C:/Users/MikeM/OneDrive/Desktop/New folder (2)\output
2024-11-10 11:13:01 - tabs.audio_tab - INFO - Audio saved to: C:/Users/MikeM/OneDrive/Desktop/New folder (2)\output\01 - Ipotocaticac - Presocratic Smile_192kbps.mp3
2024-11-10 11:13:01 - tabs.audio_tab - INFO - Processing audio file: C:/Users/MikeM/OneDrive/Desktop/New folder (2)/01 - Ipotocaticac - The Sea.flac
2024-11-10 11:13:01 - utils.helpers - DEBUG - Output directory already exists: C:/Users/MikeM/OneDrive/Desktop/New folder (2)\output
2024-11-10 11:13:05 - tabs.audio_tab - INFO - Audio saved to: C:/Users/MikeM/OneDrive/Desktop/New folder (2)\output\01 - Ipotocaticac - The Sea_192kbps.mp3
2024-11-10 11:13:05 - tabs.audio_tab - INFO - Processing audio file: C:/Users/MikeM/OneDrive/Desktop/New folder (2)/01 - Ipotocaticac, Post Modern Music - Gold Dust.flac
2024-11-10 11:13:05 - utils.helpers - DEBUG - Output directory already exists: C:/Users/MikeM/OneDrive/Desktop/New folder (2)\output
2024-11-10 11:13:10 - tabs.audio_tab - INFO - Audio saved to: C:/Users/MikeM/OneDrive/Desktop/New folder (2)\output\01 - Ipotocaticac, Post Modern Music - Gold Dust_192kbps.mp3
2024-11-10 11:13:10 - tabs.audio_tab - INFO - Processing audio file: C:/Users/MikeM/OneDrive/Desktop/New folder (2)/01 - Kaspiann - Satakieli.flac
2024-11-10 11:13:10 - utils.helpers - DEBUG - Output directory already exists: C:/Users/MikeM/OneDrive/Desktop/New folder (2)\output
2024-11-10 11:13:13 - tabs.audio_tab - INFO - Audio saved to: C:/Users/MikeM/OneDrive/Desktop/New folder (2)\output\01 - Kaspiann - Satakieli_192kbps.mp3
2024-11-10 11:13:13 - tabs.audio_tab - INFO - Processing audio file: C:/Users/MikeM/OneDrive/Desktop/New folder (2)/01 - Katatonic Silentio - Themes.flac
2024-11-10 11:13:13 - utils.helpers - DEBUG - Output directory already exists: C:/Users/MikeM/OneDrive/Desktop/New folder (2)\output
2024-11-10 11:13:17 - tabs.audio_tab - INFO - Audio saved to: C:/Users/MikeM/OneDrive/Desktop/New folder (2)\output\01 - Katatonic Silentio - Themes_192kbps.mp3
2024-11-10 11:13:17 - tabs.audio_tab - INFO - Processing audio file: C:/Users/MikeM/OneDrive/Desktop/New folder (2)/01 - Konduku - Cipres.flac
2024-11-10 11:13:17 - utils.helpers - DEBUG - Output directory already exists: C:/Users/MikeM/OneDrive/Desktop/New folder (2)\output
2024-11-10 11:13:21 - tabs.audio_tab - INFO - Audio saved to: C:/Users/MikeM/OneDrive/Desktop/New folder (2)\output\01 - Konduku - Cipres_192kbps.mp3
2024-11-10 11:13:21 - tabs.audio_tab - INFO - Processing audio file: C:/Users/MikeM/OneDrive/Desktop/New folder (2)/01 - Konduku - Özlem.flac
2024-11-10 11:13:21 - utils.helpers - DEBUG - Output directory already exists: C:/Users/MikeM/OneDrive/Desktop/New folder (2)\output
2024-11-10 11:13:23 - tabs.audio_tab - INFO - Audio saved to: C:/Users/MikeM/OneDrive/Desktop/New folder (2)\output\01 - Konduku - Özlem_192kbps.mp3
2024-11-10 11:13:23 - tabs.audio_tab - INFO - Processing audio file: C:/Users/MikeM/OneDrive/Desktop/New folder (2)/01 - Lemna - Lapis Lazuli.flac
2024-11-10 11:13:23 - utils.helpers - DEBUG - Output directory already exists: C:/Users/MikeM/OneDrive/Desktop/New folder (2)\output
2024-11-10 11:13:26 - tabs.audio_tab - INFO - Audio saved to: C:/Users/MikeM/OneDrive/Desktop/New folder (2)\output\01 - Lemna - Lapis Lazuli_192kbps.mp3
2024-11-10 11:13:26 - tabs.audio_tab - INFO - Processing audio file: C:/Users/MikeM/OneDrive/Desktop/New folder (2)/01 - Lemna - Malayan Banyan.flac
2024-11-10 11:13:26 - utils.helpers - DEBUG - Output directory already exists: C:/Users/MikeM/OneDrive/Desktop/New folder (2)\output
2024-11-10 11:13:30 - tabs.audio_tab - INFO - Audio saved to: C:/Users/MikeM/OneDrive/Desktop/New folder (2)\output\01 - Lemna - Malayan Banyan_192kbps.mp3
2024-11-10 11:13:30 - tabs.audio_tab - INFO - Processing audio file: C:/Users/MikeM/OneDrive/Desktop/New folder (2)/01 - natural-electronic.system- - Marea.flac
2024-11-10 11:13:30 - utils.helpers - DEBUG - Output directory already exists: C:/Users/MikeM/OneDrive/Desktop/New folder (2)\output
2024-11-10 11:13:34 - tabs.audio_tab - INFO - Audio saved to: C:/Users/MikeM/OneDrive/Desktop/New folder (2)\output\01 - natural-electronic.system- - Marea_192kbps.mp3
2024-11-10 11:13:34 - tabs.audio_tab - INFO - Processing audio file: C:/Users/MikeM/OneDrive/Desktop/New folder (2)/01 - Psykovsky - Ainsi Soit Je (feat. Manimare).flac
2024-11-10 11:13:34 - utils.helpers - DEBUG - Output directory already exists: C:/Users/MikeM/OneDrive/Desktop/New folder (2)\output
2024-11-10 11:13:36 - tabs.audio_tab - INFO - Audio saved to: C:/Users/MikeM/OneDrive/Desktop/New folder (2)\output\01 - Psykovsky - Ainsi Soit Je (feat. Manimare)_192kbps.mp3
2024-11-10 11:13:36 - tabs.audio_tab - INFO - Processing audio file: C:/Users/MikeM/OneDrive/Desktop/New folder (2)/01 - Psykovsky - l'amour est bleu (feat. Manimare).flac
2024-11-10 11:13:36 - utils.helpers - DEBUG - Output directory already exists: C:/Users/MikeM/OneDrive/Desktop/New folder (2)\output
2024-11-10 11:13:39 - tabs.audio_tab - INFO - Audio saved to: C:/Users/MikeM/OneDrive/Desktop/New folder (2)\output\01 - Psykovsky - l'amour est bleu (feat. Manimare)_192kbps.mp3
2024-11-10 11:13:39 - tabs.audio_tab - INFO - Processing audio file: C:/Users/MikeM/OneDrive/Desktop/New folder (2)/01 - Psykovsky - Running Up That Hill (feat. The Svara & Tan Tan).flac
2024-11-10 11:13:39 - utils.helpers - DEBUG - Output directory already exists: C:/Users/MikeM/OneDrive/Desktop/New folder (2)\output
2024-11-10 11:13:40 - tabs.audio_tab - INFO - Audio saved to: C:/Users/MikeM/OneDrive/Desktop/New folder (2)\output\01 - Psykovsky - Running Up That Hill (feat. The Svara & Tan Tan)_192kbps.mp3
2024-11-10 11:13:40 - tabs.audio_tab - INFO - Processing audio file: C:/Users/MikeM/OneDrive/Desktop/New folder (2)/01 - Rapossa - Shangri La Moon (Original Mix).flac
2024-11-10 11:13:40 - utils.helpers - DEBUG - Output directory already exists: C:/Users/MikeM/OneDrive/Desktop/New folder (2)\output
2024-11-10 11:13:45 - tabs.audio_tab - INFO - Audio saved to: C:/Users/MikeM/OneDrive/Desktop/New folder (2)\output\01 - Rapossa - Shangri La Moon (Original Mix)_192kbps.mp3
2024-11-10 11:13:45 - tabs.audio_tab - INFO - Processing audio file: C:/Users/MikeM/OneDrive/Desktop/New folder (2)/01 - RVSHES - MTS-RHS I.flac
2024-11-10 11:13:45 - utils.helpers - DEBUG - Output directory already exists: C:/Users/MikeM/OneDrive/Desktop/New folder (2)\output
2024-11-10 11:13:47 - tabs.audio_tab - INFO - Audio saved to: C:/Users/MikeM/OneDrive/Desktop/New folder (2)\output\01 - RVSHES - MTS-RHS I_192kbps.mp3
2024-11-10 11:13:47 - tabs.audio_tab - INFO - Processing audio file: C:/Users/MikeM/OneDrive/Desktop/New folder (2)/01 - Soulacybin - Alien, Baby.flac
2024-11-10 11:13:47 - utils.helpers - DEBUG - Output directory already exists: C:/Users/MikeM/OneDrive/Desktop/New folder (2)\output
2024-11-10 11:13:51 - tabs.audio_tab - INFO - Audio saved to: C:/Users/MikeM/OneDrive/Desktop/New folder (2)\output\01 - Soulacybin - Alien, Baby_192kbps.mp3
2024-11-10 11:13:51 - tabs.audio_tab - INFO - Processing audio file: C:/Users/MikeM/OneDrive/Desktop/New folder (2)/01 - Tammo Hesselink - Danaba.flac
2024-11-10 11:13:51 - utils.helpers - DEBUG - Output directory already exists: C:/Users/MikeM/OneDrive/Desktop/New folder (2)\output
2024-11-10 11:13:54 - tabs.audio_tab - INFO - Audio saved to: C:/Users/MikeM/OneDrive/Desktop/New folder (2)\output\01 - Tammo Hesselink - Danaba_192kbps.mp3
2024-11-10 11:13:54 - tabs.audio_tab - INFO - Processing audio file: C:/Users/MikeM/OneDrive/Desktop/New folder (2)/01 - Terrain - Boliver.flac
2024-11-10 11:13:54 - utils.helpers - DEBUG - Output directory already exists: C:/Users/MikeM/OneDrive/Desktop/New folder (2)\output
2024-11-10 11:13:57 - tabs.audio_tab - INFO - Audio saved to: C:/Users/MikeM/OneDrive/Desktop/New folder (2)\output\01 - Terrain - Boliver_192kbps.mp3
2024-11-10 11:13:57 - tabs.audio_tab - INFO - Processing audio file: C:/Users/MikeM/OneDrive/Desktop/New folder (2)/01 - Varuna - Trackjam.flac
2024-11-10 11:13:57 - utils.helpers - DEBUG - Output directory already exists: C:/Users/MikeM/OneDrive/Desktop/New folder (2)\output
2024-11-10 11:14:02 - tabs.audio_tab - INFO - Audio saved to: C:/Users/MikeM/OneDrive/Desktop/New folder (2)\output\01 - Varuna - Trackjam_192kbps.mp3
2024-11-10 11:14:02 - tabs.audio_tab - INFO - Processing audio file: C:/Users/MikeM/OneDrive/Desktop/New folder (2)/01 - Vril - Statera Rerum.flac
2024-11-10 11:14:02 - utils.helpers - DEBUG - Output directory already exists: C:/Users/MikeM/OneDrive/Desktop/New folder (2)\output
2024-11-10 11:14:06 - tabs.audio_tab - INFO - Audio saved to: C:/Users/MikeM/OneDrive/Desktop/New folder (2)\output\01 - Vril - Statera Rerum_192kbps.mp3
2024-11-10 11:14:06 - tabs.audio_tab - INFO - Processing audio file: C:/Users/MikeM/OneDrive/Desktop/New folder (2)/01 Varazslo - Birth.flac
2024-11-10 11:14:06 - utils.helpers - DEBUG - Output directory already exists: C:/Users/MikeM/OneDrive/Desktop/New folder (2)\output
2024-11-10 11:14:12 - tabs.audio_tab - INFO - Audio saved to: C:/Users/MikeM/OneDrive/Desktop/New folder (2)\output\01 Varazslo - Birth_192kbps.mp3
2024-11-10 11:14:12 - tabs.audio_tab - INFO - Processing audio file: C:/Users/MikeM/OneDrive/Desktop/New folder (2)/01 Varazslo - Voyage.flac
2024-11-10 11:14:12 - utils.helpers - DEBUG - Output directory already exists: C:/Users/MikeM/OneDrive/Desktop/New folder (2)\output
2024-11-10 11:14:19 - tabs.audio_tab - INFO - Audio saved to: C:/Users/MikeM/OneDrive/Desktop/New folder (2)\output\01 Varazslo - Voyage_192kbps.mp3
2024-11-10 11:14:19 - tabs.audio_tab - INFO - Processing audio file: C:/Users/MikeM/OneDrive/Desktop/New folder (2)/01 Varazslo-Innin.flac
2024-11-10 11:14:19 - utils.helpers - DEBUG - Output directory already exists: C:/Users/MikeM/OneDrive/Desktop/New folder (2)\output
2024-11-10 11:14:25 - tabs.audio_tab - INFO - Audio saved to: C:/Users/MikeM/OneDrive/Desktop/New folder (2)\output\01 Varazslo-Innin_192kbps.mp3
2024-11-10 11:14:25 - tabs.audio_tab - INFO - Processing audio file: C:/Users/MikeM/OneDrive/Desktop/New folder (2)/1 - Techno-Papes.flac
2024-11-10 11:14:25 - utils.helpers - DEBUG - Output directory already exists: C:/Users/MikeM/OneDrive/Desktop/New folder (2)\output
2024-11-10 11:14:27 - tabs.audio_tab - INFO - Audio saved to: C:/Users/MikeM/OneDrive/Desktop/New folder (2)\output\1 - Techno-Papes_192kbps.mp3
2024-11-10 11:14:27 - tabs.audio_tab - INFO - Processing audio file: C:/Users/MikeM/OneDrive/Desktop/New folder (2)/02 - Azu Tiwaline - Blowing Flow.flac
2024-11-10 11:14:27 - utils.helpers - DEBUG - Output directory already exists: C:/Users/MikeM/OneDrive/Desktop/New folder (2)\output
2024-11-10 11:14:29 - tabs.audio_tab - INFO - Audio saved to: C:/Users/MikeM/OneDrive/Desktop/New folder (2)\output\02 - Azu Tiwaline - Blowing Flow_192kbps.mp3
2024-11-10 11:14:29 - tabs.audio_tab - INFO - Processing audio file: C:/Users/MikeM/OneDrive/Desktop/New folder (2)/02 - Azu Tiwaline - Luz Azul.flac
2024-11-10 11:14:29 - utils.helpers - DEBUG - Output directory already exists: C:/Users/MikeM/OneDrive/Desktop/New folder (2)\output
2024-11-10 11:14:32 - tabs.audio_tab - INFO - Audio saved to: C:/Users/MikeM/OneDrive/Desktop/New folder (2)\output\02 - Azu Tiwaline - Luz Azul_192kbps.mp3
2024-11-10 11:14:32 - tabs.audio_tab - INFO - Processing audio file: C:/Users/MikeM/OneDrive/Desktop/New folder (2)/02 - Azu Tiwaline - Medium Time.flac
2024-11-10 11:14:32 - utils.helpers - DEBUG - Output directory already exists: C:/Users/MikeM/OneDrive/Desktop/New folder (2)\output
2024-11-10 11:14:37 - tabs.audio_tab - INFO - Audio saved to: C:/Users/MikeM/OneDrive/Desktop/New folder (2)\output\02 - Azu Tiwaline - Medium Time_192kbps.mp3
2024-11-10 11:14:37 - tabs.audio_tab - INFO - Processing audio file: C:/Users/MikeM/OneDrive/Desktop/New folder (2)/02 - Azu Tiwaline - Night in Palmtree.flac
2024-11-10 11:14:37 - utils.helpers - DEBUG - Output directory already exists: C:/Users/MikeM/OneDrive/Desktop/New folder (2)\output
2024-11-10 11:14:40 - tabs.audio_tab - INFO - Audio saved to: C:/Users/MikeM/OneDrive/Desktop/New folder (2)\output\02 - Azu Tiwaline - Night in Palmtree_192kbps.mp3
2024-11-10 11:14:40 - tabs.audio_tab - INFO - Processing audio file: C:/Users/MikeM/OneDrive/Desktop/New folder (2)/02 - Azu Tiwaline - Terremer.flac
2024-11-10 11:14:40 - utils.helpers - DEBUG - Output directory already exists: C:/Users/MikeM/OneDrive/Desktop/New folder (2)\output
2024-11-10 11:14:43 - tabs.audio_tab - INFO - Audio saved to: C:/Users/MikeM/OneDrive/Desktop/New folder (2)\output\02 - Azu Tiwaline - Terremer_192kbps.mp3
2024-11-10 11:14:43 - tabs.audio_tab - INFO - Processing audio file: C:/Users/MikeM/OneDrive/Desktop/New folder (2)/02 - Azu Tiwaline, Al Wootton - Light Transmission.flac
2024-11-10 11:14:43 - utils.helpers - DEBUG - Output directory already exists: C:/Users/MikeM/OneDrive/Desktop/New folder (2)\output
2024-11-10 11:14:46 - tabs.audio_tab - INFO - Audio saved to: C:/Users/MikeM/OneDrive/Desktop/New folder (2)\output\02 - Azu Tiwaline, Al Wootton - Light Transmission_192kbps.mp3
2024-11-10 11:14:46 - tabs.audio_tab - INFO - Processing audio file: C:/Users/MikeM/OneDrive/Desktop/New folder (2)/02 - Azu Tiwaline, Forest Drive West - Fluids in Motion I.flac
2024-11-10 11:14:46 - utils.helpers - DEBUG - Output directory already exists: C:/Users/MikeM/OneDrive/Desktop/New folder (2)\output
2024-11-10 11:14:50 - tabs.audio_tab - INFO - Audio saved to: C:/Users/MikeM/OneDrive/Desktop/New folder (2)\output\02 - Azu Tiwaline, Forest Drive West - Fluids in Motion I_192kbps.mp3
2024-11-10 11:14:50 - tabs.audio_tab - INFO - Processing audio file: C:/Users/MikeM/OneDrive/Desktop/New folder (2)/02 - Azu Tiwaline, Laksa - Izen Zaren (Laksa Remix).flac
2024-11-10 11:14:50 - utils.helpers - DEBUG - Output directory already exists: C:/Users/MikeM/OneDrive/Desktop/New folder (2)\output
2024-11-10 11:14:53 - tabs.audio_tab - INFO - Audio saved to: C:/Users/MikeM/OneDrive/Desktop/New folder (2)\output\02 - Azu Tiwaline, Laksa - Izen Zaren (Laksa Remix)_192kbps.mp3
2024-11-10 11:14:53 - tabs.audio_tab - INFO - Processing audio file: C:/Users/MikeM/OneDrive/Desktop/New folder (2)/02 - Dino Sabatini - Afra.flac
2024-11-10 11:14:53 - utils.helpers - DEBUG - Output directory already exists: C:/Users/MikeM/OneDrive/Desktop/New folder (2)\output
2024-11-10 11:14:57 - tabs.audio_tab - INFO - Audio saved to: C:/Users/MikeM/OneDrive/Desktop/New folder (2)\output\02 - Dino Sabatini - Afra_192kbps.mp3
2024-11-10 11:14:57 - tabs.audio_tab - INFO - Processing audio file: C:/Users/MikeM/OneDrive/Desktop/New folder (2)/02 - Drumatik - Karma Mechanics (Original Mix).flac
2024-11-10 11:14:57 - utils.helpers - DEBUG - Output directory already exists: C:/Users/MikeM/OneDrive/Desktop/New folder (2)\output
2024-11-10 11:15:01 - tabs.audio_tab - INFO - Audio saved to: C:/Users/MikeM/OneDrive/Desktop/New folder (2)\output\02 - Drumatik - Karma Mechanics (Original Mix)_192kbps.mp3
2024-11-10 11:15:01 - tabs.audio_tab - INFO - Processing audio file: C:/Users/MikeM/OneDrive/Desktop/New folder (2)/02 - Drumatik - Parvati Diamonds.flac
2024-11-10 11:15:01 - utils.helpers - DEBUG - Output directory already exists: C:/Users/MikeM/OneDrive/Desktop/New folder (2)\output
2024-11-10 11:15:06 - tabs.audio_tab - INFO - Audio saved to: C:/Users/MikeM/OneDrive/Desktop/New folder (2)\output\02 - Drumatik - Parvati Diamonds_192kbps.mp3
2024-11-10 11:15:06 - tabs.audio_tab - INFO - Processing audio file: C:/Users/MikeM/OneDrive/Desktop/New folder (2)/02 - Drumatik - Puzzle of Perceptions (Original).flac
2024-11-10 11:15:06 - utils.helpers - DEBUG - Output directory already exists: C:/Users/MikeM/OneDrive/Desktop/New folder (2)\output
2024-11-10 11:15:10 - tabs.audio_tab - INFO - Audio saved to: C:/Users/MikeM/OneDrive/Desktop/New folder (2)\output\02 - Drumatik - Puzzle of Perceptions (Original)_192kbps.mp3
2024-11-10 11:15:10 - tabs.audio_tab - INFO - Processing audio file: C:/Users/MikeM/OneDrive/Desktop/New folder (2)/02 - Forest Drive West - Invisible.flac
2024-11-10 11:15:10 - utils.helpers - DEBUG - Output directory already exists: C:/Users/MikeM/OneDrive/Desktop/New folder (2)\output
2024-11-10 11:15:14 - tabs.audio_tab - INFO - Audio saved to: C:/Users/MikeM/OneDrive/Desktop/New folder (2)\output\02 - Forest Drive West - Invisible_192kbps.mp3
2024-11-10 11:15:14 - tabs.audio_tab - INFO - Processing audio file: C:/Users/MikeM/OneDrive/Desktop/New folder (2)/02 - Ipotocaticac - ALIAS.flac
2024-11-10 11:15:14 - utils.helpers - DEBUG - Output directory already exists: C:/Users/MikeM/OneDrive/Desktop/New folder (2)\output
2024-11-10 11:15:18 - tabs.audio_tab - INFO - Audio saved to: C:/Users/MikeM/OneDrive/Desktop/New folder (2)\output\02 - Ipotocaticac - ALIAS_192kbps.mp3
2024-11-10 11:15:18 - tabs.audio_tab - INFO - Processing audio file: C:/Users/MikeM/OneDrive/Desktop/New folder (2)/02 - Ipotocaticac - Dadinatadinatatadina.flac
2024-11-10 11:15:18 - utils.helpers - DEBUG - Output directory already exists: C:/Users/MikeM/OneDrive/Desktop/New folder (2)\output
2024-11-10 11:15:22 - tabs.audio_tab - INFO - Audio saved to: C:/Users/MikeM/OneDrive/Desktop/New folder (2)\output\02 - Ipotocaticac - Dadinatadinatatadina_192kbps.mp3
2024-11-10 11:15:22 - tabs.audio_tab - INFO - Processing audio file: C:/Users/MikeM/OneDrive/Desktop/New folder (2)/02 - Ipotocaticac - Les folies mineures des hommes.flac
2024-11-10 11:15:22 - utils.helpers - DEBUG - Output directory already exists: C:/Users/MikeM/OneDrive/Desktop/New folder (2)\output
2024-11-10 11:15:27 - tabs.audio_tab - INFO - Audio saved to: C:/Users/MikeM/OneDrive/Desktop/New folder (2)\output\02 - Ipotocaticac - Les folies mineures des hommes_192kbps.mp3
2024-11-10 11:15:27 - tabs.audio_tab - INFO - Processing audio file: C:/Users/MikeM/OneDrive/Desktop/New folder (2)/02 - Ipotocaticac - Machines désirantes.flac
2024-11-10 11:15:27 - utils.helpers - DEBUG - Output directory already exists: C:/Users/MikeM/OneDrive/Desktop/New folder (2)\output
2024-11-10 11:15:31 - tabs.audio_tab - INFO - Audio saved to: C:/Users/MikeM/OneDrive/Desktop/New folder (2)\output\02 - Ipotocaticac - Machines désirantes_192kbps.mp3
2024-11-10 11:15:31 - tabs.audio_tab - INFO - Processing audio file: C:/Users/MikeM/OneDrive/Desktop/New folder (2)/02 - Ipotocaticac - Murderer.flac
2024-11-10 11:15:31 - utils.helpers - DEBUG - Output directory already exists: C:/Users/MikeM/OneDrive/Desktop/New folder (2)\output
2024-11-10 11:15:35 - tabs.audio_tab - INFO - Audio saved to: C:/Users/MikeM/OneDrive/Desktop/New folder (2)\output\02 - Ipotocaticac - Murderer_192kbps.mp3
2024-11-10 11:15:35 - tabs.audio_tab - INFO - Processing audio file: C:/Users/MikeM/OneDrive/Desktop/New folder (2)/02 - Ipotocaticac - S.o.a. (Original Mix).flac
2024-11-10 11:15:35 - utils.helpers - DEBUG - Output directory already exists: C:/Users/MikeM/OneDrive/Desktop/New folder (2)\output
2024-11-10 11:15:39 - tabs.audio_tab - INFO - Audio saved to: C:/Users/MikeM/OneDrive/Desktop/New folder (2)\output\02 - Ipotocaticac - S.o.a. (Original Mix)_192kbps.mp3
2024-11-10 11:15:39 - tabs.audio_tab - INFO - Processing audio file: C:/Users/MikeM/OneDrive/Desktop/New folder (2)/02 - Ipotocaticac - The Journey of the Blue Bird.flac
2024-11-10 11:15:39 - utils.helpers - DEBUG - Output directory already exists: C:/Users/MikeM/OneDrive/Desktop/New folder (2)\output
2024-11-10 11:15:43 - tabs.audio_tab - INFO - Audio saved to: C:/Users/MikeM/OneDrive/Desktop/New folder (2)\output\02 - Ipotocaticac - The Journey of the Blue Bird_192kbps.mp3
2024-11-10 11:15:43 - tabs.audio_tab - INFO - Processing audio file: C:/Users/MikeM/OneDrive/Desktop/New folder (2)/02 - Ipotocaticac - Visitor Q.flac
2024-11-10 11:15:43 - utils.helpers - DEBUG - Output directory already exists: C:/Users/MikeM/OneDrive/Desktop/New folder (2)\output
2024-11-10 11:15:47 - tabs.audio_tab - INFO - Audio saved to: C:/Users/MikeM/OneDrive/Desktop/New folder (2)\output\02 - Ipotocaticac - Visitor Q_192kbps.mp3
2024-11-10 11:15:47 - tabs.audio_tab - INFO - Processing audio file: C:/Users/MikeM/OneDrive/Desktop/New folder (2)/02 - Ipotocaticac - X_Y.flac
2024-11-10 11:15:47 - utils.helpers - DEBUG - Output directory already exists: C:/Users/MikeM/OneDrive/Desktop/New folder (2)\output
2024-11-10 11:15:51 - tabs.audio_tab - INFO - Audio saved to: C:/Users/MikeM/OneDrive/Desktop/New folder (2)\output\02 - Ipotocaticac - X_Y_192kbps.mp3
2024-11-10 11:15:51 - tabs.audio_tab - INFO - Processing audio file: C:/Users/MikeM/OneDrive/Desktop/New folder (2)/02 - Ipotocaticac, Post Modern Music - Yellow.flac
2024-11-10 11:15:51 - utils.helpers - DEBUG - Output directory already exists: C:/Users/MikeM/OneDrive/Desktop/New folder (2)\output
2024-11-10 11:15:57 - tabs.audio_tab - INFO - Audio saved to: C:/Users/MikeM/OneDrive/Desktop/New folder (2)\output\02 - Ipotocaticac, Post Modern Music - Yellow_192kbps.mp3
2024-11-10 11:15:57 - tabs.audio_tab - INFO - Processing audio file: C:/Users/MikeM/OneDrive/Desktop/New folder (2)/02 - Kaminanda - Elven Forest.flac
2024-11-10 11:15:57 - utils.helpers - DEBUG - Output directory already exists: C:/Users/MikeM/OneDrive/Desktop/New folder (2)\output
2024-11-10 11:16:02 - tabs.audio_tab - INFO - Audio saved to: C:/Users/MikeM/OneDrive/Desktop/New folder (2)\output\02 - Kaminanda - Elven Forest_192kbps.mp3
2024-11-10 11:16:02 - tabs.audio_tab - INFO - Processing audio file: C:/Users/MikeM/OneDrive/Desktop/New folder (2)/02 - Kaspiann - Tuiskussa Langennut.flac
2024-11-10 11:16:02 - utils.helpers - DEBUG - Output directory already exists: C:/Users/MikeM/OneDrive/Desktop/New folder (2)\output
2024-11-10 11:16:05 - tabs.audio_tab - INFO - Audio saved to: C:/Users/MikeM/OneDrive/Desktop/New folder (2)\output\02 - Kaspiann - Tuiskussa Langennut_192kbps.mp3
2024-11-10 11:16:05 - tabs.audio_tab - INFO - Processing audio file: C:/Users/MikeM/OneDrive/Desktop/New folder (2)/02 - Katatonic Silentio - To.flac
2024-11-10 11:16:05 - utils.helpers - DEBUG - Output directory already exists: C:/Users/MikeM/OneDrive/Desktop/New folder (2)\output
2024-11-10 11:16:10 - tabs.audio_tab - INFO - Audio saved to: C:/Users/MikeM/OneDrive/Desktop/New folder (2)\output\02 - Katatonic Silentio - To_192kbps.mp3
2024-11-10 11:16:10 - tabs.audio_tab - INFO - Processing audio file: C:/Users/MikeM/OneDrive/Desktop/New folder (2)/02 - Konduku - Bulutlar.flac
2024-11-10 11:16:10 - utils.helpers - DEBUG - Output directory already exists: C:/Users/MikeM/OneDrive/Desktop/New folder (2)\output
2024-11-10 11:16:13 - tabs.audio_tab - INFO - Audio saved to: C:/Users/MikeM/OneDrive/Desktop/New folder (2)\output\02 - Konduku - Bulutlar_192kbps.mp3
2024-11-10 11:16:13 - tabs.audio_tab - INFO - Processing audio file: C:/Users/MikeM/OneDrive/Desktop/New folder (2)/02 - Konduku - Scale.flac
2024-11-10 11:16:13 - utils.helpers - DEBUG - Output directory already exists: C:/Users/MikeM/OneDrive/Desktop/New folder (2)\output
2024-11-10 11:16:17 - tabs.audio_tab - INFO - Audio saved to: C:/Users/MikeM/OneDrive/Desktop/New folder (2)\output\02 - Konduku - Scale_192kbps.mp3
2024-11-10 11:16:17 - tabs.audio_tab - INFO - Processing audio file: C:/Users/MikeM/OneDrive/Desktop/New folder (2)/02 - Lemna - Dodecahedron.flac
2024-11-10 11:16:17 - utils.helpers - DEBUG - Output directory already exists: C:/Users/MikeM/OneDrive/Desktop/New folder (2)\output
2024-11-10 11:16:20 - tabs.audio_tab - INFO - Audio saved to: C:/Users/MikeM/OneDrive/Desktop/New folder (2)\output\02 - Lemna - Dodecahedron_192kbps.mp3
2024-11-10 11:16:20 - tabs.audio_tab - INFO - Processing audio file: C:/Users/MikeM/OneDrive/Desktop/New folder (2)/02 - Lemna - Forest Green Tree Frog.flac
2024-11-10 11:16:20 - utils.helpers - DEBUG - Output directory already exists: C:/Users/MikeM/OneDrive/Desktop/New folder (2)\output
2024-11-10 11:16:23 - tabs.audio_tab - INFO - Audio saved to: C:/Users/MikeM/OneDrive/Desktop/New folder (2)\output\02 - Lemna - Forest Green Tree Frog_192kbps.mp3
2024-11-10 11:16:23 - tabs.audio_tab - INFO - Processing audio file: C:/Users/MikeM/OneDrive/Desktop/New folder (2)/02 - natural-electronic.system- - Rituale.flac
2024-11-10 11:16:23 - utils.helpers - DEBUG - Output directory already exists: C:/Users/MikeM/OneDrive/Desktop/New folder (2)\output
2024-11-10 11:16:27 - tabs.audio_tab - INFO - Audio saved to: C:/Users/MikeM/OneDrive/Desktop/New folder (2)\output\02 - natural-electronic.system- - Rituale_192kbps.mp3
2024-11-10 11:16:27 - tabs.audio_tab - INFO - Processing audio file: C:/Users/MikeM/OneDrive/Desktop/New folder (2)/02 - Psykovsky - capriccio (Psykovsky performs Brahms op. 116_3).flac
2024-11-10 11:16:27 - utils.helpers - DEBUG - Output directory already exists: C:/Users/MikeM/OneDrive/Desktop/New folder (2)\output
2024-11-10 11:16:28 - tabs.audio_tab - INFO - Audio saved to: C:/Users/MikeM/OneDrive/Desktop/New folder (2)\output\02 - Psykovsky - capriccio (Psykovsky performs Brahms op. 116_3)_192kbps.mp3
2024-11-10 11:16:28 - tabs.audio_tab - INFO - Processing audio file: C:/Users/MikeM/OneDrive/Desktop/New folder (2)/02 - Rrose - Hymn to Moisture.flac
2024-11-10 11:16:28 - utils.helpers - DEBUG - Output directory already exists: C:/Users/MikeM/OneDrive/Desktop/New folder (2)\output
2024-11-10 11:16:32 - tabs.audio_tab - INFO - Audio saved to: C:/Users/MikeM/OneDrive/Desktop/New folder (2)\output\02 - Rrose - Hymn to Moisture_192kbps.mp3
2024-11-10 11:16:32 - tabs.audio_tab - INFO - Processing audio file: C:/Users/MikeM/OneDrive/Desktop/New folder (2)/02 - RVSHES - MTS-RHS II.flac
2024-11-10 11:16:32 - utils.helpers - DEBUG - Output directory already exists: C:/Users/MikeM/OneDrive/Desktop/New folder (2)\output
2024-11-10 11:16:35 - tabs.audio_tab - INFO - Audio saved to: C:/Users/MikeM/OneDrive/Desktop/New folder (2)\output\02 - RVSHES - MTS-RHS II_192kbps.mp3
2024-11-10 11:16:35 - tabs.audio_tab - INFO - Processing audio file: C:/Users/MikeM/OneDrive/Desktop/New folder (2)/02 - Tammo Hesselink - Fixed Distance.flac
2024-11-10 11:16:35 - utils.helpers - DEBUG - Output directory already exists: C:/Users/MikeM/OneDrive/Desktop/New folder (2)\output
2024-11-10 11:16:38 - tabs.audio_tab - INFO - Audio saved to: C:/Users/MikeM/OneDrive/Desktop/New folder (2)\output\02 - Tammo Hesselink - Fixed Distance_192kbps.mp3
2024-11-10 11:16:38 - tabs.audio_tab - INFO - Processing audio file: C:/Users/MikeM/OneDrive/Desktop/New folder (2)/02 - Terrain - Choices.flac
2024-11-10 11:16:38 - utils.helpers - DEBUG - Output directory already exists: C:/Users/MikeM/OneDrive/Desktop/New folder (2)\output
2024-11-10 11:16:43 - tabs.audio_tab - INFO - Audio saved to: C:/Users/MikeM/OneDrive/Desktop/New folder (2)\output\02 - Terrain - Choices_192kbps.mp3
2024-11-10 11:16:43 - tabs.audio_tab - INFO - Processing audio file: C:/Users/MikeM/OneDrive/Desktop/New folder (2)/02 - Varuna - Pasop.flac
2024-11-10 11:16:43 - utils.helpers - DEBUG - Output directory already exists: C:/Users/MikeM/OneDrive/Desktop/New folder (2)\output
2024-11-10 11:16:46 - tabs.audio_tab - INFO - Audio saved to: C:/Users/MikeM/OneDrive/Desktop/New folder (2)\output\02 - Varuna - Pasop_192kbps.mp3
2024-11-10 11:16:46 - tabs.audio_tab - INFO - Processing audio file: C:/Users/MikeM/OneDrive/Desktop/New folder (2)/02 Varazslo - Cosmic Web.flac
2024-11-10 11:16:46 - utils.helpers - DEBUG - Output directory already exists: C:/Users/MikeM/OneDrive/Desktop/New folder (2)\output
2024-11-10 11:16:51 - tabs.audio_tab - INFO - Audio saved to: C:/Users/MikeM/OneDrive/Desktop/New folder (2)\output\02 Varazslo - Cosmic Web_192kbps.mp3
2024-11-10 11:16:51 - tabs.audio_tab - INFO - Processing audio file: C:/Users/MikeM/OneDrive/Desktop/New folder (2)/02 Varazslo - Hall Of Purity.flac
2024-11-10 11:16:51 - utils.helpers - DEBUG - Output directory already exists: C:/Users/MikeM/OneDrive/Desktop/New folder (2)\output
2024-11-10 11:16:55 - tabs.audio_tab - INFO - Audio saved to: C:/Users/MikeM/OneDrive/Desktop/New folder (2)\output\02 Varazslo - Hall Of Purity_192kbps.mp3
2024-11-10 11:16:55 - tabs.audio_tab - INFO - Processing audio file: C:/Users/MikeM/OneDrive/Desktop/New folder (2)/02 Varazslo-Regelek Mig Elek.flac
2024-11-10 11:16:55 - utils.helpers - DEBUG - Output directory already exists: C:/Users/MikeM/OneDrive/Desktop/New folder (2)\output
2024-11-10 11:17:02 - tabs.audio_tab - INFO - Audio saved to: C:/Users/MikeM/OneDrive/Desktop/New folder (2)\output\02 Varazslo-Regelek Mig Elek_192kbps.mp3
2024-11-10 11:17:02 - tabs.audio_tab - INFO - Processing audio file: C:/Users/MikeM/OneDrive/Desktop/New folder (2)/2 - Comme dans une Lueur Vive.flac
2024-11-10 11:17:02 - utils.helpers - DEBUG - Output directory already exists: C:/Users/MikeM/OneDrive/Desktop/New folder (2)\output
2024-11-10 11:17:07 - tabs.audio_tab - INFO - Audio saved to: C:/Users/MikeM/OneDrive/Desktop/New folder (2)\output\2 - Comme dans une Lueur Vive_192kbps.mp3
2024-11-10 11:17:07 - tabs.audio_tab - INFO - Processing audio file: C:/Users/MikeM/OneDrive/Desktop/New folder (2)/03 - Azu Tiwaline - Antennae Openning.flac
2024-11-10 11:17:07 - utils.helpers - DEBUG - Output directory already exists: C:/Users/MikeM/OneDrive/Desktop/New folder (2)\output
2024-11-10 11:17:11 - tabs.audio_tab - INFO - Audio saved to: C:/Users/MikeM/OneDrive/Desktop/New folder (2)\output\03 - Azu Tiwaline - Antennae Openning_192kbps.mp3
2024-11-10 11:17:11 - tabs.audio_tab - INFO - Processing audio file: C:/Users/MikeM/OneDrive/Desktop/New folder (2)/03 - Azu Tiwaline - Berbeka.flac
2024-11-10 11:17:11 - utils.helpers - DEBUG - Output directory already exists: C:/Users/MikeM/OneDrive/Desktop/New folder (2)\output
2024-11-10 11:17:15 - tabs.audio_tab - INFO - Audio saved to: C:/Users/MikeM/OneDrive/Desktop/New folder (2)\output\03 - Azu Tiwaline - Berbeka_192kbps.mp3
2024-11-10 11:17:15 - tabs.audio_tab - INFO - Processing audio file: C:/Users/MikeM/OneDrive/Desktop/New folder (2)/03 - Azu Tiwaline - Into The Void.flac
2024-11-10 11:17:15 - utils.helpers - DEBUG - Output directory already exists: C:/Users/MikeM/OneDrive/Desktop/New folder (2)\output
2024-11-10 11:17:20 - tabs.audio_tab - INFO - Audio saved to: C:/Users/MikeM/OneDrive/Desktop/New folder (2)\output\03 - Azu Tiwaline - Into The Void_192kbps.mp3
2024-11-10 11:17:20 - tabs.audio_tab - INFO - Processing audio file: C:/Users/MikeM/OneDrive/Desktop/New folder (2)/03 - Azu Tiwaline - Night in Palmtree.flac
2024-11-10 11:17:20 - utils.helpers - DEBUG - Output directory already exists: C:/Users/MikeM/OneDrive/Desktop/New folder (2)\output
2024-11-10 11:17:22 - tabs.audio_tab - INFO - Audio saved to: C:/Users/MikeM/OneDrive/Desktop/New folder (2)\output\03 - Azu Tiwaline - Night in Palmtree_192kbps.mp3
2024-11-10 11:17:22 - tabs.audio_tab - INFO - Processing audio file: C:/Users/MikeM/OneDrive/Desktop/New folder (2)/03 - Azu Tiwaline, Al Wootton - Nine Points.flac
2024-11-10 11:17:22 - utils.helpers - DEBUG - Output directory already exists: C:/Users/MikeM/OneDrive/Desktop/New folder (2)\output
2024-11-10 11:17:26 - tabs.audio_tab - INFO - Audio saved to: C:/Users/MikeM/OneDrive/Desktop/New folder (2)\output\03 - Azu Tiwaline, Al Wootton - Nine Points_192kbps.mp3
2024-11-10 11:17:26 - tabs.audio_tab - INFO - Processing audio file: C:/Users/MikeM/OneDrive/Desktop/New folder (2)/03 - Azu Tiwaline, Cinna Peyghamy - Tight Wind.flac
2024-11-10 11:17:26 - utils.helpers - DEBUG - Output directory already exists: C:/Users/MikeM/OneDrive/Desktop/New folder (2)\output
2024-11-10 11:17:29 - tabs.audio_tab - INFO - Audio saved to: C:/Users/MikeM/OneDrive/Desktop/New folder (2)\output\03 - Azu Tiwaline, Cinna Peyghamy - Tight Wind_192kbps.mp3
2024-11-10 11:17:29 - tabs.audio_tab - INFO - Processing audio file: C:/Users/MikeM/OneDrive/Desktop/New folder (2)/03 - Azu Tiwaline, Don't DJ - Until The End (Don't DJ Remix).flac
2024-11-10 11:17:29 - utils.helpers - DEBUG - Output directory already exists: C:/Users/MikeM/OneDrive/Desktop/New folder (2)\output
2024-11-10 11:17:35 - tabs.audio_tab - INFO - Audio saved to: C:/Users/MikeM/OneDrive/Desktop/New folder (2)\output\03 - Azu Tiwaline, Don't DJ - Until The End (Don't DJ Remix)_192kbps.mp3
2024-11-10 11:17:35 - tabs.audio_tab - INFO - Processing audio file: C:/Users/MikeM/OneDrive/Desktop/New folder (2)/03 - Azu Tiwaline, Forest Drive West - Fluids in Motion II.flac
2024-11-10 11:17:35 - utils.helpers - DEBUG - Output directory already exists: C:/Users/MikeM/OneDrive/Desktop/New folder (2)\output
2024-11-10 11:17:39 - tabs.audio_tab - INFO - Audio saved to: C:/Users/MikeM/OneDrive/Desktop/New folder (2)\output\03 - Azu Tiwaline, Forest Drive West - Fluids in Motion II_192kbps.mp3
2024-11-10 11:17:39 - tabs.audio_tab - INFO - Processing audio file: C:/Users/MikeM/OneDrive/Desktop/New folder (2)/03 - Blackfilm - Mahabharata.flac
2024-11-10 11:17:39 - utils.helpers - DEBUG - Output directory already exists: C:/Users/MikeM/OneDrive/Desktop/New folder (2)\output
2024-11-10 11:17:42 - tabs.audio_tab - INFO - Audio saved to: C:/Users/MikeM/OneDrive/Desktop/New folder (2)\output\03 - Blackfilm - Mahabharata_192kbps.mp3
2024-11-10 11:17:42 - tabs.audio_tab - INFO - Processing audio file: C:/Users/MikeM/OneDrive/Desktop/New folder (2)/03 - Dino Sabatini - Lewa.flac
2024-11-10 11:17:42 - utils.helpers - DEBUG - Output directory already exists: C:/Users/MikeM/OneDrive/Desktop/New folder (2)\output
2024-11-10 11:17:46 - tabs.audio_tab - INFO - Audio saved to: C:/Users/MikeM/OneDrive/Desktop/New folder (2)\output\03 - Dino Sabatini - Lewa_192kbps.mp3
2024-11-10 11:17:46 - tabs.audio_tab - INFO - Processing audio file: C:/Users/MikeM/OneDrive/Desktop/New folder (2)/03 - Drumatik - Nebula’s Quest.flac
2024-11-10 11:17:46 - utils.helpers - DEBUG - Output directory already exists: C:/Users/MikeM/OneDrive/Desktop/New folder (2)\output
2024-11-10 11:17:49 - tabs.audio_tab - INFO - Audio saved to: C:/Users/MikeM/OneDrive/Desktop/New folder (2)\output\03 - Drumatik - Nebula’s Quest_192kbps.mp3
2024-11-10 11:17:49 - tabs.audio_tab - INFO - Processing audio file: C:/Users/MikeM/OneDrive/Desktop/New folder (2)/03 - Drumatik - Rising A.i. (Remix).flac
2024-11-10 11:17:49 - utils.helpers - DEBUG - Output directory already exists: C:/Users/MikeM/OneDrive/Desktop/New folder (2)\output
2024-11-10 11:17:53 - tabs.audio_tab - INFO - Audio saved to: C:/Users/MikeM/OneDrive/Desktop/New folder (2)\output\03 - Drumatik - Rising A.i. (Remix)_192kbps.mp3
2024-11-10 11:17:53 - tabs.audio_tab - INFO - Processing audio file: C:/Users/MikeM/OneDrive/Desktop/New folder (2)/03 - Forest Drive West - Radiance.flac
2024-11-10 11:17:53 - utils.helpers - DEBUG - Output directory already exists: C:/Users/MikeM/OneDrive/Desktop/New folder (2)\output
2024-11-10 11:17:57 - tabs.audio_tab - INFO - Audio saved to: C:/Users/MikeM/OneDrive/Desktop/New folder (2)\output\03 - Forest Drive West - Radiance_192kbps.mp3
2024-11-10 11:17:57 - tabs.audio_tab - INFO - Processing audio file: C:/Users/MikeM/OneDrive/Desktop/New folder (2)/03 - Ipotocaticac - AAAAA.flac
2024-11-10 11:17:57 - utils.helpers - DEBUG - Output directory already exists: C:/Users/MikeM/OneDrive/Desktop/New folder (2)\output
2024-11-10 11:18:02 - tabs.audio_tab - INFO - Audio saved to: C:/Users/MikeM/OneDrive/Desktop/New folder (2)\output\03 - Ipotocaticac - AAAAA_192kbps.mp3
2024-11-10 11:18:02 - tabs.audio_tab - INFO - Processing audio file: C:/Users/MikeM/OneDrive/Desktop/New folder (2)/03 - Ipotocaticac - Alterity.flac
2024-11-10 11:18:02 - utils.helpers - DEBUG - Output directory already exists: C:/Users/MikeM/OneDrive/Desktop/New folder (2)\output
2024-11-10 11:18:07 - tabs.audio_tab - INFO - Audio saved to: C:/Users/MikeM/OneDrive/Desktop/New folder (2)\output\03 - Ipotocaticac - Alterity_192kbps.mp3
2024-11-10 11:18:07 - tabs.audio_tab - INFO - Processing audio file: C:/Users/MikeM/OneDrive/Desktop/New folder (2)/03 - Ipotocaticac - Dysto.flac
2024-11-10 11:18:07 - utils.helpers - DEBUG - Output directory already exists: C:/Users/MikeM/OneDrive/Desktop/New folder (2)\output
2024-11-10 11:18:13 - tabs.audio_tab - INFO - Audio saved to: C:/Users/MikeM/OneDrive/Desktop/New folder (2)\output\03 - Ipotocaticac - Dysto_192kbps.mp3
2024-11-10 11:18:13 - tabs.audio_tab - INFO - Processing audio file: C:/Users/MikeM/OneDrive/Desktop/New folder (2)/03 - Ipotocaticac - I Can't Tell You Exactly Who.flac
2024-11-10 11:18:13 - utils.helpers - DEBUG - Output directory already exists: C:/Users/MikeM/OneDrive/Desktop/New folder (2)\output
2024-11-10 11:18:18 - tabs.audio_tab - INFO - Audio saved to: C:/Users/MikeM/OneDrive/Desktop/New folder (2)\output\03 - Ipotocaticac - I Can't Tell You Exactly Who_192kbps.mp3
2024-11-10 11:18:18 - tabs.audio_tab - INFO - Processing audio file: C:/Users/MikeM/OneDrive/Desktop/New folder (2)/03 - Ipotocaticac - Minimal Marginal.flac
2024-11-10 11:18:18 - utils.helpers - DEBUG - Output directory already exists: C:/Users/MikeM/OneDrive/Desktop/New folder (2)\output
2024-11-10 11:18:23 - tabs.audio_tab - INFO - Audio saved to: C:/Users/MikeM/OneDrive/Desktop/New folder (2)\output\03 - Ipotocaticac - Minimal Marginal_192kbps.mp3
2024-11-10 11:18:23 - tabs.audio_tab - INFO - Processing audio file: C:/Users/MikeM/OneDrive/Desktop/New folder (2)/03 - Ipotocaticac - Moonlight Serenade.flac
2024-11-10 11:18:23 - utils.helpers - DEBUG - Output directory already exists: C:/Users/MikeM/OneDrive/Desktop/New folder (2)\output
2024-11-10 11:18:27 - tabs.audio_tab - INFO - Audio saved to: C:/Users/MikeM/OneDrive/Desktop/New folder (2)\output\03 - Ipotocaticac - Moonlight Serenade_192kbps.mp3
2024-11-10 11:18:27 - tabs.audio_tab - INFO - Processing audio file: C:/Users/MikeM/OneDrive/Desktop/New folder (2)/03 - Ipotocaticac - Sandcastle.flac
2024-11-10 11:18:27 - utils.helpers - DEBUG - Output directory already exists: C:/Users/MikeM/OneDrive/Desktop/New folder (2)\output
2024-11-10 11:18:32 - tabs.audio_tab - INFO - Audio saved to: C:/Users/MikeM/OneDrive/Desktop/New folder (2)\output\03 - Ipotocaticac - Sandcastle_192kbps.mp3
2024-11-10 11:18:32 - tabs.audio_tab - INFO - Processing audio file: C:/Users/MikeM/OneDrive/Desktop/New folder (2)/03 - Ipotocaticac - Serpent (Original Mix).flac
2024-11-10 11:18:32 - utils.helpers - DEBUG - Output directory already exists: C:/Users/MikeM/OneDrive/Desktop/New folder (2)\output
2024-11-10 11:18:35 - tabs.audio_tab - INFO - Audio saved to: C:/Users/MikeM/OneDrive/Desktop/New folder (2)\output\03 - Ipotocaticac - Serpent (Original Mix)_192kbps.mp3
2024-11-10 11:18:35 - tabs.audio_tab - INFO - Processing audio file: C:/Users/MikeM/OneDrive/Desktop/New folder (2)/03 - Ipotocaticac - Something.flac
2024-11-10 11:18:35 - utils.helpers - DEBUG - Output directory already exists: C:/Users/MikeM/OneDrive/Desktop/New folder (2)\output
2024-11-10 11:18:40 - tabs.audio_tab - INFO - Audio saved to: C:/Users/MikeM/OneDrive/Desktop/New folder (2)\output\03 - Ipotocaticac - Something_192kbps.mp3
2024-11-10 11:18:40 - tabs.audio_tab - INFO - Processing audio file: C:/Users/MikeM/OneDrive/Desktop/New folder (2)/03 - Ipotocaticac, Post Modern Music - Chemin.flac
2024-11-10 11:18:40 - utils.helpers - DEBUG - Output directory already exists: C:/Users/MikeM/OneDrive/Desktop/New folder (2)\output
2024-11-10 11:18:45 - tabs.audio_tab - INFO - Audio saved to: C:/Users/MikeM/OneDrive/Desktop/New folder (2)\output\03 - Ipotocaticac, Post Modern Music - Chemin_192kbps.mp3
2024-11-10 11:18:45 - tabs.audio_tab - INFO - Processing audio file: C:/Users/MikeM/OneDrive/Desktop/New folder (2)/03 - Kaspiann - Havinavalssi.flac
2024-11-10 11:18:45 - utils.helpers - DEBUG - Output directory already exists: C:/Users/MikeM/OneDrive/Desktop/New folder (2)\output
2024-11-10 11:18:48 - tabs.audio_tab - INFO - Audio saved to: C:/Users/MikeM/OneDrive/Desktop/New folder (2)\output\03 - Kaspiann - Havinavalssi_192kbps.mp3
2024-11-10 11:18:48 - tabs.audio_tab - INFO - Processing audio file: C:/Users/MikeM/OneDrive/Desktop/New folder (2)/03 - Katatonic Silentio - Hide.flac
2024-11-10 11:18:48 - utils.helpers - DEBUG - Output directory already exists: C:/Users/MikeM/OneDrive/Desktop/New folder (2)\output
2024-11-10 11:18:52 - tabs.audio_tab - INFO - Audio saved to: C:/Users/MikeM/OneDrive/Desktop/New folder (2)\output\03 - Katatonic Silentio - Hide_192kbps.mp3
2024-11-10 11:18:52 - tabs.audio_tab - INFO - Processing audio file: C:/Users/MikeM/OneDrive/Desktop/New folder (2)/03 - Konduku - Derinkuyu.flac
2024-11-10 11:18:52 - utils.helpers - DEBUG - Output directory already exists: C:/Users/MikeM/OneDrive/Desktop/New folder (2)\output
2024-11-10 11:18:56 - tabs.audio_tab - INFO - Audio saved to: C:/Users/MikeM/OneDrive/Desktop/New folder (2)\output\03 - Konduku - Derinkuyu_192kbps.mp3
2024-11-10 11:18:56 - tabs.audio_tab - INFO - Processing audio file: C:/Users/MikeM/OneDrive/Desktop/New folder (2)/03 - Konduku - Panorama.flac
2024-11-10 11:18:56 - utils.helpers - DEBUG - Output directory already exists: C:/Users/MikeM/OneDrive/Desktop/New folder (2)\output
2024-11-10 11:19:00 - tabs.audio_tab - INFO - Audio saved to: C:/Users/MikeM/OneDrive/Desktop/New folder (2)\output\03 - Konduku - Panorama_192kbps.mp3
2024-11-10 11:19:00 - tabs.audio_tab - INFO - Processing audio file: C:/Users/MikeM/OneDrive/Desktop/New folder (2)/03 - Lemna - Marine Snow Nocturne.flac
2024-11-10 11:19:00 - utils.helpers - DEBUG - Output directory already exists: C:/Users/MikeM/OneDrive/Desktop/New folder (2)\output
2024-11-10 11:19:03 - tabs.audio_tab - INFO - Audio saved to: C:/Users/MikeM/OneDrive/Desktop/New folder (2)\output\03 - Lemna - Marine Snow Nocturne_192kbps.mp3
2024-11-10 11:19:03 - tabs.audio_tab - INFO - Processing audio file: C:/Users/MikeM/OneDrive/Desktop/New folder (2)/03 - Lemna - Mycena Chlorophos.flac
2024-11-10 11:19:03 - utils.helpers - DEBUG - Output directory already exists: C:/Users/MikeM/OneDrive/Desktop/New folder (2)\output
2024-11-10 11:19:06 - tabs.audio_tab - INFO - Audio saved to: C:/Users/MikeM/OneDrive/Desktop/New folder (2)\output\03 - Lemna - Mycena Chlorophos_192kbps.mp3
2024-11-10 11:19:06 - tabs.audio_tab - INFO - Processing audio file: C:/Users/MikeM/OneDrive/Desktop/New folder (2)/03 - natural-electronic.system- - Insecta.flac
2024-11-10 11:19:06 - utils.helpers - DEBUG - Output directory already exists: C:/Users/MikeM/OneDrive/Desktop/New folder (2)\output
2024-11-10 11:19:10 - tabs.audio_tab - INFO - Audio saved to: C:/Users/MikeM/OneDrive/Desktop/New folder (2)\output\03 - natural-electronic.system- - Insecta_192kbps.mp3
2024-11-10 11:19:10 - tabs.audio_tab - INFO - Processing audio file: C:/Users/MikeM/OneDrive/Desktop/New folder (2)/03 - Psykovsky - lil i lil seberomamorebes lil i lil.flac
2024-11-10 11:19:10 - utils.helpers - DEBUG - Output directory already exists: C:/Users/MikeM/OneDrive/Desktop/New folder (2)\output
2024-11-10 11:19:13 - tabs.audio_tab - INFO - Audio saved to: C:/Users/MikeM/OneDrive/Desktop/New folder (2)\output\03 - Psykovsky - lil i lil seberomamorebes lil i lil_192kbps.mp3
2024-11-10 11:19:13 - tabs.audio_tab - INFO - Processing audio file: C:/Users/MikeM/OneDrive/Desktop/New folder (2)/03 - RVSHES - MTS-RHS III.flac
2024-11-10 11:19:13 - utils.helpers - DEBUG - Output directory already exists: C:/Users/MikeM/OneDrive/Desktop/New folder (2)\output
2024-11-10 11:19:16 - tabs.audio_tab - INFO - Audio saved to: C:/Users/MikeM/OneDrive/Desktop/New folder (2)\output\03 - RVSHES - MTS-RHS III_192kbps.mp3
2024-11-10 11:19:16 - tabs.audio_tab - INFO - Processing audio file: C:/Users/MikeM/OneDrive/Desktop/New folder (2)/03 - Shifted - Chapter 69.flac
2024-11-10 11:19:16 - utils.helpers - DEBUG - Output directory already exists: C:/Users/MikeM/OneDrive/Desktop/New folder (2)\output
2024-11-10 11:19:19 - tabs.audio_tab - INFO - Audio saved to: C:/Users/MikeM/OneDrive/Desktop/New folder (2)\output\03 - Shifted - Chapter 69_192kbps.mp3
2024-11-10 11:19:19 - tabs.audio_tab - INFO - Processing audio file: C:/Users/MikeM/OneDrive/Desktop/New folder (2)/03 - Soulacybin - Zeu.flac
2024-11-10 11:19:19 - utils.helpers - DEBUG - Output directory already exists: C:/Users/MikeM/OneDrive/Desktop/New folder (2)\output
2024-11-10 11:19:22 - tabs.audio_tab - INFO - Audio saved to: C:/Users/MikeM/OneDrive/Desktop/New folder (2)\output\03 - Soulacybin - Zeu_192kbps.mp3
2024-11-10 11:19:22 - tabs.audio_tab - INFO - Processing audio file: C:/Users/MikeM/OneDrive/Desktop/New folder (2)/03 - Tammo Hesselink - Lifted.flac
2024-11-10 11:19:22 - utils.helpers - DEBUG - Output directory already exists: C:/Users/MikeM/OneDrive/Desktop/New folder (2)\output
2024-11-10 11:19:26 - tabs.audio_tab - INFO - Audio saved to: C:/Users/MikeM/OneDrive/Desktop/New folder (2)\output\03 - Tammo Hesselink - Lifted_192kbps.mp3
2024-11-10 11:19:26 - tabs.audio_tab - INFO - Processing audio file: C:/Users/MikeM/OneDrive/Desktop/New folder (2)/03 - Terrain - Crianza.flac
2024-11-10 11:19:26 - utils.helpers - DEBUG - Output directory already exists: C:/Users/MikeM/OneDrive/Desktop/New folder (2)\output
2024-11-10 11:19:31 - tabs.audio_tab - INFO - Audio saved to: C:/Users/MikeM/OneDrive/Desktop/New folder (2)\output\03 - Terrain - Crianza_192kbps.mp3
2024-11-10 11:19:31 - tabs.audio_tab - INFO - Processing audio file: C:/Users/MikeM/OneDrive/Desktop/New folder (2)/03 - Varuna - Ratu.flac
2024-11-10 11:19:31 - utils.helpers - DEBUG - Output directory already exists: C:/Users/MikeM/OneDrive/Desktop/New folder (2)\output
2024-11-10 11:19:35 - tabs.audio_tab - INFO - Audio saved to: C:/Users/MikeM/OneDrive/Desktop/New folder (2)\output\03 - Varuna - Ratu_192kbps.mp3
2024-11-10 11:19:35 - tabs.audio_tab - INFO - Processing audio file: C:/Users/MikeM/OneDrive/Desktop/New folder (2)/03 Varazslo - Guided Travell.flac
2024-11-10 11:19:35 - utils.helpers - DEBUG - Output directory already exists: C:/Users/MikeM/OneDrive/Desktop/New folder (2)\output
2024-11-10 11:19:39 - tabs.audio_tab - INFO - Audio saved to: C:/Users/MikeM/OneDrive/Desktop/New folder (2)\output\03 Varazslo - Guided Travell_192kbps.mp3
2024-11-10 11:19:39 - tabs.audio_tab - INFO - Processing audio file: C:/Users/MikeM/OneDrive/Desktop/New folder (2)/03 Varazslo - Promised Land.flac
2024-11-10 11:19:39 - utils.helpers - DEBUG - Output directory already exists: C:/Users/MikeM/OneDrive/Desktop/New folder (2)\output
2024-11-10 11:19:43 - tabs.audio_tab - INFO - Audio saved to: C:/Users/MikeM/OneDrive/Desktop/New folder (2)\output\03 Varazslo - Promised Land_192kbps.mp3
2024-11-10 11:19:43 - tabs.audio_tab - INFO - Processing audio file: C:/Users/MikeM/OneDrive/Desktop/New folder (2)/03 Varazslo-Tears of the River.flac
2024-11-10 11:19:43 - utils.helpers - DEBUG - Output directory already exists: C:/Users/MikeM/OneDrive/Desktop/New folder (2)\output
2024-11-10 11:19:50 - tabs.audio_tab - INFO - Audio saved to: C:/Users/MikeM/OneDrive/Desktop/New folder (2)\output\03 Varazslo-Tears of the River_192kbps.mp3
2024-11-10 11:19:50 - tabs.audio_tab - INFO - Processing audio file: C:/Users/MikeM/OneDrive/Desktop/New folder (2)/3 - The Mirror of the World.flac
2024-11-10 11:19:50 - utils.helpers - DEBUG - Output directory already exists: C:/Users/MikeM/OneDrive/Desktop/New folder (2)\output
2024-11-10 11:19:56 - tabs.audio_tab - INFO - Audio saved to: C:/Users/MikeM/OneDrive/Desktop/New folder (2)\output\3 - The Mirror of the World_192kbps.mp3
2024-11-10 11:19:56 - tabs.audio_tab - INFO - Processing audio file: C:/Users/MikeM/OneDrive/Desktop/New folder (2)/04 - Azu Tiwaline - Blowing Flow.flac
2024-11-10 11:19:56 - utils.helpers - DEBUG - Output directory already exists: C:/Users/MikeM/OneDrive/Desktop/New folder (2)\output
2024-11-10 11:19:59 - tabs.audio_tab - INFO - Audio saved to: C:/Users/MikeM/OneDrive/Desktop/New folder (2)\output\04 - Azu Tiwaline - Blowing Flow_192kbps.mp3
2024-11-10 11:19:59 - tabs.audio_tab - INFO - Processing audio file: C:/Users/MikeM/OneDrive/Desktop/New folder (2)/04 - Azu Tiwaline - Deep Theko.flac
2024-11-10 11:19:59 - utils.helpers - DEBUG - Output directory already exists: C:/Users/MikeM/OneDrive/Desktop/New folder (2)\output
2024-11-10 11:20:02 - tabs.audio_tab - INFO - Audio saved to: C:/Users/MikeM/OneDrive/Desktop/New folder (2)\output\04 - Azu Tiwaline - Deep Theko_192kbps.mp3
2024-11-10 11:20:02 - tabs.audio_tab - INFO - Processing audio file: C:/Users/MikeM/OneDrive/Desktop/New folder (2)/04 - Azu Tiwaline - Itrik.flac
2024-11-10 11:20:02 - utils.helpers - DEBUG - Output directory already exists: C:/Users/MikeM/OneDrive/Desktop/New folder (2)\output
2024-11-10 11:20:06 - tabs.audio_tab - INFO - Audio saved to: C:/Users/MikeM/OneDrive/Desktop/New folder (2)\output\04 - Azu Tiwaline - Itrik_192kbps.mp3
2024-11-10 11:20:06 - tabs.audio_tab - INFO - Processing audio file: C:/Users/MikeM/OneDrive/Desktop/New folder (2)/04 - Azu Tiwaline - Tessiture.flac
2024-11-10 11:20:06 - utils.helpers - DEBUG - Output directory already exists: C:/Users/MikeM/OneDrive/Desktop/New folder (2)\output
2024-11-10 11:20:09 - tabs.audio_tab - INFO - Audio saved to: C:/Users/MikeM/OneDrive/Desktop/New folder (2)\output\04 - Azu Tiwaline - Tessiture_192kbps.mp3
2024-11-10 11:20:09 - tabs.audio_tab - INFO - Processing audio file: C:/Users/MikeM/OneDrive/Desktop/New folder (2)/04 - Azu Tiwaline, Al Wootton - Last Scene.flac
2024-11-10 11:20:09 - utils.helpers - DEBUG - Output directory already exists: C:/Users/MikeM/OneDrive/Desktop/New folder (2)\output
2024-11-10 11:20:11 - tabs.audio_tab - INFO - Audio saved to: C:/Users/MikeM/OneDrive/Desktop/New folder (2)\output\04 - Azu Tiwaline, Al Wootton - Last Scene_192kbps.mp3
2024-11-10 11:20:11 - tabs.audio_tab - INFO - Processing audio file: C:/Users/MikeM/OneDrive/Desktop/New folder (2)/04 - Azu Tiwaline, Forest Drive West - Fluids in Motion III.flac
2024-11-10 11:20:11 - utils.helpers - DEBUG - Output directory already exists: C:/Users/MikeM/OneDrive/Desktop/New folder (2)\output
2024-11-10 11:20:16 - tabs.audio_tab - INFO - Audio saved to: C:/Users/MikeM/OneDrive/Desktop/New folder (2)\output\04 - Azu Tiwaline, Forest Drive West - Fluids in Motion III_192kbps.mp3
2024-11-10 11:20:16 - tabs.audio_tab - INFO - Processing audio file: C:/Users/MikeM/OneDrive/Desktop/New folder (2)/04 - Brendon Moeller - Apparent Solution.flac
2024-11-10 11:20:16 - utils.helpers - DEBUG - Output directory already exists: C:/Users/MikeM/OneDrive/Desktop/New folder (2)\output
2024-11-10 11:20:18 - tabs.audio_tab - INFO - Audio saved to: C:/Users/MikeM/OneDrive/Desktop/New folder (2)\output\04 - Brendon Moeller - Apparent Solution_192kbps.mp3
2024-11-10 11:20:18 - tabs.audio_tab - INFO - Processing audio file: C:/Users/MikeM/OneDrive/Desktop/New folder (2)/04 - Dino Sabatini - Akanke.flac
2024-11-10 11:20:18 - utils.helpers - DEBUG - Output directory already exists: C:/Users/MikeM/OneDrive/Desktop/New folder (2)\output
2024-11-10 11:20:21 - tabs.audio_tab - INFO - Audio saved to: C:/Users/MikeM/OneDrive/Desktop/New folder (2)\output\04 - Dino Sabatini - Akanke_192kbps.mp3
2024-11-10 11:20:21 - tabs.audio_tab - INFO - Processing audio file: C:/Users/MikeM/OneDrive/Desktop/New folder (2)/04 - Drumatik - Side Chains.flac
2024-11-10 11:20:21 - utils.helpers - DEBUG - Output directory already exists: C:/Users/MikeM/OneDrive/Desktop/New folder (2)\output
2024-11-10 11:20:25 - tabs.audio_tab - INFO - Audio saved to: C:/Users/MikeM/OneDrive/Desktop/New folder (2)\output\04 - Drumatik - Side Chains_192kbps.mp3
2024-11-10 11:20:25 - tabs.audio_tab - INFO - Processing audio file: C:/Users/MikeM/OneDrive/Desktop/New folder (2)/04 - Drumatik, Pantomiman - Last Warning (Original Mix).flac
2024-11-10 11:20:25 - utils.helpers - DEBUG - Output directory already exists: C:/Users/MikeM/OneDrive/Desktop/New folder (2)\output
2024-11-10 11:20:29 - tabs.audio_tab - INFO - Audio saved to: C:/Users/MikeM/OneDrive/Desktop/New folder (2)\output\04 - Drumatik, Pantomiman - Last Warning (Original Mix)_192kbps.mp3
2024-11-10 11:20:29 - tabs.audio_tab - INFO - Processing audio file: C:/Users/MikeM/OneDrive/Desktop/New folder (2)/04 - Feral - Polar Sun.flac
2024-11-10 11:20:29 - utils.helpers - DEBUG - Output directory already exists: C:/Users/MikeM/OneDrive/Desktop/New folder (2)\output
2024-11-10 11:20:32 - tabs.audio_tab - INFO - Audio saved to: C:/Users/MikeM/OneDrive/Desktop/New folder (2)\output\04 - Feral - Polar Sun_192kbps.mp3
2024-11-10 11:20:32 - tabs.audio_tab - INFO - Processing audio file: C:/Users/MikeM/OneDrive/Desktop/New folder (2)/04 - Hedflux - Soul of Man.flac
2024-11-10 11:20:32 - utils.helpers - DEBUG - Output directory already exists: C:/Users/MikeM/OneDrive/Desktop/New folder (2)\output
2024-11-10 11:20:36 - tabs.audio_tab - INFO - Audio saved to: C:/Users/MikeM/OneDrive/Desktop/New folder (2)\output\04 - Hedflux - Soul of Man_192kbps.mp3
2024-11-10 11:20:36 - tabs.audio_tab - INFO - Processing audio file: C:/Users/MikeM/OneDrive/Desktop/New folder (2)/04 - Ipotocaticac - Ancient Bad Boys.flac
2024-11-10 11:20:36 - utils.helpers - DEBUG - Output directory already exists: C:/Users/MikeM/OneDrive/Desktop/New folder (2)\output
2024-11-10 11:20:41 - tabs.audio_tab - INFO - Audio saved to: C:/Users/MikeM/OneDrive/Desktop/New folder (2)\output\04 - Ipotocaticac - Ancient Bad Boys_192kbps.mp3
2024-11-10 11:20:41 - tabs.audio_tab - INFO - Processing audio file: C:/Users/MikeM/OneDrive/Desktop/New folder (2)/04 - Ipotocaticac - Dies.flac
2024-11-10 11:20:41 - utils.helpers - DEBUG - Output directory already exists: C:/Users/MikeM/OneDrive/Desktop/New folder (2)\output
2024-11-10 11:20:44 - tabs.audio_tab - INFO - Audio saved to: C:/Users/MikeM/OneDrive/Desktop/New folder (2)\output\04 - Ipotocaticac - Dies_192kbps.mp3
2024-11-10 11:20:44 - tabs.audio_tab - INFO - Processing audio file: C:/Users/MikeM/OneDrive/Desktop/New folder (2)/04 - Ipotocaticac - Ipotocaticac.flac
2024-11-10 11:20:44 - utils.helpers - DEBUG - Output directory already exists: C:/Users/MikeM/OneDrive/Desktop/New folder (2)\output
2024-11-10 11:20:48 - tabs.audio_tab - INFO - Audio saved to: C:/Users/MikeM/OneDrive/Desktop/New folder (2)\output\04 - Ipotocaticac - Ipotocaticac_192kbps.mp3
2024-11-10 11:20:48 - tabs.audio_tab - INFO - Processing audio file: C:/Users/MikeM/OneDrive/Desktop/New folder (2)/04 - Ipotocaticac - New Deal.flac
2024-11-10 11:20:48 - utils.helpers - DEBUG - Output directory already exists: C:/Users/MikeM/OneDrive/Desktop/New folder (2)\output
2024-11-10 11:20:53 - tabs.audio_tab - INFO - Audio saved to: C:/Users/MikeM/OneDrive/Desktop/New folder (2)\output\04 - Ipotocaticac - New Deal_192kbps.mp3
2024-11-10 11:20:53 - tabs.audio_tab - INFO - Processing audio file: C:/Users/MikeM/OneDrive/Desktop/New folder (2)/04 - Ipotocaticac - No Ritaline For Hyperactive Ghosts (Original Mix).flac
2024-11-10 11:20:53 - utils.helpers - DEBUG - Output directory already exists: C:/Users/MikeM/OneDrive/Desktop/New folder (2)\output
2024-11-10 11:20:57 - tabs.audio_tab - INFO - Audio saved to: C:/Users/MikeM/OneDrive/Desktop/New folder (2)\output\04 - Ipotocaticac - No Ritaline For Hyperactive Ghosts (Original Mix)_192kbps.mp3
2024-11-10 11:20:57 - tabs.audio_tab - INFO - Processing audio file: C:/Users/MikeM/OneDrive/Desktop/New folder (2)/04 - Ipotocaticac - Sensitive Cases.flac
2024-11-10 11:20:57 - utils.helpers - DEBUG - Output directory already exists: C:/Users/MikeM/OneDrive/Desktop/New folder (2)\output
2024-11-10 11:21:01 - tabs.audio_tab - INFO - Audio saved to: C:/Users/MikeM/OneDrive/Desktop/New folder (2)\output\04 - Ipotocaticac - Sensitive Cases_192kbps.mp3
2024-11-10 11:21:01 - tabs.audio_tab - INFO - Processing audio file: C:/Users/MikeM/OneDrive/Desktop/New folder (2)/04 - Ipotocaticac - Twisted Sahel.flac
2024-11-10 11:21:01 - utils.helpers - DEBUG - Output directory already exists: C:/Users/MikeM/OneDrive/Desktop/New folder (2)\output
2024-11-10 11:21:05 - tabs.audio_tab - INFO - Audio saved to: C:/Users/MikeM/OneDrive/Desktop/New folder (2)\output\04 - Ipotocaticac - Twisted Sahel_192kbps.mp3
2024-11-10 11:21:05 - tabs.audio_tab - INFO - Processing audio file: C:/Users/MikeM/OneDrive/Desktop/New folder (2)/04 - Ipotocaticac, Kitsune - Light-Winged Smoke.flac
2024-11-10 11:21:05 - utils.helpers - DEBUG - Output directory already exists: C:/Users/MikeM/OneDrive/Desktop/New folder (2)\output
2024-11-10 11:21:09 - tabs.audio_tab - INFO - Audio saved to: C:/Users/MikeM/OneDrive/Desktop/New folder (2)\output\04 - Ipotocaticac, Kitsune - Light-Winged Smoke_192kbps.mp3
2024-11-10 11:21:09 - tabs.audio_tab - INFO - Processing audio file: C:/Users/MikeM/OneDrive/Desktop/New folder (2)/04 - Ipotocaticac, Post Modern Music - Babaji.flac
2024-11-10 11:21:09 - utils.helpers - DEBUG - Output directory already exists: C:/Users/MikeM/OneDrive/Desktop/New folder (2)\output
2024-11-10 11:21:14 - tabs.audio_tab - INFO - Audio saved to: C:/Users/MikeM/OneDrive/Desktop/New folder (2)\output\04 - Ipotocaticac, Post Modern Music - Babaji_192kbps.mp3
2024-11-10 11:21:14 - tabs.audio_tab - INFO - Processing audio file: C:/Users/MikeM/OneDrive/Desktop/New folder (2)/04 - Ivatu - Heat & Hatchet(Explicit).flac
2024-11-10 11:21:14 - utils.helpers - DEBUG - Output directory already exists: C:/Users/MikeM/OneDrive/Desktop/New folder (2)\output
2024-11-10 11:21:16 - tabs.audio_tab - INFO - Audio saved to: C:/Users/MikeM/OneDrive/Desktop/New folder (2)\output\04 - Ivatu - Heat & Hatchet(Explicit)_192kbps.mp3
2024-11-10 11:21:16 - tabs.audio_tab - INFO - Processing audio file: C:/Users/MikeM/OneDrive/Desktop/New folder (2)/04 - Kaspiann - Solina.flac
2024-11-10 11:21:16 - utils.helpers - DEBUG - Output directory already exists: C:/Users/MikeM/OneDrive/Desktop/New folder (2)\output
2024-11-10 11:21:20 - tabs.audio_tab - INFO - Audio saved to: C:/Users/MikeM/OneDrive/Desktop/New folder (2)\output\04 - Kaspiann - Solina_192kbps.mp3
2024-11-10 11:21:20 - tabs.audio_tab - INFO - Processing audio file: C:/Users/MikeM/OneDrive/Desktop/New folder (2)/04 - Katatonic Silentio - From.flac
2024-11-10 11:21:20 - utils.helpers - DEBUG - Output directory already exists: C:/Users/MikeM/OneDrive/Desktop/New folder (2)\output
2024-11-10 11:21:24 - tabs.audio_tab - INFO - Audio saved to: C:/Users/MikeM/OneDrive/Desktop/New folder (2)\output\04 - Katatonic Silentio - From_192kbps.mp3
2024-11-10 11:21:24 - tabs.audio_tab - INFO - Processing audio file: C:/Users/MikeM/OneDrive/Desktop/New folder (2)/04 - Konduku - Swerve.flac
2024-11-10 11:21:24 - utils.helpers - DEBUG - Output directory already exists: C:/Users/MikeM/OneDrive/Desktop/New folder (2)\output
2024-11-10 11:21:27 - tabs.audio_tab - INFO - Audio saved to: C:/Users/MikeM/OneDrive/Desktop/New folder (2)\output\04 - Konduku - Swerve_192kbps.mp3
2024-11-10 11:21:27 - tabs.audio_tab - INFO - Processing audio file: C:/Users/MikeM/OneDrive/Desktop/New folder (2)/04 - Lemna - Datura.flac
2024-11-10 11:21:27 - utils.helpers - DEBUG - Output directory already exists: C:/Users/MikeM/OneDrive/Desktop/New folder (2)\output
2024-11-10 11:21:30 - tabs.audio_tab - INFO - Audio saved to: C:/Users/MikeM/OneDrive/Desktop/New folder (2)\output\04 - Lemna - Datura_192kbps.mp3
2024-11-10 11:21:30 - tabs.audio_tab - INFO - Processing audio file: C:/Users/MikeM/OneDrive/Desktop/New folder (2)/04 - Lemna - Diffuse Reflection.flac
2024-11-10 11:21:30 - utils.helpers - DEBUG - Output directory already exists: C:/Users/MikeM/OneDrive/Desktop/New folder (2)\output
2024-11-10 11:21:33 - tabs.audio_tab - INFO - Audio saved to: C:/Users/MikeM/OneDrive/Desktop/New folder (2)\output\04 - Lemna - Diffuse Reflection_192kbps.mp3
2024-11-10 11:21:33 - tabs.audio_tab - INFO - Processing audio file: C:/Users/MikeM/OneDrive/Desktop/New folder (2)/04 - natural-electronic.system- - Vespero.flac
2024-11-10 11:21:33 - utils.helpers - DEBUG - Output directory already exists: C:/Users/MikeM/OneDrive/Desktop/New folder (2)\output
2024-11-10 11:21:37 - tabs.audio_tab - INFO - Audio saved to: C:/Users/MikeM/OneDrive/Desktop/New folder (2)\output\04 - natural-electronic.system- - Vespero_192kbps.mp3
2024-11-10 11:21:37 - tabs.audio_tab - INFO - Processing audio file: C:/Users/MikeM/OneDrive/Desktop/New folder (2)/04 - Psykovsky, Braek - robot s opytnym litsom otkazalsya lish potom (vari.flac
2024-11-10 11:21:37 - utils.helpers - DEBUG - Output directory already exists: C:/Users/MikeM/OneDrive/Desktop/New folder (2)\output
2024-11-10 11:21:41 - tabs.audio_tab - INFO - Audio saved to: C:/Users/MikeM/OneDrive/Desktop/New folder (2)\output\04 - Psykovsky, Braek - robot s opytnym litsom otkazalsya lish potom (vari_192kbps.mp3
2024-11-10 11:21:41 - tabs.audio_tab - INFO - Processing audio file: C:/Users/MikeM/OneDrive/Desktop/New folder (2)/04 - RVSHES - MTS-RHS IV.flac
2024-11-10 11:21:41 - utils.helpers - DEBUG - Output directory already exists: C:/Users/MikeM/OneDrive/Desktop/New folder (2)\output
2024-11-10 11:21:44 - tabs.audio_tab - INFO - Audio saved to: C:/Users/MikeM/OneDrive/Desktop/New folder (2)\output\04 - RVSHES - MTS-RHS IV_192kbps.mp3
2024-11-10 11:21:44 - tabs.audio_tab - INFO - Processing audio file: C:/Users/MikeM/OneDrive/Desktop/New folder (2)/04 - Tammo Hesselink - Now Attempt.flac
2024-11-10 11:21:44 - utils.helpers - DEBUG - Output directory already exists: C:/Users/MikeM/OneDrive/Desktop/New folder (2)\output
2024-11-10 11:21:47 - tabs.audio_tab - INFO - Audio saved to: C:/Users/MikeM/OneDrive/Desktop/New folder (2)\output\04 - Tammo Hesselink - Now Attempt_192kbps.mp3
2024-11-10 11:21:47 - tabs.audio_tab - INFO - Processing audio file: C:/Users/MikeM/OneDrive/Desktop/New folder (2)/04 - Terrain - Mode.flac
2024-11-10 11:21:47 - utils.helpers - DEBUG - Output directory already exists: C:/Users/MikeM/OneDrive/Desktop/New folder (2)\output
2024-11-10 11:21:51 - tabs.audio_tab - INFO - Audio saved to: C:/Users/MikeM/OneDrive/Desktop/New folder (2)\output\04 - Terrain - Mode_192kbps.mp3
2024-11-10 11:21:51 - tabs.audio_tab - INFO - Processing audio file: C:/Users/MikeM/OneDrive/Desktop/New folder (2)/04 Varazslo - Let It Come (Part 2).flac
2024-11-10 11:21:51 - utils.helpers - DEBUG - Output directory already exists: C:/Users/MikeM/OneDrive/Desktop/New folder (2)\output
2024-11-10 11:21:57 - tabs.audio_tab - INFO - Audio saved to: C:/Users/MikeM/OneDrive/Desktop/New folder (2)\output\04 Varazslo - Let It Come (Part 2)_192kbps.mp3
2024-11-10 11:21:57 - tabs.audio_tab - INFO - Processing audio file: C:/Users/MikeM/OneDrive/Desktop/New folder (2)/04 Varazslo - LSD.flac
2024-11-10 11:21:57 - utils.helpers - DEBUG - Output directory already exists: C:/Users/MikeM/OneDrive/Desktop/New folder (2)\output
2024-11-10 11:22:01 - tabs.audio_tab - INFO - Audio saved to: C:/Users/MikeM/OneDrive/Desktop/New folder (2)\output\04 Varazslo - LSD_192kbps.mp3
2024-11-10 11:22:01 - tabs.audio_tab - INFO - Processing audio file: C:/Users/MikeM/OneDrive/Desktop/New folder (2)/04 Varazslo-Juttu.flac
2024-11-10 11:22:01 - utils.helpers - DEBUG - Output directory already exists: C:/Users/MikeM/OneDrive/Desktop/New folder (2)\output
2024-11-10 11:22:07 - tabs.audio_tab - INFO - Audio saved to: C:/Users/MikeM/OneDrive/Desktop/New folder (2)\output\04 Varazslo-Juttu_192kbps.mp3
2024-11-10 11:22:07 - tabs.audio_tab - INFO - Processing audio file: C:/Users/MikeM/OneDrive/Desktop/New folder (2)/4 - Enchanted Ride.flac
2024-11-10 11:22:07 - utils.helpers - DEBUG - Output directory already exists: C:/Users/MikeM/OneDrive/Desktop/New folder (2)\output
2024-11-10 11:22:12 - tabs.audio_tab - INFO - Audio saved to: C:/Users/MikeM/OneDrive/Desktop/New folder (2)\output\4 - Enchanted Ride_192kbps.mp3
2024-11-10 11:22:12 - tabs.audio_tab - INFO - Processing audio file: C:/Users/MikeM/OneDrive/Desktop/New folder (2)/05 - Azu Tiwaline - Long Hypnosis.flac
2024-11-10 11:22:12 - utils.helpers - DEBUG - Output directory already exists: C:/Users/MikeM/OneDrive/Desktop/New folder (2)\output
2024-11-10 11:22:15 - tabs.audio_tab - INFO - Audio saved to: C:/Users/MikeM/OneDrive/Desktop/New folder (2)\output\05 - Azu Tiwaline - Long Hypnosis_192kbps.mp3
2024-11-10 11:22:15 - tabs.audio_tab - INFO - Processing audio file: C:/Users/MikeM/OneDrive/Desktop/New folder (2)/05 - Azu Tiwaline - Yenna.flac
2024-11-10 11:22:15 - utils.helpers - DEBUG - Output directory already exists: C:/Users/MikeM/OneDrive/Desktop/New folder (2)\output
2024-11-10 11:22:18 - tabs.audio_tab - INFO - Audio saved to: C:/Users/MikeM/OneDrive/Desktop/New folder (2)\output\05 - Azu Tiwaline - Yenna_192kbps.mp3
2024-11-10 11:22:18 - tabs.audio_tab - INFO - Processing audio file: C:/Users/MikeM/OneDrive/Desktop/New folder (2)/05 - Drumatik - Sacred Places.flac
2024-11-10 11:22:18 - utils.helpers - DEBUG - Output directory already exists: C:/Users/MikeM/OneDrive/Desktop/New folder (2)\output
2024-11-10 11:22:22 - tabs.audio_tab - INFO - Audio saved to: C:/Users/MikeM/OneDrive/Desktop/New folder (2)\output\05 - Drumatik - Sacred Places_192kbps.mp3
2024-11-10 11:22:22 - tabs.audio_tab - INFO - Processing audio file: C:/Users/MikeM/OneDrive/Desktop/New folder (2)/05 - Ipotocaticac - Faya Yaba.flac
2024-11-10 11:22:22 - utils.helpers - DEBUG - Output directory already exists: C:/Users/MikeM/OneDrive/Desktop/New folder (2)\output
2024-11-10 11:22:26 - tabs.audio_tab - INFO - Audio saved to: C:/Users/MikeM/OneDrive/Desktop/New folder (2)\output\05 - Ipotocaticac - Faya Yaba_192kbps.mp3
2024-11-10 11:22:26 - tabs.audio_tab - INFO - Processing audio file: C:/Users/MikeM/OneDrive/Desktop/New folder (2)/05 - Ipotocaticac - Hoha's Voodoo Return.flac
2024-11-10 11:22:26 - utils.helpers - DEBUG - Output directory already exists: C:/Users/MikeM/OneDrive/Desktop/New folder (2)\output
2024-11-10 11:22:31 - tabs.audio_tab - INFO - Audio saved to: C:/Users/MikeM/OneDrive/Desktop/New folder (2)\output\05 - Ipotocaticac - Hoha's Voodoo Return_192kbps.mp3
2024-11-10 11:22:31 - tabs.audio_tab - INFO - Processing audio file: C:/Users/MikeM/OneDrive/Desktop/New folder (2)/05 - Ipotocaticac - Le grand accélérateur.flac
2024-11-10 11:22:31 - utils.helpers - DEBUG - Output directory already exists: C:/Users/MikeM/OneDrive/Desktop/New folder (2)\output
2024-11-10 11:22:36 - tabs.audio_tab - INFO - Audio saved to: C:/Users/MikeM/OneDrive/Desktop/New folder (2)\output\05 - Ipotocaticac - Le grand accélérateur_192kbps.mp3
2024-11-10 11:22:36 - tabs.audio_tab - INFO - Processing audio file: C:/Users/MikeM/OneDrive/Desktop/New folder (2)/05 - Ipotocaticac - Night Walk.flac
2024-11-10 11:22:36 - utils.helpers - DEBUG - Output directory already exists: C:/Users/MikeM/OneDrive/Desktop/New folder (2)\output
2024-11-10 11:22:41 - tabs.audio_tab - INFO - Audio saved to: C:/Users/MikeM/OneDrive/Desktop/New folder (2)\output\05 - Ipotocaticac - Night Walk_192kbps.mp3
2024-11-10 11:22:41 - tabs.audio_tab - INFO - Processing audio file: C:/Users/MikeM/OneDrive/Desktop/New folder (2)/05 - Ipotocaticac - Talk You Ass Off.flac
2024-11-10 11:22:41 - utils.helpers - DEBUG - Output directory already exists: C:/Users/MikeM/OneDrive/Desktop/New folder (2)\output
2024-11-10 11:22:45 - tabs.audio_tab - INFO - Audio saved to: C:/Users/MikeM/OneDrive/Desktop/New folder (2)\output\05 - Ipotocaticac - Talk You Ass Off_192kbps.mp3
2024-11-10 11:22:45 - tabs.audio_tab - INFO - Processing audio file: C:/Users/MikeM/OneDrive/Desktop/New folder (2)/05 - Ipotocaticac - Technicrack.flac
2024-11-10 11:22:45 - utils.helpers - DEBUG - Output directory already exists: C:/Users/MikeM/OneDrive/Desktop/New folder (2)\output
2024-11-10 11:22:53 - tabs.audio_tab - INFO - Audio saved to: C:/Users/MikeM/OneDrive/Desktop/New folder (2)\output\05 - Ipotocaticac - Technicrack_192kbps.mp3
2024-11-10 11:22:53 - tabs.audio_tab - INFO - Processing audio file: C:/Users/MikeM/OneDrive/Desktop/New folder (2)/05 - Ipotocaticac - The Factory.flac
2024-11-10 11:22:53 - utils.helpers - DEBUG - Output directory already exists: C:/Users/MikeM/OneDrive/Desktop/New folder (2)\output
2024-11-10 11:22:57 - tabs.audio_tab - INFO - Audio saved to: C:/Users/MikeM/OneDrive/Desktop/New folder (2)\output\05 - Ipotocaticac - The Factory_192kbps.mp3
2024-11-10 11:22:57 - tabs.audio_tab - INFO - Processing audio file: C:/Users/MikeM/OneDrive/Desktop/New folder (2)/05 - Ipotocaticac - Xam'ama Zonika (Original Mix).flac
2024-11-10 11:22:57 - utils.helpers - DEBUG - Output directory already exists: C:/Users/MikeM/OneDrive/Desktop/New folder (2)\output
2024-11-10 11:23:02 - tabs.audio_tab - INFO - Audio saved to: C:/Users/MikeM/OneDrive/Desktop/New folder (2)\output\05 - Ipotocaticac - Xam'ama Zonika (Original Mix)_192kbps.mp3
2024-11-10 11:23:02 - tabs.audio_tab - INFO - Processing audio file: C:/Users/MikeM/OneDrive/Desktop/New folder (2)/05 - Ipotocaticac, Pluriverso - Enchanted Ride (Pluriverso Remix).flac
2024-11-10 11:23:02 - utils.helpers - DEBUG - Output directory already exists: C:/Users/MikeM/OneDrive/Desktop/New folder (2)\output
2024-11-10 11:23:07 - tabs.audio_tab - INFO - Audio saved to: C:/Users/MikeM/OneDrive/Desktop/New folder (2)\output\05 - Ipotocaticac, Pluriverso - Enchanted Ride (Pluriverso Remix)_192kbps.mp3
2024-11-10 11:23:07 - tabs.audio_tab - INFO - Processing audio file: C:/Users/MikeM/OneDrive/Desktop/New folder (2)/05 - Kangding Ray - Serendipity March.flac
2024-11-10 11:23:07 - utils.helpers - DEBUG - Output directory already exists: C:/Users/MikeM/OneDrive/Desktop/New folder (2)\output
2024-11-10 11:23:10 - tabs.audio_tab - INFO - Audio saved to: C:/Users/MikeM/OneDrive/Desktop/New folder (2)\output\05 - Kangding Ray - Serendipity March_192kbps.mp3
2024-11-10 11:23:10 - tabs.audio_tab - INFO - Processing audio file: C:/Users/MikeM/OneDrive/Desktop/New folder (2)/05 - Konduku - Trail.flac
2024-11-10 11:23:10 - utils.helpers - DEBUG - Output directory already exists: C:/Users/MikeM/OneDrive/Desktop/New folder (2)\output
2024-11-10 11:23:13 - tabs.audio_tab - INFO - Audio saved to: C:/Users/MikeM/OneDrive/Desktop/New folder (2)\output\05 - Konduku - Trail_192kbps.mp3
2024-11-10 11:23:13 - tabs.audio_tab - INFO - Processing audio file: C:/Users/MikeM/OneDrive/Desktop/New folder (2)/05 - Lemna - Northern Boobook.flac
2024-11-10 11:23:13 - utils.helpers - DEBUG - Output directory already exists: C:/Users/MikeM/OneDrive/Desktop/New folder (2)\output
2024-11-10 11:23:16 - tabs.audio_tab - INFO - Audio saved to: C:/Users/MikeM/OneDrive/Desktop/New folder (2)\output\05 - Lemna - Northern Boobook_192kbps.mp3
2024-11-10 11:23:16 - tabs.audio_tab - INFO - Processing audio file: C:/Users/MikeM/OneDrive/Desktop/New folder (2)/05 - Lemna - Spinning Dancer.flac
2024-11-10 11:23:16 - utils.helpers - DEBUG - Output directory already exists: C:/Users/MikeM/OneDrive/Desktop/New folder (2)\output
2024-11-10 11:23:19 - tabs.audio_tab - INFO - Audio saved to: C:/Users/MikeM/OneDrive/Desktop/New folder (2)\output\05 - Lemna - Spinning Dancer_192kbps.mp3
2024-11-10 11:23:19 - tabs.audio_tab - INFO - Processing audio file: C:/Users/MikeM/OneDrive/Desktop/New folder (2)/05 - Objekt - Bad Apples.flac
2024-11-10 11:23:19 - utils.helpers - DEBUG - Output directory already exists: C:/Users/MikeM/OneDrive/Desktop/New folder (2)\output
2024-11-10 11:23:23 - tabs.audio_tab - INFO - Audio saved to: C:/Users/MikeM/OneDrive/Desktop/New folder (2)\output\05 - Objekt - Bad Apples_192kbps.mp3
2024-11-10 11:23:23 - tabs.audio_tab - INFO - Processing audio file: C:/Users/MikeM/OneDrive/Desktop/New folder (2)/05 - Psykovsky & Kuiper - slilsya v podsnezhnik s nesnimuyu nezhnost'yu (fea.flac
2024-11-10 11:23:23 - utils.helpers - DEBUG - Output directory already exists: C:/Users/MikeM/OneDrive/Desktop/New folder (2)\output
2024-11-10 11:23:26 - tabs.audio_tab - INFO - Audio saved to: C:/Users/MikeM/OneDrive/Desktop/New folder (2)\output\05 - Psykovsky & Kuiper - slilsya v podsnezhnik s nesnimuyu nezhnost'yu (fea_192kbps.mp3
2024-11-10 11:23:26 - tabs.audio_tab - INFO - Processing audio file: C:/Users/MikeM/OneDrive/Desktop/New folder (2)/05 - RVSHES - MTS-RHS V.flac
2024-11-10 11:23:26 - utils.helpers - DEBUG - Output directory already exists: C:/Users/MikeM/OneDrive/Desktop/New folder (2)\output
2024-11-10 11:23:28 - tabs.audio_tab - INFO - Audio saved to: C:/Users/MikeM/OneDrive/Desktop/New folder (2)\output\05 - RVSHES - MTS-RHS V_192kbps.mp3
2024-11-10 11:23:28 - utils.helpers - DEBUG - Output directory already exists: C:/Users/MikeM/OneDrive/Desktop/New folder (2)\output
2024-11-10 11:23:31 - tabs.audio_tab - INFO - Processing audio file: C:/Users/MikeM/OneDrive/Desktop/New folder (2)/05 - Soulacybin - Sludgewurmin.flac
2024-11-10 11:23:31 - utils.helpers - DEBUG - Output directory already exists: C:/Users/MikeM/OneDrive/Desktop/New folder (2)\output
2024-11-10 11:23:34 - tabs.audio_tab - INFO - Audio saved to: C:/Users/MikeM/OneDrive/Desktop/New folder (2)\output\05 - Soulacybin - Sludgewurmin_192kbps.mp3
2024-11-10 11:23:34 - tabs.audio_tab - INFO - Processing audio file: C:/Users/MikeM/OneDrive/Desktop/New folder (2)/05 Varazslo - Sweet Lemonade.flac
2024-11-10 11:23:34 - utils.helpers - DEBUG - Output directory already exists: C:/Users/MikeM/OneDrive/Desktop/New folder (2)\output
2024-11-10 11:23:38 - tabs.audio_tab - INFO - Audio saved to: C:/Users/MikeM/OneDrive/Desktop/New folder (2)\output\05 Varazslo - Sweet Lemonade_192kbps.mp3
2024-11-10 11:23:38 - tabs.audio_tab - INFO - Processing audio file: C:/Users/MikeM/OneDrive/Desktop/New folder (2)/05 Varazslo - Vis Vitalis.flac
2024-11-10 11:23:38 - utils.helpers - DEBUG - Output directory already exists: C:/Users/MikeM/OneDrive/Desktop/New folder (2)\output
2024-11-10 11:23:44 - tabs.audio_tab - INFO - Audio saved to: C:/Users/MikeM/OneDrive/Desktop/New folder (2)\output\05 Varazslo - Vis Vitalis_192kbps.mp3
2024-11-10 11:23:44 - tabs.audio_tab - INFO - Processing audio file: C:/Users/MikeM/OneDrive/Desktop/New folder (2)/05 Varazsombor-Thunderrrride.flac
2024-11-10 11:23:44 - utils.helpers - DEBUG - Output directory already exists: C:/Users/MikeM/OneDrive/Desktop/New folder (2)\output
2024-11-10 11:23:51 - tabs.audio_tab - INFO - Audio saved to: C:/Users/MikeM/OneDrive/Desktop/New folder (2)\output\05 Varazsombor-Thunderrrride_192kbps.mp3
2024-11-10 11:23:51 - tabs.audio_tab - INFO - Processing audio file: C:/Users/MikeM/OneDrive/Desktop/New folder (2)/5 - Crystal-Image.flac
2024-11-10 11:23:51 - utils.helpers - DEBUG - Output directory already exists: C:/Users/MikeM/OneDrive/Desktop/New folder (2)\output
2024-11-10 11:23:55 - tabs.audio_tab - INFO - Audio saved to: C:/Users/MikeM/OneDrive/Desktop/New folder (2)\output\5 - Crystal-Image_192kbps.mp3
2024-11-10 11:23:55 - tabs.audio_tab - INFO - Processing audio file: C:/Users/MikeM/OneDrive/Desktop/New folder (2)/06 - Azu Tiwaline - Omok.flac
2024-11-10 11:23:55 - utils.helpers - DEBUG - Output directory already exists: C:/Users/MikeM/OneDrive/Desktop/New folder (2)\output
2024-11-10 11:23:59 - tabs.audio_tab - INFO - Audio saved to: C:/Users/MikeM/OneDrive/Desktop/New folder (2)\output\06 - Azu Tiwaline - Omok_192kbps.mp3
2024-11-10 11:23:59 - tabs.audio_tab - INFO - Processing audio file: C:/Users/MikeM/OneDrive/Desktop/New folder (2)/06 - Azu Tiwaline - Reptilian Waves.flac
2024-11-10 11:23:59 - utils.helpers - DEBUG - Output directory already exists: C:/Users/MikeM/OneDrive/Desktop/New folder (2)\output
2024-11-10 11:24:02 - tabs.audio_tab - INFO - Audio saved to: C:/Users/MikeM/OneDrive/Desktop/New folder (2)\output\06 - Azu Tiwaline - Reptilian Waves_192kbps.mp3
2024-11-10 11:24:02 - tabs.audio_tab - INFO - Processing audio file: C:/Users/MikeM/OneDrive/Desktop/New folder (2)/06 - Doof - Star Above Pavarati (Bill Mohadev Mix).flac
2024-11-10 11:24:02 - utils.helpers - DEBUG - Output directory already exists: C:/Users/MikeM/OneDrive/Desktop/New folder (2)\output
2024-11-10 11:24:09 - tabs.audio_tab - INFO - Audio saved to: C:/Users/MikeM/OneDrive/Desktop/New folder (2)\output\06 - Doof - Star Above Pavarati (Bill Mohadev Mix)_192kbps.mp3
2024-11-10 11:24:09 - tabs.audio_tab - INFO - Processing audio file: C:/Users/MikeM/OneDrive/Desktop/New folder (2)/06 - Ipotocaticac - Barbe a Papa.flac
2024-11-10 11:24:09 - utils.helpers - DEBUG - Output directory already exists: C:/Users/MikeM/OneDrive/Desktop/New folder (2)\output
2024-11-10 11:24:13 - tabs.audio_tab - INFO - Audio saved to: C:/Users/MikeM/OneDrive/Desktop/New folder (2)\output\06 - Ipotocaticac - Barbe a Papa_192kbps.mp3
2024-11-10 11:24:13 - tabs.audio_tab - INFO - Processing audio file: C:/Users/MikeM/OneDrive/Desktop/New folder (2)/06 - Ipotocaticac - Les Courants De L'espace.flac
2024-11-10 11:24:13 - utils.helpers - DEBUG - Output directory already exists: C:/Users/MikeM/OneDrive/Desktop/New folder (2)\output
2024-11-10 11:24:18 - tabs.audio_tab - INFO - Audio saved to: C:/Users/MikeM/OneDrive/Desktop/New folder (2)\output\06 - Ipotocaticac - Les Courants De L'espace_192kbps.mp3
2024-11-10 11:24:18 - tabs.audio_tab - INFO - Processing audio file: C:/Users/MikeM/OneDrive/Desktop/New folder (2)/06 - Ipotocaticac - Resolution.flac
2024-11-10 11:24:18 - utils.helpers - DEBUG - Output directory already exists: C:/Users/MikeM/OneDrive/Desktop/New folder (2)\output
2024-11-10 11:24:21 - tabs.audio_tab - INFO - Audio saved to: C:/Users/MikeM/OneDrive/Desktop/New folder (2)\output\06 - Ipotocaticac - Resolution_192kbps.mp3
2024-11-10 11:24:21 - tabs.audio_tab - INFO - Processing audio file: C:/Users/MikeM/OneDrive/Desktop/New folder (2)/06 - Ipotocaticac - The Young Pianist on Acid.flac
2024-11-10 11:24:21 - utils.helpers - DEBUG - Output directory already exists: C:/Users/MikeM/OneDrive/Desktop/New folder (2)\output
2024-11-10 11:24:25 - tabs.audio_tab - INFO - Audio saved to: C:/Users/MikeM/OneDrive/Desktop/New folder (2)\output\06 - Ipotocaticac - The Young Pianist on Acid_192kbps.mp3
2024-11-10 11:24:25 - tabs.audio_tab - INFO - Processing audio file: C:/Users/MikeM/OneDrive/Desktop/New folder (2)/06 - Konduku - Lust.flac
2024-11-10 11:24:25 - utils.helpers - DEBUG - Output directory already exists: C:/Users/MikeM/OneDrive/Desktop/New folder (2)\output
2024-11-10 11:24:28 - tabs.audio_tab - INFO - Audio saved to: C:/Users/MikeM/OneDrive/Desktop/New folder (2)\output\06 - Konduku - Lust_192kbps.mp3
2024-11-10 11:24:28 - tabs.audio_tab - INFO - Processing audio file: C:/Users/MikeM/OneDrive/Desktop/New folder (2)/06 - Psykovsky - hey (feat. Tan Tan & The Svara).flac
2024-11-10 11:24:28 - utils.helpers - DEBUG - Output directory already exists: C:/Users/MikeM/OneDrive/Desktop/New folder (2)\output
2024-11-10 11:24:31 - tabs.audio_tab - INFO - Audio saved to: C:/Users/MikeM/OneDrive/Desktop/New folder (2)\output\06 - Psykovsky - hey (feat. Tan Tan & The Svara)_192kbps.mp3
2024-11-10 11:24:31 - tabs.audio_tab - INFO - Processing audio file: C:/Users/MikeM/OneDrive/Desktop/New folder (2)/06 - Rrose - Waterfall.flac
2024-11-10 11:24:31 - utils.helpers - DEBUG - Output directory already exists: C:/Users/MikeM/OneDrive/Desktop/New folder (2)\output
2024-11-10 11:24:35 - tabs.audio_tab - INFO - Audio saved to: C:/Users/MikeM/OneDrive/Desktop/New folder (2)\output\06 - Rrose - Waterfall_192kbps.mp3
2024-11-10 11:24:35 - tabs.audio_tab - INFO - Processing audio file: C:/Users/MikeM/OneDrive/Desktop/New folder (2)/06 - RVSHES - MTS-RHS VI.flac
2024-11-10 11:24:35 - utils.helpers - DEBUG - Output directory already exists: C:/Users/MikeM/OneDrive/Desktop/New folder (2)\output
2024-11-10 11:24:37 - tabs.audio_tab - INFO - Audio saved to: C:/Users/MikeM/OneDrive/Desktop/New folder (2)\output\06 - RVSHES - MTS-RHS VI_192kbps.mp3
2024-11-10 11:24:37 - tabs.audio_tab - INFO - Processing audio file: C:/Users/MikeM/OneDrive/Desktop/New folder (2)/06 - Scuba - Hard Boiled (SCB Edit).flac
2024-11-10 11:24:37 - utils.helpers - DEBUG - Output directory already exists: C:/Users/MikeM/OneDrive/Desktop/New folder (2)\output
2024-11-10 11:24:42 - tabs.audio_tab - INFO - Audio saved to: C:/Users/MikeM/OneDrive/Desktop/New folder (2)\output\06 - Scuba - Hard Boiled (SCB Edit)_192kbps.mp3
2024-11-10 11:24:42 - utils.helpers - DEBUG - Output directory already exists: C:/Users/MikeM/OneDrive/Desktop/New folder (2)\output
2024-11-10 11:24:45 - tabs.audio_tab - INFO - Processing audio file: C:/Users/MikeM/OneDrive/Desktop/New folder (2)/06 Varazslo - Bluaborpzup 50.flac
2024-11-10 11:24:45 - utils.helpers - DEBUG - Output directory already exists: C:/Users/MikeM/OneDrive/Desktop/New folder (2)\output
2024-11-10 11:24:51 - tabs.audio_tab - INFO - Audio saved to: C:/Users/MikeM/OneDrive/Desktop/New folder (2)\output\06 Varazslo - Bluaborpzup 50_192kbps.mp3
2024-11-10 11:24:51 - tabs.audio_tab - INFO - Processing audio file: C:/Users/MikeM/OneDrive/Desktop/New folder (2)/06 Varazslo & Tabura-Na Ha Va.flac
2024-11-10 11:24:51 - utils.helpers - DEBUG - Output directory already exists: C:/Users/MikeM/OneDrive/Desktop/New folder (2)\output
2024-11-10 11:24:57 - tabs.audio_tab - INFO - Audio saved to: C:/Users/MikeM/OneDrive/Desktop/New folder (2)\output\06 Varazslo & Tabura-Na Ha Va_192kbps.mp3
2024-11-10 11:24:57 - tabs.audio_tab - INFO - Processing audio file: C:/Users/MikeM/OneDrive/Desktop/New folder (2)/06 Varazslo vs. Invid Mind - Power of the Weak.flac
2024-11-10 11:24:57 - utils.helpers - DEBUG - Output directory already exists: C:/Users/MikeM/OneDrive/Desktop/New folder (2)\output
2024-11-10 11:25:01 - tabs.audio_tab - INFO - Audio saved to: C:/Users/MikeM/OneDrive/Desktop/New folder (2)\output\06 Varazslo vs. Invid Mind - Power of the Weak_192kbps.mp3
2024-11-10 11:25:01 - tabs.audio_tab - INFO - Processing audio file: C:/Users/MikeM/OneDrive/Desktop/New folder (2)/6 - Démolir l'Égo.flac
2024-11-10 11:25:01 - utils.helpers - DEBUG - Output directory already exists: C:/Users/MikeM/OneDrive/Desktop/New folder (2)\output
2024-11-10 11:25:07 - tabs.audio_tab - INFO - Audio saved to: C:/Users/MikeM/OneDrive/Desktop/New folder (2)\output\6 - Démolir l'Égo_192kbps.mp3
2024-11-10 11:25:07 - tabs.audio_tab - INFO - Processing audio file: C:/Users/MikeM/OneDrive/Desktop/New folder (2)/07 - ALPI - Discontinuity.flac
2024-11-10 11:25:07 - utils.helpers - DEBUG - Output directory already exists: C:/Users/MikeM/OneDrive/Desktop/New folder (2)\output
2024-11-10 11:25:11 - tabs.audio_tab - INFO - Audio saved to: C:/Users/MikeM/OneDrive/Desktop/New folder (2)\output\07 - ALPI - Discontinuity_192kbps.mp3
2024-11-10 11:25:11 - tabs.audio_tab - INFO - Processing audio file: C:/Users/MikeM/OneDrive/Desktop/New folder (2)/07 - Azu Tiwaline - Mei Long.flac
2024-11-10 11:25:11 - utils.helpers - DEBUG - Output directory already exists: C:/Users/MikeM/OneDrive/Desktop/New folder (2)\output
2024-11-10 11:25:14 - tabs.audio_tab - INFO - Audio saved to: C:/Users/MikeM/OneDrive/Desktop/New folder (2)\output\07 - Azu Tiwaline - Mei Long_192kbps.mp3
2024-11-10 11:25:14 - tabs.audio_tab - INFO - Processing audio file: C:/Users/MikeM/OneDrive/Desktop/New folder (2)/07 - Azu Tiwaline - Red Viper.flac
2024-11-10 11:25:14 - utils.helpers - DEBUG - Output directory already exists: C:/Users/MikeM/OneDrive/Desktop/New folder (2)\output
2024-11-10 11:25:16 - tabs.audio_tab - INFO - Audio saved to: C:/Users/MikeM/OneDrive/Desktop/New folder (2)\output\07 - Azu Tiwaline - Red Viper_192kbps.mp3
2024-11-10 11:25:16 - tabs.audio_tab - INFO - Processing audio file: C:/Users/MikeM/OneDrive/Desktop/New folder (2)/07 - Birds of Paradise - Phyzicism.flac
2024-11-10 11:25:16 - utils.helpers - DEBUG - Output directory already exists: C:/Users/MikeM/OneDrive/Desktop/New folder (2)\output
2024-11-10 11:25:19 - tabs.audio_tab - INFO - Audio saved to: C:/Users/MikeM/OneDrive/Desktop/New folder (2)\output\07 - Birds of Paradise - Phyzicism_192kbps.mp3
2024-11-10 11:25:19 - tabs.audio_tab - INFO - Processing audio file: C:/Users/MikeM/OneDrive/Desktop/New folder (2)/07 - Etapp Kyle - Quantum.flac
2024-11-10 11:25:19 - utils.helpers - DEBUG - Output directory already exists: C:/Users/MikeM/OneDrive/Desktop/New folder (2)\output
2024-11-10 11:25:23 - tabs.audio_tab - INFO - Audio saved to: C:/Users/MikeM/OneDrive/Desktop/New folder (2)\output\07 - Etapp Kyle - Quantum_192kbps.mp3
2024-11-10 11:25:23 - tabs.audio_tab - INFO - Processing audio file: C:/Users/MikeM/OneDrive/Desktop/New folder (2)/07 - Ipotocaticac - Oax.flac
2024-11-10 11:25:23 - utils.helpers - DEBUG - Output directory already exists: C:/Users/MikeM/OneDrive/Desktop/New folder (2)\output
2024-11-10 11:25:26 - tabs.audio_tab - INFO - Audio saved to: C:/Users/MikeM/OneDrive/Desktop/New folder (2)\output\07 - Ipotocaticac - Oax_192kbps.mp3
2024-11-10 11:25:26 - tabs.audio_tab - INFO - Processing audio file: C:/Users/MikeM/OneDrive/Desktop/New folder (2)/07 - Ipotocaticac, Le Malinard - Le Petit Animal Mange-Serrure.flac
2024-11-10 11:25:26 - utils.helpers - DEBUG - Output directory already exists: C:/Users/MikeM/OneDrive/Desktop/New folder (2)\output
2024-11-10 11:25:32 - tabs.audio_tab - INFO - Audio saved to: C:/Users/MikeM/OneDrive/Desktop/New folder (2)\output\07 - Ipotocaticac, Le Malinard - Le Petit Animal Mange-Serrure_192kbps.mp3
2024-11-10 11:25:32 - tabs.audio_tab - INFO - Processing audio file: C:/Users/MikeM/OneDrive/Desktop/New folder (2)/07 - Konduku - Lavender.flac
2024-11-10 11:25:32 - utils.helpers - DEBUG - Output directory already exists: C:/Users/MikeM/OneDrive/Desktop/New folder (2)\output
2024-11-10 11:25:35 - tabs.audio_tab - INFO - Audio saved to: C:/Users/MikeM/OneDrive/Desktop/New folder (2)\output\07 - Konduku - Lavender_192kbps.mp3
2024-11-10 11:25:35 - tabs.audio_tab - INFO - Processing audio file: C:/Users/MikeM/OneDrive/Desktop/New folder (2)/07 - Psykovsky, Psycorange - nesmeyantseva noch samosbranstvuet.flac
2024-11-10 11:25:35 - utils.helpers - DEBUG - Output directory already exists: C:/Users/MikeM/OneDrive/Desktop/New folder (2)\output
2024-11-10 11:25:41 - tabs.audio_tab - INFO - Audio saved to: C:/Users/MikeM/OneDrive/Desktop/New folder (2)\output\07 - Psykovsky, Psycorange - nesmeyantseva noch samosbranstvuet_192kbps.mp3
2024-11-10 11:25:41 - utils.helpers - DEBUG - Output directory already exists: C:/Users/MikeM/OneDrive/Desktop/New folder (2)\output
2024-11-10 11:25:44 - tabs.audio_tab - INFO - Processing audio file: C:/Users/MikeM/OneDrive/Desktop/New folder (2)/07 Varazslo - Binaural Healing.flac
2024-11-10 11:25:44 - utils.helpers - DEBUG - Output directory already exists: C:/Users/MikeM/OneDrive/Desktop/New folder (2)\output
2024-11-10 11:25:52 - tabs.audio_tab - INFO - Audio saved to: C:/Users/MikeM/OneDrive/Desktop/New folder (2)\output\07 Varazslo - Binaural Healing_192kbps.mp3
2024-11-10 11:25:52 - tabs.audio_tab - INFO - Processing audio file: C:/Users/MikeM/OneDrive/Desktop/New folder (2)/07 Varazslo - Raindrops.flac
2024-11-10 11:25:52 - utils.helpers - DEBUG - Output directory already exists: C:/Users/MikeM/OneDrive/Desktop/New folder (2)\output
2024-11-10 11:25:55 - tabs.audio_tab - INFO - Audio saved to: C:/Users/MikeM/OneDrive/Desktop/New folder (2)\output\07 Varazslo - Raindrops_192kbps.mp3
2024-11-10 11:25:55 - tabs.audio_tab - INFO - Processing audio file: C:/Users/MikeM/OneDrive/Desktop/New folder (2)/07 Varazslo-Midnight Blessings.flac
2024-11-10 11:25:55 - utils.helpers - DEBUG - Output directory already exists: C:/Users/MikeM/OneDrive/Desktop/New folder (2)\output
2024-11-10 11:26:04 - tabs.audio_tab - INFO - Audio saved to: C:/Users/MikeM/OneDrive/Desktop/New folder (2)\output\07 Varazslo-Midnight Blessings_192kbps.mp3
2024-11-10 11:26:04 - tabs.audio_tab - INFO - Processing audio file: C:/Users/MikeM/OneDrive/Desktop/New folder (2)/7 - Il Manipule à l'intérieur de l'esprit.flac
2024-11-10 11:26:04 - utils.helpers - DEBUG - Output directory already exists: C:/Users/MikeM/OneDrive/Desktop/New folder (2)\output
2024-11-10 11:26:09 - tabs.audio_tab - INFO - Audio saved to: C:/Users/MikeM/OneDrive/Desktop/New folder (2)\output\7 - Il Manipule à l'intérieur de l'esprit_192kbps.mp3
2024-11-10 11:26:09 - tabs.audio_tab - INFO - Processing audio file: C:/Users/MikeM/OneDrive/Desktop/New folder (2)/08 - ACRONYM - 16 Cygni.flac
2024-11-10 11:26:09 - utils.helpers - DEBUG - Output directory already exists: C:/Users/MikeM/OneDrive/Desktop/New folder (2)\output
2024-11-10 11:26:14 - tabs.audio_tab - INFO - Audio saved to: C:/Users/MikeM/OneDrive/Desktop/New folder (2)\output\08 - ACRONYM - 16 Cygni_192kbps.mp3
2024-11-10 11:26:14 - tabs.audio_tab - INFO - Processing audio file: C:/Users/MikeM/OneDrive/Desktop/New folder (2)/08 - Azu Tiwaline - Canopée imaginaire.flac
2024-11-10 11:26:14 - utils.helpers - DEBUG - Output directory already exists: C:/Users/MikeM/OneDrive/Desktop/New folder (2)\output
2024-11-10 11:26:17 - tabs.audio_tab - INFO - Audio saved to: C:/Users/MikeM/OneDrive/Desktop/New folder (2)\output\08 - Azu Tiwaline - Canopée imaginaire_192kbps.mp3
2024-11-10 11:26:17 - tabs.audio_tab - INFO - Processing audio file: C:/Users/MikeM/OneDrive/Desktop/New folder (2)/08 - Azu Tiwaline - Organ Dub Warriors.flac
2024-11-10 11:26:17 - utils.helpers - DEBUG - Output directory already exists: C:/Users/MikeM/OneDrive/Desktop/New folder (2)\output
2024-11-10 11:26:20 - tabs.audio_tab - INFO - Audio saved to: C:/Users/MikeM/OneDrive/Desktop/New folder (2)\output\08 - Azu Tiwaline - Organ Dub Warriors_192kbps.mp3
2024-11-10 11:26:20 - tabs.audio_tab - INFO - Processing audio file: C:/Users/MikeM/OneDrive/Desktop/New folder (2)/08 - Celestial Rituals - Icaro.flac
2024-11-10 11:26:20 - utils.helpers - DEBUG - Output directory already exists: C:/Users/MikeM/OneDrive/Desktop/New folder (2)\output
2024-11-10 11:26:24 - tabs.audio_tab - INFO - Audio saved to: C:/Users/MikeM/OneDrive/Desktop/New folder (2)\output\08 - Celestial Rituals - Icaro_192kbps.mp3
2024-11-10 11:26:24 - tabs.audio_tab - INFO - Processing audio file: C:/Users/MikeM/OneDrive/Desktop/New folder (2)/08 - Ipotocaticac - A Lesson from Solaris.flac
2024-11-10 11:26:24 - utils.helpers - DEBUG - Output directory already exists: C:/Users/MikeM/OneDrive/Desktop/New folder (2)\output
2024-11-10 11:26:29 - tabs.audio_tab - INFO - Audio saved to: C:/Users/MikeM/OneDrive/Desktop/New folder (2)\output\08 - Ipotocaticac - A Lesson from Solaris_192kbps.mp3
2024-11-10 11:26:29 - utils.helpers - DEBUG - Output directory already exists: C:/Users/MikeM/OneDrive/Desktop/New folder (2)\output
2024-11-10 11:26:32 - tabs.audio_tab - INFO - Processing audio file: C:/Users/MikeM/OneDrive/Desktop/New folder (2)/08 - Psykovsky & Tazmanics - vmezhdunebesnuyu (feat. Jasmin).flac
2024-11-10 11:26:32 - utils.helpers - DEBUG - Output directory already exists: C:/Users/MikeM/OneDrive/Desktop/New folder (2)\output
2024-11-10 11:26:41 - tabs.audio_tab - INFO - Audio saved to: C:/Users/MikeM/OneDrive/Desktop/New folder (2)\output\08 - Psykovsky & Tazmanics - vmezhdunebesnuyu (feat. Jasmin)_192kbps.mp3
2024-11-10 11:26:41 - tabs.audio_tab - INFO - Processing audio file: C:/Users/MikeM/OneDrive/Desktop/New folder (2)/08 - Soulacybin - Dreemz.flac
2024-11-10 11:26:41 - utils.helpers - DEBUG - Output directory already exists: C:/Users/MikeM/OneDrive/Desktop/New folder (2)\output
2024-11-10 11:26:45 - tabs.audio_tab - INFO - Audio saved to: C:/Users/MikeM/OneDrive/Desktop/New folder (2)\output\08 - Soulacybin - Dreemz_192kbps.mp3
2024-11-10 11:26:45 - tabs.audio_tab - INFO - Processing audio file: C:/Users/MikeM/OneDrive/Desktop/New folder (2)/08 - Voidctzen, Gellerio - Dada Sikkim.flac
2024-11-10 11:26:45 - utils.helpers - DEBUG - Output directory already exists: C:/Users/MikeM/OneDrive/Desktop/New folder (2)\output
2024-11-10 11:26:47 - tabs.audio_tab - INFO - Audio saved to: C:/Users/MikeM/OneDrive/Desktop/New folder (2)\output\08 - Voidctzen, Gellerio - Dada Sikkim_192kbps.mp3
2024-11-10 11:26:47 - tabs.audio_tab - INFO - Processing audio file: C:/Users/MikeM/OneDrive/Desktop/New folder (2)/08 Tzolkin Project meets Varazslo - Turbo Charge Nuts.flac
2024-11-10 11:26:47 - utils.helpers - DEBUG - Output directory already exists: C:/Users/MikeM/OneDrive/Desktop/New folder (2)\output
2024-11-10 11:26:53 - tabs.audio_tab - INFO - Audio saved to: C:/Users/MikeM/OneDrive/Desktop/New folder (2)\output\08 Tzolkin Project meets Varazslo - Turbo Charge Nuts_192kbps.mp3
2024-11-10 11:26:53 - tabs.audio_tab - INFO - Processing audio file: C:/Users/MikeM/OneDrive/Desktop/New folder (2)/08 Varazslo - Uprising.flac
2024-11-10 11:26:53 - utils.helpers - DEBUG - Output directory already exists: C:/Users/MikeM/OneDrive/Desktop/New folder (2)\output
2024-11-10 11:27:00 - tabs.audio_tab - INFO - Audio saved to: C:/Users/MikeM/OneDrive/Desktop/New folder (2)\output\08 Varazslo - Uprising_192kbps.mp3
2024-11-10 11:27:00 - tabs.audio_tab - INFO - Processing audio file: C:/Users/MikeM/OneDrive/Desktop/New folder (2)/08 Varazslo & Toadstool & Toadstool-Power to the People.flac
2024-11-10 11:27:00 - utils.helpers - DEBUG - Output directory already exists: C:/Users/MikeM/OneDrive/Desktop/New folder (2)\output
2024-11-10 11:27:10 - tabs.audio_tab - INFO - Audio saved to: C:/Users/MikeM/OneDrive/Desktop/New folder (2)\output\08 Varazslo & Toadstool & Toadstool-Power to the People_192kbps.mp3
2024-11-10 11:27:10 - tabs.audio_tab - INFO - Processing audio file: C:/Users/MikeM/OneDrive/Desktop/New folder (2)/8 - 12.flac
2024-11-10 11:27:10 - utils.helpers - DEBUG - Output directory already exists: C:/Users/MikeM/OneDrive/Desktop/New folder (2)\output
2024-11-10 11:27:14 - tabs.audio_tab - INFO - Audio saved to: C:/Users/MikeM/OneDrive/Desktop/New folder (2)\output\8 - 12_192kbps.mp3
2024-11-10 11:27:14 - tabs.audio_tab - INFO - Processing audio file: C:/Users/MikeM/OneDrive/Desktop/New folder (2)/09 - Ancient Methods - Knights & Bishops.flac
2024-11-10 11:27:14 - utils.helpers - DEBUG - Output directory already exists: C:/Users/MikeM/OneDrive/Desktop/New folder (2)\output
2024-11-10 11:27:17 - tabs.audio_tab - INFO - Audio saved to: C:/Users/MikeM/OneDrive/Desktop/New folder (2)\output\09 - Ancient Methods - Knights & Bishops_192kbps.mp3
2024-11-10 11:27:17 - tabs.audio_tab - INFO - Processing audio file: C:/Users/MikeM/OneDrive/Desktop/New folder (2)/09 - Azu Tiwaline - Air Element.flac
2024-11-10 11:27:17 - utils.helpers - DEBUG - Output directory already exists: C:/Users/MikeM/OneDrive/Desktop/New folder (2)\output
2024-11-10 11:27:20 - tabs.audio_tab - INFO - Audio saved to: C:/Users/MikeM/OneDrive/Desktop/New folder (2)\output\09 - Azu Tiwaline - Air Element_192kbps.mp3
2024-11-10 11:27:20 - tabs.audio_tab - INFO - Processing audio file: C:/Users/MikeM/OneDrive/Desktop/New folder (2)/09 - Azu Tiwaline - Amen Dub.flac
2024-11-10 11:27:20 - utils.helpers - DEBUG - Output directory already exists: C:/Users/MikeM/OneDrive/Desktop/New folder (2)\output
2024-11-10 11:27:23 - tabs.audio_tab - INFO - Audio saved to: C:/Users/MikeM/OneDrive/Desktop/New folder (2)\output\09 - Azu Tiwaline - Amen Dub_192kbps.mp3
2024-11-10 11:27:23 - tabs.audio_tab - INFO - Processing audio file: C:/Users/MikeM/OneDrive/Desktop/New folder (2)/09 - Globular - Dance of the Logarithm.flac
2024-11-10 11:27:23 - utils.helpers - DEBUG - Output directory already exists: C:/Users/MikeM/OneDrive/Desktop/New folder (2)\output
2024-11-10 11:27:28 - tabs.audio_tab - INFO - Audio saved to: C:/Users/MikeM/OneDrive/Desktop/New folder (2)\output\09 - Globular - Dance of the Logarithm_192kbps.mp3
2024-11-10 11:27:28 - tabs.audio_tab - INFO - Processing audio file: C:/Users/MikeM/OneDrive/Desktop/New folder (2)/09 - Ipotocaticac, Kek Heh - Neutrino.flac
2024-11-10 11:27:28 - utils.helpers - DEBUG - Output directory already exists: C:/Users/MikeM/OneDrive/Desktop/New folder (2)\output
2024-11-10 11:27:33 - tabs.audio_tab - INFO - Audio saved to: C:/Users/MikeM/OneDrive/Desktop/New folder (2)\output\09 - Ipotocaticac, Kek Heh - Neutrino_192kbps.mp3
2024-11-10 11:27:33 - tabs.audio_tab - INFO - Processing audio file: C:/Users/MikeM/OneDrive/Desktop/New folder (2)/09 - Konduku - Helles.flac
2024-11-10 11:27:33 - utils.helpers - DEBUG - Output directory already exists: C:/Users/MikeM/OneDrive/Desktop/New folder (2)\output
2024-11-10 11:27:37 - tabs.audio_tab - INFO - Audio saved to: C:/Users/MikeM/OneDrive/Desktop/New folder (2)\output\09 - Konduku - Helles_192kbps.mp3
2024-11-10 11:27:37 - tabs.audio_tab - INFO - Processing audio file: C:/Users/MikeM/OneDrive/Desktop/New folder (2)/09 - Organismic Machines - Predatory Light.flac
2024-11-10 11:27:37 - utils.helpers - DEBUG - Output directory already exists: C:/Users/MikeM/OneDrive/Desktop/New folder (2)\output
2024-11-10 11:27:39 - tabs.audio_tab - INFO - Audio saved to: C:/Users/MikeM/OneDrive/Desktop/New folder (2)\output\09 - Organismic Machines - Predatory Light_192kbps.mp3
2024-11-10 11:27:39 - tabs.audio_tab - INFO - Processing audio file: C:/Users/MikeM/OneDrive/Desktop/New folder (2)/09 - Polar Inertia - Can We See Well Enough to Move On- (Part One).flac
2024-11-10 11:27:39 - utils.helpers - DEBUG - Output directory already exists: C:/Users/MikeM/OneDrive/Desktop/New folder (2)\output
2024-11-10 11:27:53 - tabs.audio_tab - INFO - Audio saved to: C:/Users/MikeM/OneDrive/Desktop/New folder (2)\output\09 - Polar Inertia - Can We See Well Enough to Move On- (Part One)_192kbps.mp3
2024-11-10 11:27:53 - tabs.audio_tab - INFO - Processing audio file: C:/Users/MikeM/OneDrive/Desktop/New folder (2)/09 - Psykovsky - silami zvezd.flac
2024-11-10 11:27:53 - utils.helpers - DEBUG - Output directory already exists: C:/Users/MikeM/OneDrive/Desktop/New folder (2)\output
2024-11-10 11:27:56 - tabs.audio_tab - INFO - Audio saved to: C:/Users/MikeM/OneDrive/Desktop/New folder (2)\output\09 - Psykovsky - silami zvezd_192kbps.mp3
2024-11-10 11:27:56 - tabs.audio_tab - INFO - Processing audio file: C:/Users/MikeM/OneDrive/Desktop/New folder (2)/09 Varazslo & Totum-Within and Beyond.flac
2024-11-10 11:27:56 - utils.helpers - DEBUG - Output directory already exists: C:/Users/MikeM/OneDrive/Desktop/New folder (2)\output
2024-11-10 11:28:01 - tabs.audio_tab - INFO - Audio saved to: C:/Users/MikeM/OneDrive/Desktop/New folder (2)\output\09 Varazslo & Totum-Within and Beyond_192kbps.mp3
2024-11-10 11:28:01 - tabs.audio_tab - INFO - Processing audio file: C:/Users/MikeM/OneDrive/Desktop/New folder (2)/09 Varazslo vs. Napra - Hupasztmek Tiborg.flac
2024-11-10 11:28:01 - utils.helpers - DEBUG - Output directory already exists: C:/Users/MikeM/OneDrive/Desktop/New folder (2)\output
2024-11-10 11:28:08 - tabs.audio_tab - INFO - Audio saved to: C:/Users/MikeM/OneDrive/Desktop/New folder (2)\output\09 Varazslo vs. Napra - Hupasztmek Tiborg_192kbps.mp3
2024-11-10 11:28:08 - tabs.audio_tab - INFO - Processing audio file: C:/Users/MikeM/OneDrive/Desktop/New folder (2)/09. Disintegrated circuits vs Ipotocaticac - Recovered.flac
2024-11-10 11:28:08 - utils.helpers - DEBUG - Output directory already exists: C:/Users/MikeM/OneDrive/Desktop/New folder (2)\output
2024-11-10 11:28:12 - tabs.audio_tab - INFO - Audio saved to: C:/Users/MikeM/OneDrive/Desktop/New folder (2)\output\09. Disintegrated circuits vs Ipotocaticac - Recovered_192kbps.mp3
2024-11-10 11:28:12 - tabs.audio_tab - INFO - Processing audio file: C:/Users/MikeM/OneDrive/Desktop/New folder (2)/09. Psykovsky – North Or South.flac
2024-11-10 11:28:12 - utils.helpers - DEBUG - Output directory already exists: C:/Users/MikeM/OneDrive/Desktop/New folder (2)\output
2024-11-10 11:28:17 - tabs.audio_tab - INFO - Audio saved to: C:/Users/MikeM/OneDrive/Desktop/New folder (2)\output\09. Psykovsky – North Or South_192kbps.mp3
2024-11-10 11:28:17 - tabs.audio_tab - INFO - Processing audio file: C:/Users/MikeM/OneDrive/Desktop/New folder (2)/9 - Mystic River.flac
2024-11-10 11:28:17 - utils.helpers - DEBUG - Output directory already exists: C:/Users/MikeM/OneDrive/Desktop/New folder (2)\output
2024-11-10 11:28:23 - tabs.audio_tab - INFO - Audio saved to: C:/Users/MikeM/OneDrive/Desktop/New folder (2)\output\9 - Mystic River_192kbps.mp3
2024-11-10 11:28:23 - tabs.audio_tab - INFO - Processing audio file: C:/Users/MikeM/OneDrive/Desktop/New folder (2)/10 - Azu Tiwaline - Izen Zaren.flac
2024-11-10 11:28:23 - utils.helpers - DEBUG - Output directory already exists: C:/Users/MikeM/OneDrive/Desktop/New folder (2)\output
2024-11-10 11:28:26 - tabs.audio_tab - INFO - Audio saved to: C:/Users/MikeM/OneDrive/Desktop/New folder (2)\output\10 - Azu Tiwaline - Izen Zaren_192kbps.mp3
2024-11-10 11:28:26 - tabs.audio_tab - INFO - Processing audio file: C:/Users/MikeM/OneDrive/Desktop/New folder (2)/10 - Ipotocaticac - Grey Clouds.flac
2024-11-10 11:28:26 - utils.helpers - DEBUG - Output directory already exists: C:/Users/MikeM/OneDrive/Desktop/New folder (2)\output
2024-11-10 11:28:31 - tabs.audio_tab - INFO - Audio saved to: C:/Users/MikeM/OneDrive/Desktop/New folder (2)\output\10 - Ipotocaticac - Grey Clouds_192kbps.mp3
2024-11-10 11:28:31 - tabs.audio_tab - INFO - Processing audio file: C:/Users/MikeM/OneDrive/Desktop/New folder (2)/10 - Kalya Scintilla, Deya Dova - TribeOriginal.flac
2024-11-10 11:28:31 - utils.helpers - DEBUG - Output directory already exists: C:/Users/MikeM/OneDrive/Desktop/New folder (2)\output
2024-11-10 11:28:35 - tabs.audio_tab - INFO - Audio saved to: C:/Users/MikeM/OneDrive/Desktop/New folder (2)\output\10 - Kalya Scintilla, Deya Dova - TribeOriginal_192kbps.mp3
2024-11-10 11:28:35 - tabs.audio_tab - INFO - Processing audio file: C:/Users/MikeM/OneDrive/Desktop/New folder (2)/10 - Polar Inertia - Hell Frozen Over.flac
2024-11-10 11:28:35 - utils.helpers - DEBUG - Output directory already exists: C:/Users/MikeM/OneDrive/Desktop/New folder (2)\output
2024-11-10 11:28:40 - tabs.audio_tab - INFO - Audio saved to: C:/Users/MikeM/OneDrive/Desktop/New folder (2)\output\10 - Polar Inertia - Hell Frozen Over_192kbps.mp3
2024-11-10 11:28:40 - tabs.audio_tab - INFO - Processing audio file: C:/Users/MikeM/OneDrive/Desktop/New folder (2)/10 - Psykovsky - klyuchik bozhestvennyi.flac
2024-11-10 11:28:40 - utils.helpers - DEBUG - Output directory already exists: C:/Users/MikeM/OneDrive/Desktop/New folder (2)\output
2024-11-10 11:28:42 - tabs.audio_tab - INFO - Audio saved to: C:/Users/MikeM/OneDrive/Desktop/New folder (2)\output\10 - Psykovsky - klyuchik bozhestvennyi_192kbps.mp3
2024-11-10 11:28:42 - tabs.audio_tab - INFO - Processing audio file: C:/Users/MikeM/OneDrive/Desktop/New folder (2)/10 - Skee Mask - Inti.flac
2024-11-10 11:28:42 - utils.helpers - DEBUG - Output directory already exists: C:/Users/MikeM/OneDrive/Desktop/New folder (2)\output
2024-11-10 11:28:45 - tabs.audio_tab - INFO - Audio saved to: C:/Users/MikeM/OneDrive/Desktop/New folder (2)\output\10 - Skee Mask - Inti_192kbps.mp3
2024-11-10 11:28:45 - utils.helpers - DEBUG - Output directory already exists: C:/Users/MikeM/OneDrive/Desktop/New folder (2)\output
2024-11-10 11:28:50 - tabs.audio_tab - INFO - Processing audio file: C:/Users/MikeM/OneDrive/Desktop/New folder (2)/10 Loopfactory-Deep in the Jungle.flac
2024-11-10 11:28:50 - utils.helpers - DEBUG - Output directory already exists: C:/Users/MikeM/OneDrive/Desktop/New folder (2)\output
2024-11-10 11:28:56 - tabs.audio_tab - INFO - Audio saved to: C:/Users/MikeM/OneDrive/Desktop/New folder (2)\output\10 Loopfactory-Deep in the Jungle_192kbps.mp3
2024-11-10 11:28:56 - tabs.audio_tab - INFO - Processing audio file: C:/Users/MikeM/OneDrive/Desktop/New folder (2)/10 Obscurum vs. Varazslo - Nothing Has an End.flac
2024-11-10 11:28:56 - utils.helpers - DEBUG - Output directory already exists: C:/Users/MikeM/OneDrive/Desktop/New folder (2)\output
2024-11-10 11:29:02 - tabs.audio_tab - INFO - Audio saved to: C:/Users/MikeM/OneDrive/Desktop/New folder (2)\output\10 Obscurum vs. Varazslo - Nothing Has an End_192kbps.mp3
2024-11-10 11:29:02 - tabs.audio_tab - INFO - Processing audio file: C:/Users/MikeM/OneDrive/Desktop/New folder (2)/11 - Azu Tiwaline - Eyes of the Wind.flac
2024-11-10 11:29:02 - utils.helpers - DEBUG - Output directory already exists: C:/Users/MikeM/OneDrive/Desktop/New folder (2)\output
2024-11-10 11:29:05 - tabs.audio_tab - INFO - Audio saved to: C:/Users/MikeM/OneDrive/Desktop/New folder (2)\output\11 - Azu Tiwaline - Eyes of the Wind_192kbps.mp3
2024-11-10 11:29:05 - tabs.audio_tab - INFO - Processing audio file: C:/Users/MikeM/OneDrive/Desktop/New folder (2)/11 - Carl Stone - LIM (1974).flac
2024-11-10 11:29:05 - utils.helpers - DEBUG - Output directory already exists: C:/Users/MikeM/OneDrive/Desktop/New folder (2)\output
2024-11-10 11:29:12 - tabs.audio_tab - INFO - Audio saved to: C:/Users/MikeM/OneDrive/Desktop/New folder (2)\output\11 - Carl Stone - LIM (1974)_192kbps.mp3
2024-11-10 11:29:12 - tabs.audio_tab - INFO - Processing audio file: C:/Users/MikeM/OneDrive/Desktop/New folder (2)/11 - Kalya Scintilla - Abundance.flac
2024-11-10 11:29:12 - utils.helpers - DEBUG - Output directory already exists: C:/Users/MikeM/OneDrive/Desktop/New folder (2)\output
2024-11-10 11:29:15 - tabs.audio_tab - INFO - Audio saved to: C:/Users/MikeM/OneDrive/Desktop/New folder (2)\output\11 - Kalya Scintilla - Abundance_192kbps.mp3
2024-11-10 11:29:15 - tabs.audio_tab - INFO - Processing audio file: C:/Users/MikeM/OneDrive/Desktop/New folder (2)/11 - Plastikman, Richie Hawtin - Psyk.flac
2024-11-10 11:29:15 - utils.helpers - DEBUG - Output directory already exists: C:/Users/MikeM/OneDrive/Desktop/New folder (2)\output
2024-11-10 11:29:19 - tabs.audio_tab - INFO - Audio saved to: C:/Users/MikeM/OneDrive/Desktop/New folder (2)\output\11 - Plastikman, Richie Hawtin - Psyk_192kbps.mp3
2024-11-10 11:29:19 - tabs.audio_tab - INFO - Processing audio file: C:/Users/MikeM/OneDrive/Desktop/New folder (2)/11 - Psykovsky & Quantum Partickles - luchik nadezhd (feat. Angethan).flac
2024-11-10 11:29:19 - utils.helpers - DEBUG - Output directory already exists: C:/Users/MikeM/OneDrive/Desktop/New folder (2)\output
2024-11-10 11:29:23 - tabs.audio_tab - INFO - Audio saved to: C:/Users/MikeM/OneDrive/Desktop/New folder (2)\output\11 - Psykovsky & Quantum Partickles - luchik nadezhd (feat. Angethan)_192kbps.mp3
2024-11-10 11:29:23 - utils.helpers - DEBUG - Output directory already exists: C:/Users/MikeM/OneDrive/Desktop/New folder (2)\output
2024-11-10 11:29:27 - tabs.audio_tab - INFO - Processing audio file: C:/Users/MikeM/OneDrive/Desktop/New folder (2)/11 Man Toro Mibinam-Mess in da Brain.flac
2024-11-10 11:29:27 - utils.helpers - DEBUG - Output directory already exists: C:/Users/MikeM/OneDrive/Desktop/New folder (2)\output
2024-11-10 11:29:32 - tabs.audio_tab - INFO - Audio saved to: C:/Users/MikeM/OneDrive/Desktop/New folder (2)\output\11 Man Toro Mibinam-Mess in da Brain_192kbps.mp3
2024-11-10 11:29:32 - tabs.audio_tab - INFO - Processing audio file: C:/Users/MikeM/OneDrive/Desktop/New folder (2)/11 Varazslo - Galactic Boogie.flac
2024-11-10 11:29:32 - utils.helpers - DEBUG - Output directory already exists: C:/Users/MikeM/OneDrive/Desktop/New folder (2)\output
2024-11-10 11:29:37 - tabs.audio_tab - INFO - Audio saved to: C:/Users/MikeM/OneDrive/Desktop/New folder (2)\output\11 Varazslo - Galactic Boogie_192kbps.mp3
2024-11-10 11:29:37 - tabs.audio_tab - INFO - Processing audio file: C:/Users/MikeM/OneDrive/Desktop/New folder (2)/12 - Amotik - Solah.flac
2024-11-10 11:29:37 - utils.helpers - DEBUG - Output directory already exists: C:/Users/MikeM/OneDrive/Desktop/New folder (2)\output
2024-11-10 11:29:41 - tabs.audio_tab - INFO - Audio saved to: C:/Users/MikeM/OneDrive/Desktop/New folder (2)\output\12 - Amotik - Solah_192kbps.mp3
2024-11-10 11:29:41 - tabs.audio_tab - INFO - Processing audio file: C:/Users/MikeM/OneDrive/Desktop/New folder (2)/12 - AtYyA - Undulations.flac
2024-11-10 11:29:41 - utils.helpers - DEBUG - Output directory already exists: C:/Users/MikeM/OneDrive/Desktop/New folder (2)\output
2024-11-10 11:29:43 - tabs.audio_tab - INFO - Audio saved to: C:/Users/MikeM/OneDrive/Desktop/New folder (2)\output\12 - AtYyA - Undulations_192kbps.mp3
2024-11-10 11:29:43 - tabs.audio_tab - INFO - Processing audio file: C:/Users/MikeM/OneDrive/Desktop/New folder (2)/12 - Bezvlastje - Stateless Society.flac
2024-11-10 11:29:43 - utils.helpers - DEBUG - Output directory already exists: C:/Users/MikeM/OneDrive/Desktop/New folder (2)\output
2024-11-10 11:29:47 - tabs.audio_tab - INFO - Audio saved to: C:/Users/MikeM/OneDrive/Desktop/New folder (2)\output\12 - Bezvlastje - Stateless Society_192kbps.mp3
2024-11-10 11:29:47 - tabs.audio_tab - INFO - Processing audio file: C:/Users/MikeM/OneDrive/Desktop/New folder (2)/12 - Carl Stone - Morangak.flac
2024-11-10 11:29:47 - utils.helpers - DEBUG - Output directory already exists: C:/Users/MikeM/OneDrive/Desktop/New folder (2)\output
2024-11-10 11:29:50 - tabs.audio_tab - INFO - Audio saved to: C:/Users/MikeM/OneDrive/Desktop/New folder (2)\output\12 - Carl Stone - Morangak_192kbps.mp3
2024-11-10 11:29:50 - tabs.audio_tab - INFO - Processing audio file: C:/Users/MikeM/OneDrive/Desktop/New folder (2)/12 Varazslo - Floating.flac
2024-11-10 11:29:50 - utils.helpers - DEBUG - Output directory already exists: C:/Users/MikeM/OneDrive/Desktop/New folder (2)\output
2024-11-10 11:29:54 - tabs.audio_tab - INFO - Audio saved to: C:/Users/MikeM/OneDrive/Desktop/New folder (2)\output\12 Varazslo - Floating_192kbps.mp3
2024-11-10 11:29:54 - tabs.audio_tab - INFO - Processing audio file: C:/Users/MikeM/OneDrive/Desktop/New folder (2)/12 Varazslo-Taltos.flac
2024-11-10 11:29:54 - utils.helpers - DEBUG - Output directory already exists: C:/Users/MikeM/OneDrive/Desktop/New folder (2)\output
2024-11-10 11:29:59 - tabs.audio_tab - INFO - Audio saved to: C:/Users/MikeM/OneDrive/Desktop/New folder (2)\output\12 Varazslo-Taltos_192kbps.mp3
2024-11-10 11:29:59 - tabs.audio_tab - INFO - Processing audio file: C:/Users/MikeM/OneDrive/Desktop/New folder (2)/13 - µ-ziq - Grush.flac
2024-11-10 11:29:59 - utils.helpers - DEBUG - Output directory already exists: C:/Users/MikeM/OneDrive/Desktop/New folder (2)\output
2024-11-10 11:30:01 - tabs.audio_tab - INFO - Audio saved to: C:/Users/MikeM/OneDrive/Desktop/New folder (2)\output\13 - µ-ziq - Grush_192kbps.mp3
2024-11-10 11:30:01 - tabs.audio_tab - INFO - Processing audio file: C:/Users/MikeM/OneDrive/Desktop/New folder (2)/13 - Merkaba - voodoo frequency.m4a
2024-11-10 11:30:01 - utils.helpers - DEBUG - Output directory already exists: C:/Users/MikeM/OneDrive/Desktop/New folder (2)\output
2024-11-10 11:30:05 - tabs.audio_tab - INFO - Audio saved to: C:/Users/MikeM/OneDrive/Desktop/New folder (2)\output\13 - Merkaba - voodoo frequency_192kbps.mp3
2024-11-10 11:30:05 - tabs.audio_tab - INFO - Processing audio file: C:/Users/MikeM/OneDrive/Desktop/New folder (2)/13 - Plastikman, Richie Hawtin - Consumed.flac
2024-11-10 11:30:05 - utils.helpers - DEBUG - Output directory already exists: C:/Users/MikeM/OneDrive/Desktop/New folder (2)\output
2024-11-10 11:30:11 - tabs.audio_tab - INFO - Audio saved to: C:/Users/MikeM/OneDrive/Desktop/New folder (2)\output\13 - Plastikman, Richie Hawtin - Consumed_192kbps.mp3
2024-11-10 11:30:11 - tabs.audio_tab - INFO - Processing audio file: C:/Users/MikeM/OneDrive/Desktop/New folder (2)/13 - Res Magnifica - In the Star Cloud.flac
2024-11-10 11:30:11 - utils.helpers - DEBUG - Output directory already exists: C:/Users/MikeM/OneDrive/Desktop/New folder (2)\output
2024-11-10 11:30:14 - tabs.audio_tab - INFO - Audio saved to: C:/Users/MikeM/OneDrive/Desktop/New folder (2)\output\13 - Res Magnifica - In the Star Cloud_192kbps.mp3
2024-11-10 11:30:14 - tabs.audio_tab - INFO - Processing audio file: C:/Users/MikeM/OneDrive/Desktop/New folder (2)/13 VaraVoid-Othershit.flac
2024-11-10 11:30:14 - utils.helpers - DEBUG - Output directory already exists: C:/Users/MikeM/OneDrive/Desktop/New folder (2)\output
2024-11-10 11:30:20 - tabs.audio_tab - INFO - Audio saved to: C:/Users/MikeM/OneDrive/Desktop/New folder (2)\output\13 VaraVoid-Othershit_192kbps.mp3
2024-11-10 11:30:20 - tabs.audio_tab - INFO - Processing audio file: C:/Users/MikeM/OneDrive/Desktop/New folder (2)/13 Varazslo vs. Multikhauzal - In the Middle of the Desert.flac
2024-11-10 11:30:20 - utils.helpers - DEBUG - Output directory already exists: C:/Users/MikeM/OneDrive/Desktop/New folder (2)\output
2024-11-10 11:30:24 - tabs.audio_tab - INFO - Audio saved to: C:/Users/MikeM/OneDrive/Desktop/New folder (2)\output\13 Varazslo vs. Multikhauzal - In the Middle of the Desert_192kbps.mp3
2024-11-10 11:30:24 - tabs.audio_tab - INFO - Processing audio file: C:/Users/MikeM/OneDrive/Desktop/New folder (2)/14 - Choongum - Looney Choons.flac
2024-11-10 11:30:24 - utils.helpers - DEBUG - Output directory already exists: C:/Users/MikeM/OneDrive/Desktop/New folder (2)\output
2024-11-10 11:30:27 - tabs.audio_tab - INFO - Audio saved to: C:/Users/MikeM/OneDrive/Desktop/New folder (2)\output\14 - Choongum - Looney Choons_192kbps.mp3
2024-11-10 11:30:27 - tabs.audio_tab - INFO - Processing audio file: C:/Users/MikeM/OneDrive/Desktop/New folder (2)/14 - nthng - Soms.flac
2024-11-10 11:30:27 - utils.helpers - DEBUG - Output directory already exists: C:/Users/MikeM/OneDrive/Desktop/New folder (2)\output
2024-11-10 11:30:31 - tabs.audio_tab - INFO - Audio saved to: C:/Users/MikeM/OneDrive/Desktop/New folder (2)\output\14 - nthng - Soms_192kbps.mp3
2024-11-10 11:30:31 - tabs.audio_tab - INFO - Processing audio file: C:/Users/MikeM/OneDrive/Desktop/New folder (2)/14 - Symbolico - Triptrap.flac
2024-11-10 11:30:31 - utils.helpers - DEBUG - Output directory already exists: C:/Users/MikeM/OneDrive/Desktop/New folder (2)\output
2024-11-10 11:30:34 - tabs.audio_tab - INFO - Audio saved to: C:/Users/MikeM/OneDrive/Desktop/New folder (2)\output\14 - Symbolico - Triptrap_192kbps.mp3
2024-11-10 11:30:34 - tabs.audio_tab - INFO - Processing audio file: C:/Users/MikeM/OneDrive/Desktop/New folder (2)/14 - U-cef, Mirror System - Hilal.flac
2024-11-10 11:30:34 - utils.helpers - DEBUG - Output directory already exists: C:/Users/MikeM/OneDrive/Desktop/New folder (2)\output
2024-11-10 11:30:37 - tabs.audio_tab - INFO - Audio saved to: C:/Users/MikeM/OneDrive/Desktop/New folder (2)\output\14 - U-cef, Mirror System - Hilal_192kbps.mp3
2024-11-10 11:30:37 - tabs.audio_tab - INFO - Processing audio file: C:/Users/MikeM/OneDrive/Desktop/New folder (2)/14 Varaboro-Unbenanemt Vursht Luft.flac
2024-11-10 11:30:37 - utils.helpers - DEBUG - Output directory already exists: C:/Users/MikeM/OneDrive/Desktop/New folder (2)\output
2024-11-10 11:30:42 - tabs.audio_tab - INFO - Audio saved to: C:/Users/MikeM/OneDrive/Desktop/New folder (2)\output\14 Varaboro-Unbenanemt Vursht Luft_192kbps.mp3
2024-11-10 11:30:42 - tabs.audio_tab - INFO - Processing audio file: C:/Users/MikeM/OneDrive/Desktop/New folder (2)/14 Varazslo - Zero Theorem.flac
2024-11-10 11:30:42 - utils.helpers - DEBUG - Output directory already exists: C:/Users/MikeM/OneDrive/Desktop/New folder (2)\output
2024-11-10 11:30:48 - tabs.audio_tab - INFO - Audio saved to: C:/Users/MikeM/OneDrive/Desktop/New folder (2)\output\14 Varazslo - Zero Theorem_192kbps.mp3
2024-11-10 11:30:48 - tabs.audio_tab - INFO - Processing audio file: C:/Users/MikeM/OneDrive/Desktop/New folder (2)/15 - Arbre Noir - Circles.flac
2024-11-10 11:30:48 - utils.helpers - DEBUG - Output directory already exists: C:/Users/MikeM/OneDrive/Desktop/New folder (2)\output
2024-11-10 11:30:50 - tabs.audio_tab - INFO - Audio saved to: C:/Users/MikeM/OneDrive/Desktop/New folder (2)\output\15 - Arbre Noir - Circles_192kbps.mp3
2024-11-10 11:30:50 - tabs.audio_tab - INFO - Processing audio file: C:/Users/MikeM/OneDrive/Desktop/New folder (2)/15 - Keith Carnal - Shallow.flac
2024-11-10 11:30:50 - utils.helpers - DEBUG - Output directory already exists: C:/Users/MikeM/OneDrive/Desktop/New folder (2)\output
2024-11-10 11:30:54 - tabs.audio_tab - INFO - Audio saved to: C:/Users/MikeM/OneDrive/Desktop/New folder (2)\output\15 - Keith Carnal - Shallow_192kbps.mp3
2024-11-10 11:30:54 - tabs.audio_tab - INFO - Processing audio file: C:/Users/MikeM/OneDrive/Desktop/New folder (2)/15 - Shpongle - Once Upon the Sea of Blissful Awareness.flac
2024-11-10 11:30:54 - utils.helpers - DEBUG - Output directory already exists: C:/Users/MikeM/OneDrive/Desktop/New folder (2)\output
2024-11-10 11:30:58 - tabs.audio_tab - INFO - Audio saved to: C:/Users/MikeM/OneDrive/Desktop/New folder (2)\output\15 - Shpongle - Once Upon the Sea of Blissful Awareness_192kbps.mp3
2024-11-10 11:30:58 - tabs.audio_tab - INFO - Processing audio file: C:/Users/MikeM/OneDrive/Desktop/New folder (2)/15 Varazslo - They Dont Give a Fuck About You!.flac
2024-11-10 11:30:58 - utils.helpers - DEBUG - Output directory already exists: C:/Users/MikeM/OneDrive/Desktop/New folder (2)\output
2024-11-10 11:31:02 - tabs.audio_tab - INFO - Audio saved to: C:/Users/MikeM/OneDrive/Desktop/New folder (2)\output\15 Varazslo - They Dont Give a Fuck About You!_192kbps.mp3
2024-11-10 11:31:02 - tabs.audio_tab - INFO - Processing audio file: C:/Users/MikeM/OneDrive/Desktop/New folder (2)/15 Varazsombor-Concorsus.flac
2024-11-10 11:31:02 - utils.helpers - DEBUG - Output directory already exists: C:/Users/MikeM/OneDrive/Desktop/New folder (2)\output
2024-11-10 11:31:08 - tabs.audio_tab - INFO - Audio saved to: C:/Users/MikeM/OneDrive/Desktop/New folder (2)\output\15 Varazsombor-Concorsus_192kbps.mp3
2024-11-10 11:31:08 - tabs.audio_tab - INFO - Processing audio file: C:/Users/MikeM/OneDrive/Desktop/New folder (2)/16 - Boards of Canada - Palace Posy.flac
2024-11-10 11:31:08 - utils.helpers - DEBUG - Output directory already exists: C:/Users/MikeM/OneDrive/Desktop/New folder (2)\output
2024-11-10 11:31:10 - tabs.audio_tab - INFO - Audio saved to: C:/Users/MikeM/OneDrive/Desktop/New folder (2)\output\16 - Boards of Canada - Palace Posy_192kbps.mp3
2024-11-10 11:31:10 - tabs.audio_tab - INFO - Processing audio file: C:/Users/MikeM/OneDrive/Desktop/New folder (2)/16 - Demdike Stare - Bardo Thodol.flac
2024-11-10 11:31:10 - utils.helpers - DEBUG - Output directory already exists: C:/Users/MikeM/OneDrive/Desktop/New folder (2)\output
2024-11-10 11:31:13 - tabs.audio_tab - INFO - Audio saved to: C:/Users/MikeM/OneDrive/Desktop/New folder (2)\output\16 - Demdike Stare - Bardo Thodol_192kbps.mp3
2024-11-10 11:31:13 - tabs.audio_tab - INFO - Processing audio file: C:/Users/MikeM/OneDrive/Desktop/New folder (2)/16 - Kalya Scintilla - Condor and Eagle.flac
2024-11-10 11:31:13 - utils.helpers - DEBUG - Output directory already exists: C:/Users/MikeM/OneDrive/Desktop/New folder (2)\output
2024-11-10 11:31:17 - tabs.audio_tab - INFO - Audio saved to: C:/Users/MikeM/OneDrive/Desktop/New folder (2)\output\16 - Kalya Scintilla - Condor and Eagle_192kbps.mp3
2024-11-10 11:31:17 - tabs.audio_tab - INFO - Processing audio file: C:/Users/MikeM/OneDrive/Desktop/New folder (2)/16 Varazslo - Outro.flac
2024-11-10 11:31:17 - utils.helpers - DEBUG - Output directory already exists: C:/Users/MikeM/OneDrive/Desktop/New folder (2)\output
2024-11-10 11:31:23 - tabs.audio_tab - INFO - Audio saved to: C:/Users/MikeM/OneDrive/Desktop/New folder (2)\output\16 Varazslo - Outro_192kbps.mp3
2024-11-10 11:31:23 - tabs.audio_tab - INFO - Processing audio file: C:/Users/MikeM/OneDrive/Desktop/New folder (2)/16 Varazslo & Magnetik Sadhu-Psybabas.flac
2024-11-10 11:31:23 - utils.helpers - DEBUG - Output directory already exists: C:/Users/MikeM/OneDrive/Desktop/New folder (2)\output
2024-11-10 11:31:28 - tabs.audio_tab - INFO - Audio saved to: C:/Users/MikeM/OneDrive/Desktop/New folder (2)\output\16 Varazslo & Magnetik Sadhu-Psybabas_192kbps.mp3
2024-11-10 11:31:28 - tabs.audio_tab - INFO - Processing audio file: C:/Users/MikeM/OneDrive/Desktop/New folder (2)/17 - Bird of Prey - Stargazer.flac
2024-11-10 11:31:28 - utils.helpers - DEBUG - Output directory already exists: C:/Users/MikeM/OneDrive/Desktop/New folder (2)\output
2024-11-10 11:31:31 - tabs.audio_tab - INFO - Audio saved to: C:/Users/MikeM/OneDrive/Desktop/New folder (2)\output\17 - Bird of Prey - Stargazer_192kbps.mp3
2024-11-10 11:31:31 - tabs.audio_tab - INFO - Processing audio file: C:/Users/MikeM/OneDrive/Desktop/New folder (2)/17 - Demdike Stare - Misappropriation.flac
2024-11-10 11:31:31 - utils.helpers - DEBUG - Output directory already exists: C:/Users/MikeM/OneDrive/Desktop/New folder (2)\output
2024-11-10 11:31:35 - tabs.audio_tab - INFO - Audio saved to: C:/Users/MikeM/OneDrive/Desktop/New folder (2)\output\17 - Demdike Stare - Misappropriation_192kbps.mp3
2024-11-10 11:31:35 - tabs.audio_tab - INFO - Processing audio file: C:/Users/MikeM/OneDrive/Desktop/New folder (2)/17 Varazslo & Der Sandmann-Demento.flac
2024-11-10 11:31:35 - utils.helpers - DEBUG - Output directory already exists: C:/Users/MikeM/OneDrive/Desktop/New folder (2)\output
2024-11-10 11:31:43 - tabs.audio_tab - INFO - Audio saved to: C:/Users/MikeM/OneDrive/Desktop/New folder (2)\output\17 Varazslo & Der Sandmann-Demento_192kbps.mp3
2024-11-10 11:31:43 - tabs.audio_tab - INFO - Processing audio file: C:/Users/MikeM/OneDrive/Desktop/New folder (2)/18 - Mumukshu - Abstract Systems (Subconscious Remix).flac
2024-11-10 11:31:43 - utils.helpers - DEBUG - Output directory already exists: C:/Users/MikeM/OneDrive/Desktop/New folder (2)\output
2024-11-10 11:31:46 - tabs.audio_tab - INFO - Audio saved to: C:/Users/MikeM/OneDrive/Desktop/New folder (2)\output\18 - Mumukshu - Abstract Systems (Subconscious Remix)_192kbps.mp3
2024-11-10 11:31:46 - tabs.audio_tab - INFO - Processing audio file: C:/Users/MikeM/OneDrive/Desktop/New folder (2)/18 - Pact Infernal - Circle VIII (Fraud).flac
2024-11-10 11:31:46 - utils.helpers - DEBUG - Output directory already exists: C:/Users/MikeM/OneDrive/Desktop/New folder (2)\output
2024-11-10 11:31:48 - tabs.audio_tab - INFO - Audio saved to: C:/Users/MikeM/OneDrive/Desktop/New folder (2)\output\18 - Pact Infernal - Circle VIII (Fraud)_192kbps.mp3
2024-11-10 11:31:48 - tabs.audio_tab - INFO - Processing audio file: C:/Users/MikeM/OneDrive/Desktop/New folder (2)/18 - Raime - The Last Foundry.flac
2024-11-10 11:31:48 - utils.helpers - DEBUG - Output directory already exists: C:/Users/MikeM/OneDrive/Desktop/New folder (2)\output
2024-11-10 11:31:51 - tabs.audio_tab - INFO - Audio saved to: C:/Users/MikeM/OneDrive/Desktop/New folder (2)\output\18 - Raime - The Last Foundry_192kbps.mp3
2024-11-10 11:31:51 - tabs.audio_tab - INFO - Processing audio file: C:/Users/MikeM/OneDrive/Desktop/New folder (2)/18 Varazslo vs. Plankton-Passenger (rework).flac
2024-11-10 11:31:51 - utils.helpers - DEBUG - Output directory already exists: C:/Users/MikeM/OneDrive/Desktop/New folder (2)\output
2024-11-10 11:31:59 - tabs.audio_tab - INFO - Audio saved to: C:/Users/MikeM/OneDrive/Desktop/New folder (2)\output\18 Varazslo vs. Plankton-Passenger (rework)_192kbps.mp3
2024-11-10 11:31:59 - tabs.audio_tab - INFO - Processing audio file: C:/Users/MikeM/OneDrive/Desktop/New folder (2)/19 - Bogtrotter - Prysmic March (Resonant Language Remix).flac
2024-11-10 11:31:59 - utils.helpers - DEBUG - Output directory already exists: C:/Users/MikeM/OneDrive/Desktop/New folder (2)\output
2024-11-10 11:32:02 - tabs.audio_tab - INFO - Audio saved to: C:/Users/MikeM/OneDrive/Desktop/New folder (2)\output\19 - Bogtrotter - Prysmic March (Resonant Language Remix)_192kbps.mp3
2024-11-10 11:32:02 - tabs.audio_tab - INFO - Processing audio file: C:/Users/MikeM/OneDrive/Desktop/New folder (2)/19 - Echo Wanderer - Gham Dub.flac
2024-11-10 11:32:02 - utils.helpers - DEBUG - Output directory already exists: C:/Users/MikeM/OneDrive/Desktop/New folder (2)\output
2024-11-10 11:32:05 - tabs.audio_tab - INFO - Audio saved to: C:/Users/MikeM/OneDrive/Desktop/New folder (2)\output\19 - Echo Wanderer - Gham Dub_192kbps.mp3
2024-11-10 11:32:05 - tabs.audio_tab - INFO - Processing audio file: C:/Users/MikeM/OneDrive/Desktop/New folder (2)/19 - The Toxic Avenger - Make This Right.flac
2024-11-10 11:32:05 - utils.helpers - DEBUG - Output directory already exists: C:/Users/MikeM/OneDrive/Desktop/New folder (2)\output
2024-11-10 11:32:08 - tabs.audio_tab - INFO - Audio saved to: C:/Users/MikeM/OneDrive/Desktop/New folder (2)\output\19 - The Toxic Avenger - Make This Right_192kbps.mp3
2024-11-10 11:32:08 - tabs.audio_tab - INFO - Processing audio file: C:/Users/MikeM/OneDrive/Desktop/New folder (2)/19 Varazslo-Psicodelico.flac
2024-11-10 11:32:08 - utils.helpers - DEBUG - Output directory already exists: C:/Users/MikeM/OneDrive/Desktop/New folder (2)\output
2024-11-10 11:32:18 - tabs.audio_tab - INFO - Audio saved to: C:/Users/MikeM/OneDrive/Desktop/New folder (2)\output\19 Varazslo-Psicodelico_192kbps.mp3
2024-11-10 11:32:18 - tabs.audio_tab - INFO - Processing audio file: C:/Users/MikeM/OneDrive/Desktop/New folder (2)/20 - Roly Porter - Al Dhanab.flac
2024-11-10 11:32:18 - utils.helpers - DEBUG - Output directory already exists: C:/Users/MikeM/OneDrive/Desktop/New folder (2)\output
2024-11-10 11:32:20 - tabs.audio_tab - INFO - Audio saved to: C:/Users/MikeM/OneDrive/Desktop/New folder (2)\output\20 - Roly Porter - Al Dhanab_192kbps.mp3
2024-11-10 11:32:20 - tabs.audio_tab - INFO - Processing audio file: C:/Users/MikeM/OneDrive/Desktop/New folder (2)/20 - Shpongle - A New Way to Say Hooray (Remastered).flac
2024-11-10 11:32:20 - utils.helpers - DEBUG - Output directory already exists: C:/Users/MikeM/OneDrive/Desktop/New folder (2)\output
2024-11-10 11:32:25 - tabs.audio_tab - INFO - Audio saved to: C:/Users/MikeM/OneDrive/Desktop/New folder (2)\output\20 - Shpongle - A New Way to Say Hooray (Remastered)_192kbps.mp3
2024-11-10 11:32:25 - tabs.audio_tab - INFO - Processing audio file: C:/Users/MikeM/OneDrive/Desktop/New folder (2)/20 Varazslo & Riptide-Extradimensional Beings.flac
2024-11-10 11:32:25 - utils.helpers - DEBUG - Output directory already exists: C:/Users/MikeM/OneDrive/Desktop/New folder (2)\output
2024-11-10 11:32:30 - tabs.audio_tab - INFO - Audio saved to: C:/Users/MikeM/OneDrive/Desktop/New folder (2)\output\20 Varazslo & Riptide-Extradimensional Beings_192kbps.mp3
2024-11-10 11:32:30 - tabs.audio_tab - INFO - Processing audio file: C:/Users/MikeM/OneDrive/Desktop/New folder (2)/21 - Rrose - Swallows.flac
2024-11-10 11:32:30 - utils.helpers - DEBUG - Output directory already exists: C:/Users/MikeM/OneDrive/Desktop/New folder (2)\output
2024-11-10 11:32:34 - tabs.audio_tab - INFO - Audio saved to: C:/Users/MikeM/OneDrive/Desktop/New folder (2)\output\21 - Rrose - Swallows_192kbps.mp3
2024-11-10 11:32:34 - tabs.audio_tab - INFO - Processing audio file: C:/Users/MikeM/OneDrive/Desktop/New folder (2)/21 - Somatoast - Live Dreaming.flac
2024-11-10 11:32:34 - utils.helpers - DEBUG - Output directory already exists: C:/Users/MikeM/OneDrive/Desktop/New folder (2)\output
2024-11-10 11:32:38 - tabs.audio_tab - INFO - Audio saved to: C:/Users/MikeM/OneDrive/Desktop/New folder (2)\output\21 - Somatoast - Live Dreaming_192kbps.mp3
2024-11-10 11:32:38 - utils.helpers - DEBUG - Output directory already exists: C:/Users/MikeM/OneDrive/Desktop/New folder (2)\output
2024-11-10 11:32:41 - tabs.audio_tab - INFO - Processing audio file: C:/Users/MikeM/OneDrive/Desktop/New folder (2)/21 Varazslo-Theres Only One Infinite Energy Source.flac
2024-11-10 11:32:41 - utils.helpers - DEBUG - Output directory already exists: C:/Users/MikeM/OneDrive/Desktop/New folder (2)\output
2024-11-10 11:32:50 - tabs.audio_tab - INFO - Audio saved to: C:/Users/MikeM/OneDrive/Desktop/New folder (2)\output\21 Varazslo-Theres Only One Infinite Energy Source_192kbps.mp3
2024-11-10 11:32:50 - tabs.audio_tab - INFO - Processing audio file: C:/Users/MikeM/OneDrive/Desktop/New folder (2)/22 - African Head Charge - Dervish Chant.flac
2024-11-10 11:32:50 - utils.helpers - DEBUG - Output directory already exists: C:/Users/MikeM/OneDrive/Desktop/New folder (2)\output
2024-11-10 11:32:54 - tabs.audio_tab - INFO - Audio saved to: C:/Users/MikeM/OneDrive/Desktop/New folder (2)\output\22 - African Head Charge - Dervish Chant_192kbps.mp3
2024-11-10 11:32:54 - tabs.audio_tab - INFO - Processing audio file: C:/Users/MikeM/OneDrive/Desktop/New folder (2)/22 - eXoLT - Cybernetic Society.flac
2024-11-10 11:32:54 - utils.helpers - DEBUG - Output directory already exists: C:/Users/MikeM/OneDrive/Desktop/New folder (2)\output
2024-11-10 11:32:57 - tabs.audio_tab - INFO - Audio saved to: C:/Users/MikeM/OneDrive/Desktop/New folder (2)\output\22 - eXoLT - Cybernetic Society_192kbps.mp3
2024-11-10 11:32:57 - tabs.audio_tab - INFO - Processing audio file: C:/Users/MikeM/OneDrive/Desktop/New folder (2)/22 - Somatoast, Zonra - Goop (Zonra Remix).flac
2024-11-10 11:32:57 - utils.helpers - DEBUG - Output directory already exists: C:/Users/MikeM/OneDrive/Desktop/New folder (2)\output
2024-11-10 11:33:01 - tabs.audio_tab - INFO - Audio saved to: C:/Users/MikeM/OneDrive/Desktop/New folder (2)\output\22 - Somatoast, Zonra - Goop (Zonra Remix)_192kbps.mp3
2024-11-10 11:33:01 - tabs.audio_tab - INFO - Processing audio file: C:/Users/MikeM/OneDrive/Desktop/New folder (2)/22 Varazslo-Neverending Peace and Love.flac
2024-11-10 11:33:01 - utils.helpers - DEBUG - Output directory already exists: C:/Users/MikeM/OneDrive/Desktop/New folder (2)\output
2024-11-10 11:33:13 - tabs.audio_tab - INFO - Audio saved to: C:/Users/MikeM/OneDrive/Desktop/New folder (2)\output\22 Varazslo-Neverending Peace and Love_192kbps.mp3
2024-11-10 11:33:13 - tabs.audio_tab - INFO - Processing audio file: C:/Users/MikeM/OneDrive/Desktop/New folder (2)/22. Varazslo - Zenét!.flac
2024-11-10 11:33:13 - utils.helpers - DEBUG - Output directory already exists: C:/Users/MikeM/OneDrive/Desktop/New folder (2)\output
2024-11-10 11:33:18 - tabs.audio_tab - INFO - Audio saved to: C:/Users/MikeM/OneDrive/Desktop/New folder (2)\output\22. Varazslo - Zenét!_192kbps.mp3
2024-11-10 11:33:18 - tabs.audio_tab - INFO - Processing audio file: C:/Users/MikeM/OneDrive/Desktop/New folder (2)/23 - Machinefabriek - Two High.flac
2024-11-10 11:33:18 - utils.helpers - DEBUG - Output directory already exists: C:/Users/MikeM/OneDrive/Desktop/New folder (2)\output
2024-11-10 11:33:20 - tabs.audio_tab - INFO - Audio saved to: C:/Users/MikeM/OneDrive/Desktop/New folder (2)\output\23 - Machinefabriek - Two High_192kbps.mp3
2024-11-10 11:33:20 - tabs.audio_tab - INFO - Processing audio file: C:/Users/MikeM/OneDrive/Desktop/New folder (2)/23 - Zonra - Lohi (Somatoast Remix).flac
2024-11-10 11:33:20 - utils.helpers - DEBUG - Output directory already exists: C:/Users/MikeM/OneDrive/Desktop/New folder (2)\output
2024-11-10 11:33:23 - tabs.audio_tab - INFO - Audio saved to: C:/Users/MikeM/OneDrive/Desktop/New folder (2)\output\23 - Zonra - Lohi (Somatoast Remix)_192kbps.mp3
2024-11-10 11:33:23 - tabs.audio_tab - INFO - Processing audio file: C:/Users/MikeM/OneDrive/Desktop/New folder (2)/23 Varazslo-After All.flac
2024-11-10 11:33:23 - utils.helpers - DEBUG - Output directory already exists: C:/Users/MikeM/OneDrive/Desktop/New folder (2)\output
2024-11-10 11:33:29 - tabs.audio_tab - INFO - Audio saved to: C:/Users/MikeM/OneDrive/Desktop/New folder (2)\output\23 Varazslo-After All_192kbps.mp3
2024-11-10 11:33:29 - tabs.audio_tab - INFO - Processing audio file: C:/Users/MikeM/OneDrive/Desktop/New folder (2)/24 - Petar Dundov - Distant Shores.flac
2024-11-10 11:33:29 - utils.helpers - DEBUG - Output directory already exists: C:/Users/MikeM/OneDrive/Desktop/New folder (2)\output
2024-11-10 11:33:36 - tabs.audio_tab - INFO - Audio saved to: C:/Users/MikeM/OneDrive/Desktop/New folder (2)\output\24 - Petar Dundov - Distant Shores_192kbps.mp3
2024-11-10 11:33:36 - tabs.audio_tab - INFO - Processing audio file: C:/Users/MikeM/OneDrive/Desktop/New folder (2)/24 - Soulacybin - Dangatang.flac
2024-11-10 11:33:36 - utils.helpers - DEBUG - Output directory already exists: C:/Users/MikeM/OneDrive/Desktop/New folder (2)\output
2024-11-10 11:33:40 - tabs.audio_tab - INFO - Audio saved to: C:/Users/MikeM/OneDrive/Desktop/New folder (2)\output\24 - Soulacybin - Dangatang_192kbps.mp3
2024-11-10 11:33:40 - tabs.audio_tab - INFO - Processing audio file: C:/Users/MikeM/OneDrive/Desktop/New folder (2)/24 Fractal Terrorist-After All Everything Im Still With You.flac
2024-11-10 11:33:40 - utils.helpers - DEBUG - Output directory already exists: C:/Users/MikeM/OneDrive/Desktop/New folder (2)\output
2024-11-10 11:33:46 - tabs.audio_tab - INFO - Audio saved to: C:/Users/MikeM/OneDrive/Desktop/New folder (2)\output\24 Fractal Terrorist-After All Everything Im Still With You_192kbps.mp3
2024-11-10 11:33:46 - tabs.audio_tab - INFO - Processing audio file: C:/Users/MikeM/OneDrive/Desktop/New folder (2)/25 - Laurie Anderson - O Superman.flac
2024-11-10 11:33:46 - utils.helpers - DEBUG - Output directory already exists: C:/Users/MikeM/OneDrive/Desktop/New folder (2)\output
2024-11-10 11:33:50 - tabs.audio_tab - INFO - Audio saved to: C:/Users/MikeM/OneDrive/Desktop/New folder (2)\output\25 - Laurie Anderson - O Superman_192kbps.mp3
2024-11-10 11:33:50 - tabs.audio_tab - INFO - Processing audio file: C:/Users/MikeM/OneDrive/Desktop/New folder (2)/25 - Spoonbill - Driftwood Palace.flac
2024-11-10 11:33:50 - utils.helpers - DEBUG - Output directory already exists: C:/Users/MikeM/OneDrive/Desktop/New folder (2)\output
2024-11-10 11:33:54 - tabs.audio_tab - INFO - Audio saved to: C:/Users/MikeM/OneDrive/Desktop/New folder (2)\output\25 - Spoonbill - Driftwood Palace_192kbps.mp3
2024-11-10 11:33:54 - tabs.audio_tab - INFO - Processing audio file: C:/Users/MikeM/OneDrive/Desktop/New folder (2)/26 - Frank Bretschneider - Elektrik.flac
2024-11-10 11:33:54 - utils.helpers - DEBUG - Output directory already exists: C:/Users/MikeM/OneDrive/Desktop/New folder (2)\output
2024-11-10 11:33:56 - tabs.audio_tab - INFO - Audio saved to: C:/Users/MikeM/OneDrive/Desktop/New folder (2)\output\26 - Frank Bretschneider - Elektrik_192kbps.mp3
2024-11-10 11:33:56 - tabs.audio_tab - INFO - Processing audio file: C:/Users/MikeM/OneDrive/Desktop/New folder (2)/26 - Whitebear - Pareidolia.flac
2024-11-10 11:33:56 - utils.helpers - DEBUG - Output directory already exists: C:/Users/MikeM/OneDrive/Desktop/New folder (2)\output
2024-11-10 11:34:00 - tabs.audio_tab - INFO - Audio saved to: C:/Users/MikeM/OneDrive/Desktop/New folder (2)\output\26 - Whitebear - Pareidolia_192kbps.mp3
2024-11-10 11:34:00 - tabs.audio_tab - INFO - Processing audio file: C:/Users/MikeM/OneDrive/Desktop/New folder (2)/27 - Hallucinogen, Raja Ram - The Herb Garden (Original Mix).flac
2024-11-10 11:34:00 - utils.helpers - DEBUG - Output directory already exists: C:/Users/MikeM/OneDrive/Desktop/New folder (2)\output
2024-11-10 11:34:08 - tabs.audio_tab - INFO - Audio saved to: C:/Users/MikeM/OneDrive/Desktop/New folder (2)\output\27 - Hallucinogen, Raja Ram - The Herb Garden (Original Mix)_192kbps.mp3
2024-11-10 11:34:08 - tabs.audio_tab - INFO - Processing audio file: C:/Users/MikeM/OneDrive/Desktop/New folder (2)/27 - Vladislav Delay - Hetkonen.flac
2024-11-10 11:34:08 - utils.helpers - DEBUG - Output directory already exists: C:/Users/MikeM/OneDrive/Desktop/New folder (2)\output
2024-11-10 11:34:13 - tabs.audio_tab - INFO - Audio saved to: C:/Users/MikeM/OneDrive/Desktop/New folder (2)\output\27 - Vladislav Delay - Hetkonen_192kbps.mp3
2024-11-10 11:34:13 - tabs.audio_tab - INFO - Processing audio file: C:/Users/MikeM/OneDrive/Desktop/New folder (2)/28 - Nur Jaber - Mero Ama.flac
2024-11-10 11:34:13 - utils.helpers - DEBUG - Output directory already exists: C:/Users/MikeM/OneDrive/Desktop/New folder (2)\output
2024-11-10 11:34:16 - tabs.audio_tab - INFO - Audio saved to: C:/Users/MikeM/OneDrive/Desktop/New folder (2)\output\28 - Nur Jaber - Mero Ama_192kbps.mp3
2024-11-10 11:34:16 - tabs.audio_tab - INFO - Processing audio file: C:/Users/MikeM/OneDrive/Desktop/New folder (2)/28 - Soulacybin - Sundari.flac
2024-11-10 11:34:16 - utils.helpers - DEBUG - Output directory already exists: C:/Users/MikeM/OneDrive/Desktop/New folder (2)\output
2024-11-10 11:34:22 - tabs.audio_tab - INFO - Audio saved to: C:/Users/MikeM/OneDrive/Desktop/New folder (2)\output\28 - Soulacybin - Sundari_192kbps.mp3
2024-11-10 11:34:22 - tabs.audio_tab - INFO - Processing audio file: C:/Users/MikeM/OneDrive/Desktop/New folder (2)/29 - Vataff Project - The Eternal Flute.m4a
2024-11-10 11:34:22 - utils.helpers - DEBUG - Output directory already exists: C:/Users/MikeM/OneDrive/Desktop/New folder (2)\output
2024-11-10 11:34:28 - tabs.audio_tab - INFO - Audio saved to: C:/Users/MikeM/OneDrive/Desktop/New folder (2)\output\29 - Vataff Project - The Eternal Flute_192kbps.mp3
2024-11-10 11:34:28 - tabs.audio_tab - INFO - Processing audio file: C:/Users/MikeM/OneDrive/Desktop/New folder (2)/30 - Naam, White Hills, Black Rainbows, The Flying Eyes - Skycraper (Ambient Mix).flac
2024-11-10 11:34:28 - utils.helpers - DEBUG - Output directory already exists: C:/Users/MikeM/OneDrive/Desktop/New folder (2)\output
2024-11-10 11:34:32 - tabs.audio_tab - INFO - Audio saved to: C:/Users/MikeM/OneDrive/Desktop/New folder (2)\output\30 - Naam, White Hills, Black Rainbows, The Flying Eyes - Skycraper (Ambient Mix)_192kbps.mp3
2024-11-10 11:34:32 - tabs.audio_tab - INFO - Processing audio file: C:/Users/MikeM/OneDrive/Desktop/New folder (2)/30 - SIXIS - Conduit.flac
2024-11-10 11:34:32 - utils.helpers - DEBUG - Output directory already exists: C:/Users/MikeM/OneDrive/Desktop/New folder (2)\output
2024-11-10 11:34:35 - tabs.audio_tab - INFO - Audio saved to: C:/Users/MikeM/OneDrive/Desktop/New folder (2)\output\30 - SIXIS - Conduit_192kbps.mp3
2024-11-10 11:34:35 - tabs.audio_tab - INFO - Processing audio file: C:/Users/MikeM/OneDrive/Desktop/New folder (2)/31 - Naam, White Hills, Black Rainbows, The Flying Eyes - Minor Monster Galaxy Message.flac
2024-11-10 11:34:35 - utils.helpers - DEBUG - Output directory already exists: C:/Users/MikeM/OneDrive/Desktop/New folder (2)\output
2024-11-10 11:34:39 - tabs.audio_tab - INFO - Audio saved to: C:/Users/MikeM/OneDrive/Desktop/New folder (2)\output\31 - Naam, White Hills, Black Rainbows, The Flying Eyes - Minor Monster Galaxy Message_192kbps.mp3
2024-11-10 11:34:39 - tabs.audio_tab - INFO - Processing audio file: C:/Users/MikeM/OneDrive/Desktop/New folder (2)/31 - Quanta - Wide Eyed.flac
2024-11-10 11:34:39 - utils.helpers - DEBUG - Output directory already exists: C:/Users/MikeM/OneDrive/Desktop/New folder (2)\output
2024-11-10 11:34:42 - tabs.audio_tab - INFO - Audio saved to: C:/Users/MikeM/OneDrive/Desktop/New folder (2)\output\31 - Quanta - Wide Eyed_192kbps.mp3
2024-11-10 11:34:42 - tabs.audio_tab - INFO - Processing audio file: C:/Users/MikeM/OneDrive/Desktop/New folder (2)/32 - Andreilien - Bass Fetish.flac
2024-11-10 11:34:42 - utils.helpers - DEBUG - Output directory already exists: C:/Users/MikeM/OneDrive/Desktop/New folder (2)\output
2024-11-10 11:34:46 - tabs.audio_tab - INFO - Audio saved to: C:/Users/MikeM/OneDrive/Desktop/New folder (2)\output\32 - Andreilien - Bass Fetish_192kbps.mp3
2024-11-10 11:34:46 - tabs.audio_tab - INFO - Processing audio file: C:/Users/MikeM/OneDrive/Desktop/New folder (2)/32 - death's dynamic shroud - CD Player, Pt. III.flac
2024-11-10 11:34:46 - utils.helpers - DEBUG - Output directory already exists: C:/Users/MikeM/OneDrive/Desktop/New folder (2)\output
2024-11-10 11:34:48 - tabs.audio_tab - INFO - Audio saved to: C:/Users/MikeM/OneDrive/Desktop/New folder (2)\output\32 - death's dynamic shroud - CD Player, Pt. III_192kbps.mp3
2024-11-10 11:34:48 - tabs.audio_tab - INFO - Processing audio file: C:/Users/MikeM/OneDrive/Desktop/New folder (2)/33 - Doof - Baleshwar Baksheesh.flac
2024-11-10 11:34:48 - utils.helpers - DEBUG - Output directory already exists: C:/Users/MikeM/OneDrive/Desktop/New folder (2)\output
2024-11-10 11:34:56 - tabs.audio_tab - INFO - Audio saved to: C:/Users/MikeM/OneDrive/Desktop/New folder (2)\output\33 - Doof - Baleshwar Baksheesh_192kbps.mp3
2024-11-10 11:34:56 - tabs.audio_tab - INFO - Processing audio file: C:/Users/MikeM/OneDrive/Desktop/New folder (2)/33 - Mind Against - Several Times.flac
2024-11-10 11:34:56 - utils.helpers - DEBUG - Output directory already exists: C:/Users/MikeM/OneDrive/Desktop/New folder (2)\output
2024-11-10 11:35:00 - tabs.audio_tab - INFO - Audio saved to: C:/Users/MikeM/OneDrive/Desktop/New folder (2)\output\33 - Mind Against - Several Times_192kbps.mp3
2024-11-10 11:35:00 - tabs.audio_tab - INFO - Processing audio file: C:/Users/MikeM/OneDrive/Desktop/New folder (2)/34 - Call Super, Julia Holter - Illumina.flac
2024-11-10 11:35:00 - utils.helpers - DEBUG - Output directory already exists: C:/Users/MikeM/OneDrive/Desktop/New folder (2)\output
2024-11-10 11:35:02 - tabs.audio_tab - INFO - Audio saved to: C:/Users/MikeM/OneDrive/Desktop/New folder (2)\output\34 - Call Super, Julia Holter - Illumina_192kbps.mp3
2024-11-10 11:35:02 - tabs.audio_tab - INFO - Processing audio file: C:/Users/MikeM/OneDrive/Desktop/New folder (2)/34 - Saafi Brothers - Together in Silence.flac
2024-11-10 11:35:02 - utils.helpers - DEBUG - Output directory already exists: C:/Users/MikeM/OneDrive/Desktop/New folder (2)\output
2024-11-10 11:35:08 - tabs.audio_tab - INFO - Audio saved to: C:/Users/MikeM/OneDrive/Desktop/New folder (2)\output\34 - Saafi Brothers - Together in Silence_192kbps.mp3
2024-11-10 11:35:08 - tabs.audio_tab - INFO - Processing audio file: C:/Users/MikeM/OneDrive/Desktop/New folder (2)/35 - Blawan - Toast.flac
2024-11-10 11:35:08 - utils.helpers - DEBUG - Output directory already exists: C:/Users/MikeM/OneDrive/Desktop/New folder (2)\output
2024-11-10 11:35:09 - tabs.audio_tab - INFO - Audio saved to: C:/Users/MikeM/OneDrive/Desktop/New folder (2)\output\35 - Blawan - Toast_192kbps.mp3
2024-11-10 11:35:09 - tabs.audio_tab - INFO - Processing audio file: C:/Users/MikeM/OneDrive/Desktop/New folder (2)/35 - Shpongle - Shpongle Spores.flac
2024-11-10 11:35:09 - utils.helpers - DEBUG - Output directory already exists: C:/Users/MikeM/OneDrive/Desktop/New folder (2)\output
2024-11-10 11:35:13 - tabs.audio_tab - INFO - Audio saved to: C:/Users/MikeM/OneDrive/Desktop/New folder (2)\output\35 - Shpongle - Shpongle Spores_192kbps.mp3
2024-11-10 11:35:13 - tabs.audio_tab - INFO - Processing audio file: C:/Users/MikeM/OneDrive/Desktop/New folder (2)/36 - Akasha Experience - Smoke Signals.m4a
2024-11-10 11:35:13 - utils.helpers - DEBUG - Output directory already exists: C:/Users/MikeM/OneDrive/Desktop/New folder (2)\output
2024-11-10 11:35:17 - tabs.audio_tab - INFO - Audio saved to: C:/Users/MikeM/OneDrive/Desktop/New folder (2)\output\36 - Akasha Experience - Smoke Signals_192kbps.mp3
2024-11-10 11:35:17 - tabs.audio_tab - INFO - Processing audio file: C:/Users/MikeM/OneDrive/Desktop/New folder (2)/36 - Walter Ego - We're High.flac
2024-11-10 11:35:17 - utils.helpers - DEBUG - Output directory already exists: C:/Users/MikeM/OneDrive/Desktop/New folder (2)\output
2024-11-10 11:35:21 - tabs.audio_tab - INFO - Audio saved to: C:/Users/MikeM/OneDrive/Desktop/New folder (2)\output\36 - Walter Ego - We're High_192kbps.mp3
2024-11-10 11:35:21 - tabs.audio_tab - INFO - Processing audio file: C:/Users/MikeM/OneDrive/Desktop/New folder (2)/37 - Supersillyus - Aeon Bahamut (Original Mix).flac
2024-11-10 11:35:21 - utils.helpers - DEBUG - Output directory already exists: C:/Users/MikeM/OneDrive/Desktop/New folder (2)\output
2024-11-10 11:35:26 - tabs.audio_tab - INFO - Audio saved to: C:/Users/MikeM/OneDrive/Desktop/New folder (2)\output\37 - Supersillyus - Aeon Bahamut (Original Mix)_192kbps.mp3
2024-11-10 11:35:26 - tabs.audio_tab - INFO - Processing audio file: C:/Users/MikeM/OneDrive/Desktop/New folder (2)/38 - Shinichi Shimomura - Ripples.flac
2024-11-10 11:35:26 - utils.helpers - DEBUG - Output directory already exists: C:/Users/MikeM/OneDrive/Desktop/New folder (2)\output
2024-11-10 11:35:29 - tabs.audio_tab - INFO - Audio saved to: C:/Users/MikeM/OneDrive/Desktop/New folder (2)\output\38 - Shinichi Shimomura - Ripples_192kbps.mp3
2024-11-10 11:35:29 - tabs.audio_tab - INFO - Processing audio file: C:/Users/MikeM/OneDrive/Desktop/New folder (2)/38 - Son Kite - Synesthesia.flac
2024-11-10 11:35:29 - utils.helpers - DEBUG - Output directory already exists: C:/Users/MikeM/OneDrive/Desktop/New folder (2)\output
2024-11-10 11:35:37 - tabs.audio_tab - INFO - Audio saved to: C:/Users/MikeM/OneDrive/Desktop/New folder (2)\output\38 - Son Kite - Synesthesia_192kbps.mp3
2024-11-10 11:35:37 - tabs.audio_tab - INFO - Processing audio file: C:/Users/MikeM/OneDrive/Desktop/New folder (2)/39 - Eskmo, Brendan Angelides, kira kira - Radiopia.flac
2024-11-10 11:35:37 - utils.helpers - DEBUG - Output directory already exists: C:/Users/MikeM/OneDrive/Desktop/New folder (2)\output
2024-11-10 11:35:39 - tabs.audio_tab - INFO - Audio saved to: C:/Users/MikeM/OneDrive/Desktop/New folder (2)\output\39 - Eskmo, Brendan Angelides, kira kira - Radiopia_192kbps.mp3
2024-11-10 11:35:39 - tabs.audio_tab - INFO - Processing audio file: C:/Users/MikeM/OneDrive/Desktop/New folder (2)/39 - Hedflux - Sananga Serenade.flac
2024-11-10 11:35:39 - utils.helpers - DEBUG - Output directory already exists: C:/Users/MikeM/OneDrive/Desktop/New folder (2)\output
2024-11-10 11:35:44 - tabs.audio_tab - INFO - Audio saved to: C:/Users/MikeM/OneDrive/Desktop/New folder (2)\output\39 - Hedflux - Sananga Serenade_192kbps.mp3
2024-11-10 11:35:44 - tabs.audio_tab - INFO - Processing audio file: C:/Users/MikeM/OneDrive/Desktop/New folder (2)/40 - Simo Cell - Whispers.flac
2024-11-10 11:35:44 - utils.helpers - DEBUG - Output directory already exists: C:/Users/MikeM/OneDrive/Desktop/New folder (2)\output
2024-11-10 11:35:46 - tabs.audio_tab - INFO - Audio saved to: C:/Users/MikeM/OneDrive/Desktop/New folder (2)\output\40 - Simo Cell - Whispers_192kbps.mp3
2024-11-10 11:35:46 - tabs.audio_tab - INFO - Processing audio file: C:/Users/MikeM/OneDrive/Desktop/New folder (2)/40 - Soulacybin - Multisq.flac
2024-11-10 11:35:46 - utils.helpers - DEBUG - Output directory already exists: C:/Users/MikeM/OneDrive/Desktop/New folder (2)\output
2024-11-10 11:35:49 - tabs.audio_tab - INFO - Audio saved to: C:/Users/MikeM/OneDrive/Desktop/New folder (2)\output\40 - Soulacybin - Multisq_192kbps.mp3
2024-11-10 11:35:49 - tabs.audio_tab - INFO - Processing audio file: C:/Users/MikeM/OneDrive/Desktop/New folder (2)/41 - Desert Dwellers - I Dropped It (Original Mix).flac
2024-11-10 11:35:49 - utils.helpers - DEBUG - Output directory already exists: C:/Users/MikeM/OneDrive/Desktop/New folder (2)\output
2024-11-10 11:35:53 - tabs.audio_tab - INFO - Audio saved to: C:/Users/MikeM/OneDrive/Desktop/New folder (2)\output\41 - Desert Dwellers - I Dropped It (Original Mix)_192kbps.mp3
2024-11-10 11:35:53 - tabs.audio_tab - INFO - Processing audio file: C:/Users/MikeM/OneDrive/Desktop/New folder (2)/41 - Loscil - Refraction, Pt. 1.flac
2024-11-10 11:35:53 - utils.helpers - DEBUG - Output directory already exists: C:/Users/MikeM/OneDrive/Desktop/New folder (2)\output
2024-11-10 11:35:58 - tabs.audio_tab - INFO - Audio saved to: C:/Users/MikeM/OneDrive/Desktop/New folder (2)\output\41 - Loscil - Refraction, Pt. 1_192kbps.mp3
2024-11-10 11:35:58 - tabs.audio_tab - INFO - Processing audio file: C:/Users/MikeM/OneDrive/Desktop/New folder (2)/42 - Aligning Minds - A Secret Society.flac
2024-11-10 11:35:58 - utils.helpers - DEBUG - Output directory already exists: C:/Users/MikeM/OneDrive/Desktop/New folder (2)\output
2024-11-10 11:36:02 - tabs.audio_tab - INFO - Audio saved to: C:/Users/MikeM/OneDrive/Desktop/New folder (2)\output\42 - Aligning Minds - A Secret Society_192kbps.mp3
2024-11-10 11:36:02 - tabs.audio_tab - INFO - Processing audio file: C:/Users/MikeM/OneDrive/Desktop/New folder (2)/42 - Loscil, Lawrence English - Magenta.flac
2024-11-10 11:36:02 - utils.helpers - DEBUG - Output directory already exists: C:/Users/MikeM/OneDrive/Desktop/New folder (2)\output
2024-11-10 11:36:06 - tabs.audio_tab - INFO - Audio saved to: C:/Users/MikeM/OneDrive/Desktop/New folder (2)\output\42 - Loscil, Lawrence English - Magenta_192kbps.mp3
2024-11-10 11:36:06 - tabs.audio_tab - INFO - Processing audio file: C:/Users/MikeM/OneDrive/Desktop/New folder (2)/43 - Somatoast - Elven Bell.flac
2024-11-10 11:36:06 - utils.helpers - DEBUG - Output directory already exists: C:/Users/MikeM/OneDrive/Desktop/New folder (2)\output
2024-11-10 11:36:08 - tabs.audio_tab - INFO - Audio saved to: C:/Users/MikeM/OneDrive/Desktop/New folder (2)\output\43 - Somatoast - Elven Bell_192kbps.mp3
2024-11-10 11:36:08 - tabs.audio_tab - INFO - Processing audio file: C:/Users/MikeM/OneDrive/Desktop/New folder (2)/43 - Techno Para Dos - Nos Prometieron Futuro.flac
2024-11-10 11:36:08 - utils.helpers - DEBUG - Output directory already exists: C:/Users/MikeM/OneDrive/Desktop/New folder (2)\output
2024-11-10 11:36:12 - tabs.audio_tab - INFO - Audio saved to: C:/Users/MikeM/OneDrive/Desktop/New folder (2)\output\43 - Techno Para Dos - Nos Prometieron Futuro_192kbps.mp3
2024-11-10 11:36:12 - tabs.audio_tab - INFO - Processing audio file: C:/Users/MikeM/OneDrive/Desktop/New folder (2)/44 - Third Ear Audio - Jamaican Robot.m4a
2024-11-10 11:36:12 - utils.helpers - DEBUG - Output directory already exists: C:/Users/MikeM/OneDrive/Desktop/New folder (2)\output
2024-11-10 11:36:16 - tabs.audio_tab - INFO - Audio saved to: C:/Users/MikeM/OneDrive/Desktop/New folder (2)\output\44 - Third Ear Audio - Jamaican Robot_192kbps.mp3
2024-11-10 11:36:16 - tabs.audio_tab - INFO - Processing audio file: C:/Users/MikeM/OneDrive/Desktop/New folder (2)/45 - David Starfire, Alex Grey - The One (feat. Alex Grey and Joaqopelli) (Original.flac
2024-11-10 11:36:16 - utils.helpers - DEBUG - Output directory already exists: C:/Users/MikeM/OneDrive/Desktop/New folder (2)\output
2024-11-10 11:36:19 - tabs.audio_tab - INFO - Audio saved to: C:/Users/MikeM/OneDrive/Desktop/New folder (2)\output\45 - David Starfire, Alex Grey - The One (feat. Alex Grey and Joaqopelli) (Original_192kbps.mp3
2024-11-10 11:36:19 - tabs.audio_tab - INFO - Processing audio file: C:/Users/MikeM/OneDrive/Desktop/New folder (2)/45 - Ipotocaticac - For Times to Come (Chill Edit).flac
2024-11-10 11:36:19 - utils.helpers - DEBUG - Output directory already exists: C:/Users/MikeM/OneDrive/Desktop/New folder (2)\output
2024-11-10 11:36:22 - tabs.audio_tab - INFO - Audio saved to: C:/Users/MikeM/OneDrive/Desktop/New folder (2)\output\45 - Ipotocaticac - For Times to Come (Chill Edit)_192kbps.mp3
2024-11-10 11:36:22 - tabs.audio_tab - INFO - Processing audio file: C:/Users/MikeM/OneDrive/Desktop/New folder (2)/46 - Suzin Green, Daniel Johnson, Nina Rao - Surya Namaskar Mantras- Deep Groove Remix (feat. N.flac
2024-11-10 11:36:22 - utils.helpers - DEBUG - Output directory already exists: C:/Users/MikeM/OneDrive/Desktop/New folder (2)\output
2024-11-10 11:36:27 - tabs.audio_tab - INFO - Audio saved to: C:/Users/MikeM/OneDrive/Desktop/New folder (2)\output\46 - Suzin Green, Daniel Johnson, Nina Rao - Surya Namaskar Mantras- Deep Groove Remix (feat. N_192kbps.mp3
2024-11-10 11:36:27 - tabs.audio_tab - INFO - Processing audio file: C:/Users/MikeM/OneDrive/Desktop/New folder (2)/46 - Vocals by Nevena Nikolova & Milena Sergueeva - Crystalline.m4a
2024-11-10 11:36:27 - utils.helpers - DEBUG - Output directory already exists: C:/Users/MikeM/OneDrive/Desktop/New folder (2)\output
2024-11-10 11:36:32 - tabs.audio_tab - INFO - Audio saved to: C:/Users/MikeM/OneDrive/Desktop/New folder (2)\output\46 - Vocals by Nevena Nikolova & Milena Sergueeva - Crystalline_192kbps.mp3
2024-11-10 11:36:32 - tabs.audio_tab - INFO - Processing audio file: C:/Users/MikeM/OneDrive/Desktop/New folder (2)/47 - Bogtrotter - Prysmic March.flac
2024-11-10 11:36:32 - utils.helpers - DEBUG - Output directory already exists: C:/Users/MikeM/OneDrive/Desktop/New folder (2)\output
2024-11-10 11:36:35 - tabs.audio_tab - INFO - Audio saved to: C:/Users/MikeM/OneDrive/Desktop/New folder (2)\output\47 - Bogtrotter - Prysmic March_192kbps.mp3
2024-11-10 11:36:35 - tabs.audio_tab - INFO - Processing audio file: C:/Users/MikeM/OneDrive/Desktop/New folder (2)/47 - Jaja - Zaka.flac
2024-11-10 11:36:35 - utils.helpers - DEBUG - Output directory already exists: C:/Users/MikeM/OneDrive/Desktop/New folder (2)\output
2024-11-10 11:36:39 - tabs.audio_tab - INFO - Audio saved to: C:/Users/MikeM/OneDrive/Desktop/New folder (2)\output\47 - Jaja - Zaka_192kbps.mp3
2024-11-10 11:36:39 - tabs.audio_tab - INFO - Processing audio file: C:/Users/MikeM/OneDrive/Desktop/New folder (2)/48 - Jacob Groening - Kopru Ortas.flac
2024-11-10 11:36:39 - utils.helpers - DEBUG - Output directory already exists: C:/Users/MikeM/OneDrive/Desktop/New folder (2)\output
2024-11-10 11:36:42 - tabs.audio_tab - INFO - Audio saved to: C:/Users/MikeM/OneDrive/Desktop/New folder (2)\output\48 - Jacob Groening - Kopru Ortas_192kbps.mp3
2024-11-10 11:36:42 - tabs.audio_tab - INFO - Processing audio file: C:/Users/MikeM/OneDrive/Desktop/New folder (2)/48 - Necton - Bug Squad Dub.flac
2024-11-10 11:36:42 - utils.helpers - DEBUG - Output directory already exists: C:/Users/MikeM/OneDrive/Desktop/New folder (2)\output
2024-11-10 11:36:45 - tabs.audio_tab - INFO - Audio saved to: C:/Users/MikeM/OneDrive/Desktop/New folder (2)\output\48 - Necton - Bug Squad Dub_192kbps.mp3
2024-11-10 11:36:45 - tabs.audio_tab - INFO - Processing audio file: C:/Users/MikeM/OneDrive/Desktop/New folder (2)/49 - Desert Dwellers - Bodhi Mandala (Drumspyder Remix).flac
2024-11-10 11:36:45 - utils.helpers - DEBUG - Output directory already exists: C:/Users/MikeM/OneDrive/Desktop/New folder (2)\output
2024-11-10 11:36:49 - tabs.audio_tab - INFO - Audio saved to: C:/Users/MikeM/OneDrive/Desktop/New folder (2)\output\49 - Desert Dwellers - Bodhi Mandala (Drumspyder Remix)_192kbps.mp3
2024-11-10 11:36:49 - tabs.audio_tab - INFO - Processing audio file: C:/Users/MikeM/OneDrive/Desktop/New folder (2)/49 - tripswitch - Exiled (Manta Mix).flac
2024-11-10 11:36:49 - utils.helpers - DEBUG - Output directory already exists: C:/Users/MikeM/OneDrive/Desktop/New folder (2)\output
2024-11-10 11:36:54 - tabs.audio_tab - INFO - Audio saved to: C:/Users/MikeM/OneDrive/Desktop/New folder (2)\output\49 - tripswitch - Exiled (Manta Mix)_192kbps.mp3
2024-11-10 11:36:54 - tabs.audio_tab - INFO - Processing audio file: C:/Users/MikeM/OneDrive/Desktop/New folder (2)/50 - Doof - Grantchester Meadows Remembered (Sabi Mix).m4a
2024-11-10 11:36:54 - utils.helpers - DEBUG - Output directory already exists: C:/Users/MikeM/OneDrive/Desktop/New folder (2)\output
2024-11-10 11:36:58 - tabs.audio_tab - INFO - Audio saved to: C:/Users/MikeM/OneDrive/Desktop/New folder (2)\output\50 - Doof - Grantchester Meadows Remembered (Sabi Mix)_192kbps.mp3
2024-11-10 11:36:58 - tabs.audio_tab - INFO - Processing audio file: C:/Users/MikeM/OneDrive/Desktop/New folder (2)/50 - Howling - Signs (Rødhåd Remix).flac
2024-11-10 11:36:58 - utils.helpers - DEBUG - Output directory already exists: C:/Users/MikeM/OneDrive/Desktop/New folder (2)\output
2024-11-10 11:37:02 - tabs.audio_tab - INFO - Audio saved to: C:/Users/MikeM/OneDrive/Desktop/New folder (2)\output\50 - Howling - Signs (Rødhåd Remix)_192kbps.mp3
2024-11-10 11:37:02 - tabs.audio_tab - INFO - Processing audio file: C:/Users/MikeM/OneDrive/Desktop/New folder (2)/51 - Ipotocaticac - Purple.flac
2024-11-10 11:37:02 - utils.helpers - DEBUG - Output directory already exists: C:/Users/MikeM/OneDrive/Desktop/New folder (2)\output
2024-11-10 11:37:06 - tabs.audio_tab - INFO - Audio saved to: C:/Users/MikeM/OneDrive/Desktop/New folder (2)\output\51 - Ipotocaticac - Purple_192kbps.mp3
2024-11-10 11:37:06 - tabs.audio_tab - INFO - Processing audio file: C:/Users/MikeM/OneDrive/Desktop/New folder (2)/52 - Grouch - Chops (Original Mix).flac
2024-11-10 11:37:06 - utils.helpers - DEBUG - Output directory already exists: C:/Users/MikeM/OneDrive/Desktop/New folder (2)\output
2024-11-10 11:37:10 - tabs.audio_tab - INFO - Audio saved to: C:/Users/MikeM/OneDrive/Desktop/New folder (2)\output\52 - Grouch - Chops (Original Mix)_192kbps.mp3
2024-11-10 11:37:10 - tabs.audio_tab - INFO - Processing audio file: C:/Users/MikeM/OneDrive/Desktop/New folder (2)/52 - Ipotocaticac - Stranger in a Strange Land.flac
2024-11-10 11:37:10 - utils.helpers - DEBUG - Output directory already exists: C:/Users/MikeM/OneDrive/Desktop/New folder (2)\output
2024-11-10 11:37:14 - tabs.audio_tab - INFO - Audio saved to: C:/Users/MikeM/OneDrive/Desktop/New folder (2)\output\52 - Ipotocaticac - Stranger in a Strange Land_192kbps.mp3
2024-11-10 11:37:14 - tabs.audio_tab - INFO - Processing audio file: C:/Users/MikeM/OneDrive/Desktop/New folder (2)/53 - Ipotocaticac - Oax.flac
2024-11-10 11:37:14 - utils.helpers - DEBUG - Output directory already exists: C:/Users/MikeM/OneDrive/Desktop/New folder (2)\output
2024-11-10 11:37:18 - tabs.audio_tab - INFO - Audio saved to: C:/Users/MikeM/OneDrive/Desktop/New folder (2)\output\53 - Ipotocaticac - Oax_192kbps.mp3
2024-11-10 11:37:18 - tabs.audio_tab - INFO - Processing audio file: C:/Users/MikeM/OneDrive/Desktop/New folder (2)/53 - Symbolico - The Art of Dream Travel.flac
2024-11-10 11:37:18 - utils.helpers - DEBUG - Output directory already exists: C:/Users/MikeM/OneDrive/Desktop/New folder (2)\output
2024-11-10 11:37:21 - tabs.audio_tab - INFO - Audio saved to: C:/Users/MikeM/OneDrive/Desktop/New folder (2)\output\53 - Symbolico - The Art of Dream Travel_192kbps.mp3
2024-11-10 11:37:21 - tabs.audio_tab - INFO - Processing audio file: C:/Users/MikeM/OneDrive/Desktop/New folder (2)/54 - Ace Ventura - Brave New World.flac
2024-11-10 11:37:21 - utils.helpers - DEBUG - Output directory already exists: C:/Users/MikeM/OneDrive/Desktop/New folder (2)\output
2024-11-10 11:37:25 - tabs.audio_tab - INFO - Audio saved to: C:/Users/MikeM/OneDrive/Desktop/New folder (2)\output\54 - Ace Ventura - Brave New World_192kbps.mp3
2024-11-10 11:37:25 - tabs.audio_tab - INFO - Processing audio file: C:/Users/MikeM/OneDrive/Desktop/New folder (2)/54 - Fungus Funk, Psykovsky - Odintsovsky (Original Mix).flac
2024-11-10 11:37:25 - utils.helpers - DEBUG - Output directory already exists: C:/Users/MikeM/OneDrive/Desktop/New folder (2)\output
2024-11-10 11:37:29 - tabs.audio_tab - INFO - Audio saved to: C:/Users/MikeM/OneDrive/Desktop/New folder (2)\output\54 - Fungus Funk, Psykovsky - Odintsovsky (Original Mix)_192kbps.mp3
2024-11-10 11:37:29 - tabs.audio_tab - INFO - Processing audio file: C:/Users/MikeM/OneDrive/Desktop/New folder (2)/55 - Seamoon - The Center of the Mandala (528Hz).flac
2024-11-10 11:37:29 - utils.helpers - DEBUG - Output directory already exists: C:/Users/MikeM/OneDrive/Desktop/New folder (2)\output
2024-11-10 11:37:33 - tabs.audio_tab - INFO - Audio saved to: C:/Users/MikeM/OneDrive/Desktop/New folder (2)\output\55 - Seamoon - The Center of the Mandala (528Hz)_192kbps.mp3
2024-11-10 11:37:33 - tabs.audio_tab - INFO - Processing audio file: C:/Users/MikeM/OneDrive/Desktop/New folder (2)/56 - Tipper - Dreamsters.flac
2024-11-10 11:37:33 - utils.helpers - DEBUG - Output directory already exists: C:/Users/MikeM/OneDrive/Desktop/New folder (2)\output
2024-11-10 11:37:36 - tabs.audio_tab - INFO - Audio saved to: C:/Users/MikeM/OneDrive/Desktop/New folder (2)\output\56 - Tipper - Dreamsters_192kbps.mp3
2024-11-10 11:37:36 - tabs.audio_tab - INFO - Processing audio file: C:/Users/MikeM/OneDrive/Desktop/New folder (2)/57 - Sumiruna - Bodha.flac
2024-11-10 11:37:36 - utils.helpers - DEBUG - Output directory already exists: C:/Users/MikeM/OneDrive/Desktop/New folder (2)\output
2024-11-10 11:37:41 - tabs.audio_tab - INFO - Audio saved to: C:/Users/MikeM/OneDrive/Desktop/New folder (2)\output\57 - Sumiruna - Bodha_192kbps.mp3
2024-11-10 11:37:41 - tabs.audio_tab - INFO - Processing audio file: C:/Users/MikeM/OneDrive/Desktop/New folder (2)/58 - Symbolico - I'm Free.flac
2024-11-10 11:37:41 - utils.helpers - DEBUG - Output directory already exists: C:/Users/MikeM/OneDrive/Desktop/New folder (2)\output
2024-11-10 11:37:46 - tabs.audio_tab - INFO - Audio saved to: C:/Users/MikeM/OneDrive/Desktop/New folder (2)\output\58 - Symbolico - I'm Free_192kbps.mp3
2024-11-10 11:37:46 - tabs.audio_tab - INFO - Processing audio file: C:/Users/MikeM/OneDrive/Desktop/New folder (2)/59 - Symbolico - Gaian Portal.flac
2024-11-10 11:37:46 - utils.helpers - DEBUG - Output directory already exists: C:/Users/MikeM/OneDrive/Desktop/New folder (2)\output
2024-11-10 11:37:49 - tabs.audio_tab - INFO - Audio saved to: C:/Users/MikeM/OneDrive/Desktop/New folder (2)\output\59 - Symbolico - Gaian Portal_192kbps.mp3
2024-11-10 11:37:49 - tabs.audio_tab - INFO - Processing audio file: C:/Users/MikeM/OneDrive/Desktop/New folder (2)/60 - Quanta - Nature of Reality.flac
2024-11-10 11:37:49 - utils.helpers - DEBUG - Output directory already exists: C:/Users/MikeM/OneDrive/Desktop/New folder (2)\output
2024-11-10 11:37:53 - tabs.audio_tab - INFO - Audio saved to: C:/Users/MikeM/OneDrive/Desktop/New folder (2)\output\60 - Quanta - Nature of Reality_192kbps.mp3
2024-11-10 11:37:53 - tabs.audio_tab - INFO - Processing audio file: C:/Users/MikeM/OneDrive/Desktop/New folder (2)/61 - Prometheus - Mekong Delta.flac
2024-11-10 11:37:53 - utils.helpers - DEBUG - Output directory already exists: C:/Users/MikeM/OneDrive/Desktop/New folder (2)\output
2024-11-10 11:37:57 - tabs.audio_tab - INFO - Audio saved to: C:/Users/MikeM/OneDrive/Desktop/New folder (2)\output\61 - Prometheus - Mekong Delta_192kbps.mp3
2024-11-10 11:37:57 - tabs.audio_tab - INFO - Processing audio file: C:/Users/MikeM/OneDrive/Desktop/New folder (2)/62 - Symbolico - Craziness Is Part of Normality (Original Mix).flac
2024-11-10 11:37:57 - utils.helpers - DEBUG - Output directory already exists: C:/Users/MikeM/OneDrive/Desktop/New folder (2)\output
2024-11-10 11:38:01 - tabs.audio_tab - INFO - Audio saved to: C:/Users/MikeM/OneDrive/Desktop/New folder (2)\output\62 - Symbolico - Craziness Is Part of Normality (Original Mix)_192kbps.mp3
2024-11-10 11:38:01 - tabs.audio_tab - INFO - Processing audio file: C:/Users/MikeM/OneDrive/Desktop/New folder (2)/63 - Captain Hook - Space Tube 25 (Original mix).flac
2024-11-10 11:38:01 - utils.helpers - DEBUG - Output directory already exists: C:/Users/MikeM/OneDrive/Desktop/New folder (2)\output
2024-11-10 11:38:10 - tabs.audio_tab - INFO - Audio saved to: C:/Users/MikeM/OneDrive/Desktop/New folder (2)\output\63 - Captain Hook - Space Tube 25 (Original mix)_192kbps.mp3
2024-11-10 11:38:10 - tabs.audio_tab - INFO - Processing audio file: C:/Users/MikeM/OneDrive/Desktop/New folder (2)/64 - Easily Embarrassed - Smooth Operator.flac
2024-11-10 11:38:10 - utils.helpers - DEBUG - Output directory already exists: C:/Users/MikeM/OneDrive/Desktop/New folder (2)\output
2024-11-10 11:38:13 - tabs.audio_tab - INFO - Audio saved to: C:/Users/MikeM/OneDrive/Desktop/New folder (2)\output\64 - Easily Embarrassed - Smooth Operator_192kbps.mp3
2024-11-10 11:38:13 - tabs.audio_tab - INFO - Processing audio file: C:/Users/MikeM/OneDrive/Desktop/New folder (2)/65 - Akasha Experience - Shamanized.flac
2024-11-10 11:38:13 - utils.helpers - DEBUG - Output directory already exists: C:/Users/MikeM/OneDrive/Desktop/New folder (2)\output
2024-11-10 11:38:17 - tabs.audio_tab - INFO - Audio saved to: C:/Users/MikeM/OneDrive/Desktop/New folder (2)\output\65 - Akasha Experience - Shamanized_192kbps.mp3
2024-11-10 11:38:17 - tabs.audio_tab - INFO - Processing audio file: C:/Users/MikeM/OneDrive/Desktop/New folder (2)/66 - MantisMash - Chapora Sunrise.flac
2024-11-10 11:38:17 - utils.helpers - DEBUG - Output directory already exists: C:/Users/MikeM/OneDrive/Desktop/New folder (2)\output
2024-11-10 11:38:21 - tabs.audio_tab - INFO - Audio saved to: C:/Users/MikeM/OneDrive/Desktop/New folder (2)\output\66 - MantisMash - Chapora Sunrise_192kbps.mp3
2024-11-10 11:38:21 - tabs.audio_tab - INFO - Processing audio file: C:/Users/MikeM/OneDrive/Desktop/New folder (2)/67 - MantisMash - Mekong Drifters.flac
2024-11-10 11:38:21 - utils.helpers - DEBUG - Output directory already exists: C:/Users/MikeM/OneDrive/Desktop/New folder (2)\output
2024-11-10 11:38:25 - tabs.audio_tab - INFO - Audio saved to: C:/Users/MikeM/OneDrive/Desktop/New folder (2)\output\67 - MantisMash - Mekong Drifters_192kbps.mp3
2024-11-10 11:38:25 - tabs.audio_tab - INFO - Processing audio file: C:/Users/MikeM/OneDrive/Desktop/New folder (2)/68 - SAVEJ, Liquid Bloom, Gracia Maria - Cielo Aya (feat. Gracia Maria).flac
2024-11-10 11:38:25 - utils.helpers - DEBUG - Output directory already exists: C:/Users/MikeM/OneDrive/Desktop/New folder (2)\output
2024-11-10 11:38:29 - tabs.audio_tab - INFO - Audio saved to: C:/Users/MikeM/OneDrive/Desktop/New folder (2)\output\68 - SAVEJ, Liquid Bloom, Gracia Maria - Cielo Aya (feat. Gracia Maria)_192kbps.mp3
2024-11-10 11:38:29 - tabs.audio_tab - INFO - Processing audio file: C:/Users/MikeM/OneDrive/Desktop/New folder (2)/69 - Merkaba - Deep Waters.flac
2024-11-10 11:38:29 - utils.helpers - DEBUG - Output directory already exists: C:/Users/MikeM/OneDrive/Desktop/New folder (2)\output
2024-11-10 11:38:34 - tabs.audio_tab - INFO - Audio saved to: C:/Users/MikeM/OneDrive/Desktop/New folder (2)\output\69 - Merkaba - Deep Waters_192kbps.mp3
2024-11-10 11:38:34 - tabs.audio_tab - INFO - Processing audio file: C:/Users/MikeM/OneDrive/Desktop/New folder (2)/70 - Spacetime Continuum - Pressure.flac
2024-11-10 11:38:34 - utils.helpers - DEBUG - Output directory already exists: C:/Users/MikeM/OneDrive/Desktop/New folder (2)\output
2024-11-10 11:38:40 - tabs.audio_tab - INFO - Audio saved to: C:/Users/MikeM/OneDrive/Desktop/New folder (2)\output\70 - Spacetime Continuum - Pressure_192kbps.mp3
2024-11-10 11:38:40 - tabs.audio_tab - INFO - Processing audio file: C:/Users/MikeM/OneDrive/Desktop/New folder (2)/71 - Shpongle - Divine Moments of Truth (2017 Remaster).flac
2024-11-10 11:38:40 - utils.helpers - DEBUG - Output directory already exists: C:/Users/MikeM/OneDrive/Desktop/New folder (2)\output
2024-11-10 11:38:45 - tabs.audio_tab - INFO - Audio saved to: C:/Users/MikeM/OneDrive/Desktop/New folder (2)\output\71 - Shpongle - Divine Moments of Truth (2017 Remaster)_192kbps.mp3
2024-11-10 11:38:45 - tabs.audio_tab - INFO - Processing audio file: C:/Users/MikeM/OneDrive/Desktop/New folder (2)/72 - Soulacybin - Hot Stinky.flac
2024-11-10 11:38:45 - utils.helpers - DEBUG - Output directory already exists: C:/Users/MikeM/OneDrive/Desktop/New folder (2)\output
2024-11-10 11:38:49 - tabs.audio_tab - INFO - Audio saved to: C:/Users/MikeM/OneDrive/Desktop/New folder (2)\output\72 - Soulacybin - Hot Stinky_192kbps.mp3
2024-11-10 11:38:49 - tabs.audio_tab - INFO - Processing audio file: C:/Users/MikeM/OneDrive/Desktop/New folder (2)/73 - Hedflux - Breaking Through.flac
2024-11-10 11:38:49 - utils.helpers - DEBUG - Output directory already exists: C:/Users/MikeM/OneDrive/Desktop/New folder (2)\output
2024-11-10 11:38:53 - tabs.audio_tab - INFO - Audio saved to: C:/Users/MikeM/OneDrive/Desktop/New folder (2)\output\73 - Hedflux - Breaking Through_192kbps.mp3
2024-11-10 11:38:53 - tabs.audio_tab - INFO - Processing audio file: C:/Users/MikeM/OneDrive/Desktop/New folder (2)/74 - Poranguí - Sueños de la Selva (ATYYA Remix).flac
2024-11-10 11:38:53 - utils.helpers - DEBUG - Output directory already exists: C:/Users/MikeM/OneDrive/Desktop/New folder (2)\output
2024-11-10 11:38:56 - tabs.audio_tab - INFO - Audio saved to: C:/Users/MikeM/OneDrive/Desktop/New folder (2)\output\74 - Poranguí - Sueños de la Selva (ATYYA Remix)_192kbps.mp3
2024-11-10 11:38:56 - tabs.audio_tab - INFO - Finished processing dropped audio files.
2024-11-11 22:19:33 - utils.logging_config - INFO - Logging setup complete.
2024-11-11 22:19:33 - tabs.audio_tab - INFO - Setting up Audio tab.
2024-11-11 22:19:33 - tabs.audio_tab - INFO - Audio tab setup complete.
2024-11-11 22:19:33 - tabs.image_tab - INFO - Setting up Image tab.
2024-11-11 22:19:33 - tabs.image_tab - INFO - Image tab setup complete.
2024-11-11 22:19:33 - tabs.text_tab - INFO - Setting up Text tab.
2024-11-11 22:19:33 - tabs.text_tab - INFO - Text tab setup complete.
2024-11-11 22:19:33 - tabs.video_tab - INFO - Setting up Video tab.
2024-11-11 22:19:33 - tabs.video_tab - INFO - Video tab setup complete.
2024-11-11 23:21:48 - utils.logging_config - INFO - Logging setup complete.
2024-11-11 23:21:48 - tabs.audio_tab - INFO - Setting up Audio tab.
2024-11-11 23:21:48 - tabs.audio_tab - INFO - Audio tab setup complete.
2024-11-11 23:21:48 - tabs.image_tab - INFO - Setting up Image tab.
2024-11-11 23:21:48 - tabs.image_tab - INFO - Image tab setup complete.
2024-11-11 23:21:48 - tabs.text_tab - INFO - Setting up Text tab.
2024-11-11 23:21:48 - tabs.text_tab - INFO - Text tab setup complete.
2024-11-11 23:21:48 - tabs.video_tab - INFO - Setting up Video tab.
2024-11-11 23:21:48 - tabs.video_tab - INFO - Video tab setup complete.
2024-11-11 23:25:03 - utils.logging_config - INFO - Logging setup complete.
2024-11-11 23:25:04 - tabs.audio_tab - INFO - Setting up Audio tab.
2024-11-11 23:25:04 - tabs.audio_tab - INFO - Audio tab setup complete.
2024-11-11 23:25:04 - tabs.image_tab - INFO - Setting up Image tab.
2024-11-11 23:25:04 - tabs.image_tab - INFO - Image tab setup complete.
2024-11-11 23:25:04 - tabs.text_tab - INFO - Setting up Text tab.
2024-11-11 23:25:04 - tabs.text_tab - INFO - Text tab setup complete.
2024-11-11 23:25:04 - tabs.video_tab - INFO - Setting up Video tab.
2024-11-11 23:25:04 - tabs.video_tab - INFO - Video tab setup complete.
2024-11-11 23:31:02 - utils.logging_config - INFO - Logging setup complete.
2024-11-11 23:31:02 - tabs.audio_tab - INFO - Setting up Audio tab.
2024-11-11 23:31:02 - tabs.audio_tab - INFO - Audio tab setup complete.
2024-11-11 23:31:02 - tabs.image_tab - INFO - Setting up Image tab.
2024-11-11 23:31:02 - tabs.image_tab - INFO - Image tab setup complete.
2024-11-11 23:31:02 - tabs.text_tab - INFO - Setting up Text tab.
2024-11-11 23:31:02 - tabs.text_tab - INFO - Text tab setup complete.
2024-11-11 23:31:02 - tabs.video_tab - INFO - Setting up Video tab.
2024-11-11 23:31:02 - tabs.video_tab - INFO - Video tab setup complete.
2024-11-11 23:31:16 - utils.logging_config - INFO - Logging setup complete.
2024-11-11 23:31:16 - tabs.audio_tab - INFO - Setting up Audio tab.
2024-11-11 23:31:16 - tabs.audio_tab - INFO - Audio tab setup complete.
2024-11-11 23:31:16 - tabs.image_tab - INFO - Setting up Image tab.
2024-11-11 23:31:16 - tabs.image_tab - INFO - Image tab setup complete.
2024-11-11 23:31:16 - tabs.text_tab - INFO - Setting up Text tab.
2024-11-11 23:31:16 - tabs.text_tab - INFO - Text tab setup complete.
2024-11-11 23:31:16 - tabs.video_tab - INFO - Setting up Video tab.
2024-11-11 23:31:16 - tabs.video_tab - INFO - Video tab setup complete.
2024-11-11 23:46:35 - utils.logging_config - INFO - Logging setup complete.
2024-11-11 23:46:35 - tabs.audio_tab - INFO - Setting up Audio tab.
2024-11-11 23:46:35 - tabs.audio_tab - INFO - Audio tab setup complete.
2024-11-11 23:46:35 - tabs.image_tab - INFO - Setting up Image tab.
2024-11-11 23:46:35 - tabs.image_tab - INFO - Image tab setup complete.
2024-11-11 23:46:35 - tabs.text_tab - INFO - Setting up Text tab.
2024-11-11 23:46:35 - tabs.text_tab - INFO - Text tab setup complete.
2024-11-11 23:46:35 - tabs.video_tab - INFO - Setting up Video tab.
2024-11-11 23:46:35 - tabs.video_tab - INFO - Video tab setup complete.
2024-11-11 23:48:10 - utils.logging_config - INFO - Logging setup complete.
2024-11-11 23:48:10 - tabs.audio_tab - INFO - Setting up Audio tab.
2024-11-11 23:48:10 - tabs.audio_tab - INFO - Audio tab setup complete.
2024-11-11 23:48:10 - tabs.image_tab - INFO - Setting up Image tab.
2024-11-11 23:48:10 - tabs.image_tab - INFO - Image tab setup complete.
2024-11-11 23:48:10 - tabs.text_tab - INFO - Setting up Text tab.
2024-11-11 23:48:10 - tabs.text_tab - INFO - Text tab setup complete.
2024-11-11 23:48:10 - tabs.video_tab - INFO - Setting up Video tab.
2024-11-11 23:48:10 - tabs.video_tab - INFO - Video tab setup complete.
2024-11-11 23:51:15 - utils.logging_config - INFO - Logging setup complete.
2024-11-11 23:51:15 - tabs.audio_tab - INFO - Setting up Audio tab.
2024-11-11 23:51:15 - tabs.audio_tab - INFO - Audio tab setup complete.
2024-11-11 23:51:15 - tabs.image_tab - INFO - Setting up Image tab.
2024-11-11 23:51:15 - tabs.image_tab - INFO - Image tab setup complete.
2024-11-11 23:51:15 - tabs.text_tab - INFO - Setting up Text tab.
2024-11-11 23:51:15 - tabs.text_tab - INFO - Text tab setup complete.
2024-11-11 23:51:15 - tabs.video_tab - INFO - Setting up Video tab.
2024-11-11 23:51:15 - tabs.video_tab - INFO - Video tab setup complete.
2024-11-11 23:51:21 - utils.logging_config - INFO - Logging setup complete.
2024-11-11 23:51:21 - tabs.audio_tab - INFO - Setting up Audio tab.
2024-11-11 23:51:21 - tabs.audio_tab - INFO - Audio tab setup complete.
2024-11-11 23:51:21 - tabs.image_tab - INFO - Setting up Image tab.
2024-11-11 23:51:21 - tabs.image_tab - INFO - Image tab setup complete.
2024-11-11 23:51:21 - tabs.text_tab - INFO - Setting up Text tab.
2024-11-11 23:51:21 - tabs.text_tab - INFO - Text tab setup complete.
2024-11-11 23:51:21 - tabs.video_tab - INFO - Setting up Video tab.
2024-11-11 23:51:21 - tabs.video_tab - INFO - Video tab setup complete.
2024-11-15 17:29:26 - utils.logging_config - INFO - Logging setup complete.
2024-11-15 17:29:27 - tabs.audio_tab - INFO - Setting up Audio tab.
2024-11-15 17:29:27 - tabs.audio_tab - INFO - Audio tab setup complete.
2024-11-15 17:29:27 - tabs.image_tab - INFO - Setting up Image tab.
2024-11-15 17:29:27 - tabs.image_tab - INFO - Image tab setup complete.
2024-11-15 17:29:27 - tabs.text_tab - INFO - Setting up Text tab.
2024-11-15 17:29:27 - tabs.text_tab - INFO - Text tab setup complete.
2024-11-15 17:29:27 - tabs.video_tab - INFO - Setting up Video tab.
2024-11-15 17:29:27 - tabs.video_tab - INFO - Video tab setup complete.
2024-11-15 17:29:37 - tabs.video_tab - INFO - Handling dropped video files.
2024-11-15 17:29:38 - tabs.video_tab - WARNING - No valid video files found during drop event.
2024-11-22 06:56:43 - utils.logging_config - INFO - Logging setup complete.
2024-11-22 06:56:43 - tabs.audio_tab - INFO - Setting up Audio tab.
2024-11-22 06:56:43 - tabs.audio_tab - INFO - Audio tab setup complete.
2024-11-22 06:56:43 - tabs.image_tab - INFO - Setting up Image tab.
2024-11-22 06:56:43 - tabs.image_tab - INFO - Image tab setup complete.
2024-11-22 06:56:43 - tabs.text_tab - INFO - Setting up Text tab.
2024-11-22 06:56:43 - tabs.text_tab - INFO - Text tab setup complete.
2024-11-22 06:56:43 - tabs.video_tab - INFO - Setting up Video tab.
2024-11-22 06:56:43 - tabs.video_tab - INFO - Video tab setup complete.
2024-11-22 06:56:54 - tabs.audio_tab - INFO - Handling dropped audio files.
2024-11-22 06:56:54 - tabs.audio_tab - INFO - Starting processing for dropped files: ['C:/Users/MikeM/Asylum/02-Mortl/Music/Memory Lapse.flac', 'C:/Users/MikeM/Asylum/02-Mortl/Music/Hypnotoad.flac']
2024-11-22 06:56:54 - tabs.audio_tab - INFO - Processing dropped audio files.
2024-11-22 06:56:54 - tabs.audio_tab - INFO - Processing audio file: C:/Users/MikeM/Asylum/02-Mortl/Music/Memory Lapse.flac
2024-11-22 06:56:54 - utils.helpers - INFO - Created output directory: C:/Users/MikeM/Asylum/02-Mortl/Music\output
2024-11-22 06:57:02 - tabs.audio_tab - INFO - Audio saved to: C:/Users/MikeM/Asylum/02-Mortl/Music\output\Memory Lapse_192kbps.mp3
2024-11-22 06:57:02 - tabs.audio_tab - INFO - Processing audio file: C:/Users/MikeM/Asylum/02-Mortl/Music/Hypnotoad.flac
2024-11-22 06:57:02 - utils.helpers - DEBUG - Output directory already exists: C:/Users/MikeM/Asylum/02-Mortl/Music\output
2024-11-22 06:57:07 - tabs.audio_tab - INFO - Audio saved to: C:/Users/MikeM/Asylum/02-Mortl/Music\output\Hypnotoad_192kbps.mp3
2024-11-22 06:57:07 - tabs.audio_tab - INFO - Finished processing dropped audio files.
2024-12-05 15:27:02 - utils.logging_config - INFO - Logging setup complete.
2024-12-05 15:27:02 - tabs.audio_tab - INFO - Setting up Audio tab.
2024-12-05 15:27:02 - tabs.audio_tab - INFO - Audio tab setup complete.
2024-12-05 15:27:02 - tabs.image_tab - INFO - Setting up Image tab.
2024-12-05 15:27:02 - tabs.image_tab - INFO - Image tab setup complete.
2024-12-05 15:27:02 - tabs.text_tab - INFO - Setting up Text tab.
2024-12-05 15:27:02 - tabs.text_tab - INFO - Text tab setup complete.
2024-12-05 15:27:02 - tabs.video_tab - INFO - Setting up Video tab.
2024-12-05 15:27:02 - tabs.video_tab - INFO - Video tab setup complete.
2024-12-05 15:27:16 - tabs.audio_tab - INFO - Handling dropped audio files.
2024-12-05 15:27:16 - tabs.audio_tab - INFO - Starting processing for dropped files: ['//NAS8A1C79/Media/Audio/Music/Fashwave/Zyklon Don/Brick in your face.mp3', "//NAS8A1C79/Media/Audio/Music/Fashwave/Zyklon Don/Commiefornia's Done (Tupac - California Love Parody).mp3", '//NAS8A1C79/Media/Audio/Music/Fashwave/Zyklon Don/Fascist Flow (Lil Dicky - Jewish Flow Parody) V2(2).m4a', '//NAS8A1C79/Media/Audio/Music/Fashwave/Zyklon Don/Heeb (50 Cent - Heat Parody) v2.flac', '//NAS8A1C79/Media/Audio/Music/Fashwave/Zyklon Don/Hood Nigga.mp3', '//NAS8A1C79/Media/Audio/Music/Fashwave/Zyklon Don/Hood Reich (Pink Guy - Hood Rich Parody) v2.m4a', '//NAS8A1C79/Media/Audio/Music/Fashwave/Zyklon Don/I Dont Like.mp3', '//NAS8A1C79/Media/Audio/Music/Fashwave/Zyklon Don/In Ovens (Kanye West ft. Lil Pump - I Love It Parody) v2.flac', '//NAS8A1C79/Media/Audio/Music/Fashwave/Zyklon Don/Kikebusters (Ray Parker Jr - Ghostbusters\xa0Parody).mp3', '//NAS8A1C79/Media/Audio/Music/Fashwave/Zyklon Don/Kikes (Whodini - Friends Parody).mp3', '//NAS8A1C79/Media/Audio/Music/Fashwave/Zyklon Don/No Feds.m4a', '//NAS8A1C79/Media/Audio/Music/Fashwave/Zyklon Don/Shrieky Tales (Full Version) (Too $hort - Freaky Tales Parody).m4a', '//NAS8A1C79/Media/Audio/Music/Fashwave/Zyklon Don/Stomp It Like Its Hot (HH50 Mix) v2.flac', '//NAS8A1C79/Media/Audio/Music/Fashwave/Zyklon Don/White Chalk.mp3', "//NAS8A1C79/Media/Audio/Music/Fashwave/Zyklon Don/Whitening (Clipse - Grindin' Parody).mp3", '//NAS8A1C79/Media/Audio/Music/Fashwave/Zyklon Don/Who Gassed Ya.m4a']
2024-12-05 15:27:16 - tabs.audio_tab - INFO - Processing dropped audio files.
2024-12-05 15:27:16 - tabs.audio_tab - INFO - Processing audio file: //NAS8A1C79/Media/Audio/Music/Fashwave/Zyklon Don/Brick in your face.mp3
2024-12-05 15:27:16 - utils.helpers - INFO - Created output directory: //NAS8A1C79/Media/Audio/Music/Fashwave/Zyklon Don\output
2024-12-05 15:27:18 - tabs.audio_tab - INFO - Audio saved to: //NAS8A1C79/Media/Audio/Music/Fashwave/Zyklon Don\output\Brick in your face_192kbps.mp3
2024-12-05 15:27:18 - tabs.audio_tab - INFO - Processing audio file: //NAS8A1C79/Media/Audio/Music/Fashwave/Zyklon Don/Commiefornia's Done (Tupac - California Love Parody).mp3
2024-12-05 15:27:18 - utils.helpers - DEBUG - Output directory already exists: //NAS8A1C79/Media/Audio/Music/Fashwave/Zyklon Don\output
2024-12-05 15:27:21 - tabs.audio_tab - INFO - Audio saved to: //NAS8A1C79/Media/Audio/Music/Fashwave/Zyklon Don\output\Commiefornia's Done (Tupac - California Love Parody)_192kbps.mp3
2024-12-05 15:27:21 - tabs.audio_tab - INFO - Processing audio file: //NAS8A1C79/Media/Audio/Music/Fashwave/Zyklon Don/Fascist Flow (Lil Dicky - Jewish Flow Parody) V2(2).m4a
2024-12-05 15:27:21 - utils.helpers - DEBUG - Output directory already exists: //NAS8A1C79/Media/Audio/Music/Fashwave/Zyklon Don\output
2024-12-05 15:27:23 - tabs.audio_tab - INFO - Audio saved to: //NAS8A1C79/Media/Audio/Music/Fashwave/Zyklon Don\output\Fascist Flow (Lil Dicky - Jewish Flow Parody) V2(2)_192kbps.mp3
2024-12-05 15:27:23 - tabs.audio_tab - INFO - Processing audio file: //NAS8A1C79/Media/Audio/Music/Fashwave/Zyklon Don/Heeb (50 Cent - Heat Parody) v2.flac
2024-12-05 15:27:23 - utils.helpers - DEBUG - Output directory already exists: //NAS8A1C79/Media/Audio/Music/Fashwave/Zyklon Don\output
2024-12-05 15:27:26 - tabs.audio_tab - INFO - Audio saved to: //NAS8A1C79/Media/Audio/Music/Fashwave/Zyklon Don\output\Heeb (50 Cent - Heat Parody) v2_192kbps.mp3
2024-12-05 15:27:26 - tabs.audio_tab - INFO - Processing audio file: //NAS8A1C79/Media/Audio/Music/Fashwave/Zyklon Don/Hood Nigga.mp3
2024-12-05 15:27:26 - utils.helpers - DEBUG - Output directory already exists: //NAS8A1C79/Media/Audio/Music/Fashwave/Zyklon Don\output
2024-12-05 15:27:28 - tabs.audio_tab - INFO - Audio saved to: //NAS8A1C79/Media/Audio/Music/Fashwave/Zyklon Don\output\Hood Nigga_192kbps.mp3
2024-12-05 15:27:28 - tabs.audio_tab - INFO - Processing audio file: //NAS8A1C79/Media/Audio/Music/Fashwave/Zyklon Don/Hood Reich (Pink Guy - Hood Rich Parody) v2.m4a
2024-12-05 15:27:28 - utils.helpers - DEBUG - Output directory already exists: //NAS8A1C79/Media/Audio/Music/Fashwave/Zyklon Don\output
2024-12-05 15:27:29 - tabs.audio_tab - INFO - Audio saved to: //NAS8A1C79/Media/Audio/Music/Fashwave/Zyklon Don\output\Hood Reich (Pink Guy - Hood Rich Parody) v2_192kbps.mp3
2024-12-05 15:27:29 - tabs.audio_tab - INFO - Processing audio file: //NAS8A1C79/Media/Audio/Music/Fashwave/Zyklon Don/I Dont Like.mp3
2024-12-05 15:27:29 - utils.helpers - DEBUG - Output directory already exists: //NAS8A1C79/Media/Audio/Music/Fashwave/Zyklon Don\output
2024-12-05 15:27:32 - tabs.audio_tab - INFO - Audio saved to: //NAS8A1C79/Media/Audio/Music/Fashwave/Zyklon Don\output\I Dont Like_192kbps.mp3
2024-12-05 15:27:32 - tabs.audio_tab - INFO - Processing audio file: //NAS8A1C79/Media/Audio/Music/Fashwave/Zyklon Don/In Ovens (Kanye West ft. Lil Pump - I Love It Parody) v2.flac
2024-12-05 15:27:32 - utils.helpers - DEBUG - Output directory already exists: //NAS8A1C79/Media/Audio/Music/Fashwave/Zyklon Don\output
2024-12-05 15:27:33 - tabs.audio_tab - INFO - Audio saved to: //NAS8A1C79/Media/Audio/Music/Fashwave/Zyklon Don\output\In Ovens (Kanye West ft. Lil Pump - I Love It Parody) v2_192kbps.mp3
2024-12-05 15:27:33 - tabs.audio_tab - INFO - Processing audio file: //NAS8A1C79/Media/Audio/Music/Fashwave/Zyklon Don/Kikebusters (Ray Parker Jr - Ghostbusters Parody).mp3
2024-12-05 15:27:33 - utils.helpers - DEBUG - Output directory already exists: //NAS8A1C79/Media/Audio/Music/Fashwave/Zyklon Don\output
2024-12-05 15:27:36 - tabs.audio_tab - INFO - Audio saved to: //NAS8A1C79/Media/Audio/Music/Fashwave/Zyklon Don\output\Kikebusters (Ray Parker Jr - Ghostbusters Parody)_192kbps.mp3
2024-12-05 15:27:36 - tabs.audio_tab - INFO - Processing audio file: //NAS8A1C79/Media/Audio/Music/Fashwave/Zyklon Don/Kikes (Whodini - Friends Parody).mp3
2024-12-05 15:27:36 - utils.helpers - DEBUG - Output directory already exists: //NAS8A1C79/Media/Audio/Music/Fashwave/Zyklon Don\output
2024-12-05 15:27:39 - tabs.audio_tab - INFO - Audio saved to: //NAS8A1C79/Media/Audio/Music/Fashwave/Zyklon Don\output\Kikes (Whodini - Friends Parody)_192kbps.mp3
2024-12-05 15:27:39 - tabs.audio_tab - INFO - Processing audio file: //NAS8A1C79/Media/Audio/Music/Fashwave/Zyklon Don/No Feds.m4a
2024-12-05 15:27:39 - utils.helpers - DEBUG - Output directory already exists: //NAS8A1C79/Media/Audio/Music/Fashwave/Zyklon Don\output
2024-12-05 15:27:40 - tabs.audio_tab - INFO - Audio saved to: //NAS8A1C79/Media/Audio/Music/Fashwave/Zyklon Don\output\No Feds_192kbps.mp3
2024-12-05 15:27:40 - tabs.audio_tab - INFO - Processing audio file: //NAS8A1C79/Media/Audio/Music/Fashwave/Zyklon Don/Shrieky Tales (Full Version) (Too $hort - Freaky Tales Parody).m4a
2024-12-05 15:27:40 - utils.helpers - DEBUG - Output directory already exists: //NAS8A1C79/Media/Audio/Music/Fashwave/Zyklon Don\output
2024-12-05 15:27:46 - tabs.audio_tab - INFO - Audio saved to: //NAS8A1C79/Media/Audio/Music/Fashwave/Zyklon Don\output\Shrieky Tales (Full Version) (Too $hort - Freaky Tales Parody)_192kbps.mp3
2024-12-05 15:27:46 - tabs.audio_tab - INFO - Processing audio file: //NAS8A1C79/Media/Audio/Music/Fashwave/Zyklon Don/Stomp It Like Its Hot (HH50 Mix) v2.flac
2024-12-05 15:27:46 - utils.helpers - DEBUG - Output directory already exists: //NAS8A1C79/Media/Audio/Music/Fashwave/Zyklon Don\output
2024-12-05 15:27:49 - tabs.audio_tab - INFO - Audio saved to: //NAS8A1C79/Media/Audio/Music/Fashwave/Zyklon Don\output\Stomp It Like Its Hot (HH50 Mix) v2_192kbps.mp3
2024-12-05 15:27:49 - tabs.audio_tab - INFO - Processing audio file: //NAS8A1C79/Media/Audio/Music/Fashwave/Zyklon Don/White Chalk.mp3
2024-12-05 15:27:49 - utils.helpers - DEBUG - Output directory already exists: //NAS8A1C79/Media/Audio/Music/Fashwave/Zyklon Don\output
2024-12-05 15:27:50 - tabs.audio_tab - INFO - Audio saved to: //NAS8A1C79/Media/Audio/Music/Fashwave/Zyklon Don\output\White Chalk_192kbps.mp3
2024-12-05 15:27:50 - tabs.audio_tab - INFO - Processing audio file: //NAS8A1C79/Media/Audio/Music/Fashwave/Zyklon Don/Whitening (Clipse - Grindin' Parody).mp3
2024-12-05 15:27:50 - utils.helpers - DEBUG - Output directory already exists: //NAS8A1C79/Media/Audio/Music/Fashwave/Zyklon Don\output
2024-12-05 15:27:53 - tabs.audio_tab - INFO - Audio saved to: //NAS8A1C79/Media/Audio/Music/Fashwave/Zyklon Don\output\Whitening (Clipse - Grindin' Parody)_192kbps.mp3
2024-12-05 15:27:53 - tabs.audio_tab - INFO - Processing audio file: //NAS8A1C79/Media/Audio/Music/Fashwave/Zyklon Don/Who Gassed Ya.m4a
2024-12-05 15:27:53 - utils.helpers - DEBUG - Output directory already exists: //NAS8A1C79/Media/Audio/Music/Fashwave/Zyklon Don\output
2024-12-05 15:27:56 - tabs.audio_tab - INFO - Audio saved to: //NAS8A1C79/Media/Audio/Music/Fashwave/Zyklon Don\output\Who Gassed Ya_192kbps.mp3
2024-12-05 15:27:56 - tabs.audio_tab - INFO - Finished processing dropped audio files.
2024-12-05 15:30:20 - tabs.audio_tab - INFO - Handling dropped audio files.
2024-12-05 15:30:20 - tabs.audio_tab - INFO - Starting processing for dropped files: ['//NAS8A1C79/Media/Audio/Music/Fashwave/Zyklon Don/Remaster/White Chalk.mp3']
2024-12-05 15:30:20 - tabs.audio_tab - INFO - Processing dropped audio files.
2024-12-05 15:30:20 - tabs.audio_tab - INFO - Processing audio file: //NAS8A1C79/Media/Audio/Music/Fashwave/Zyklon Don/Remaster/White Chalk.mp3
2024-12-05 15:30:20 - utils.helpers - INFO - Created output directory: //NAS8A1C79/Media/Audio/Music/Fashwave/Zyklon Don/Remaster\output
2024-12-05 15:30:22 - tabs.audio_tab - INFO - Audio saved to: //NAS8A1C79/Media/Audio/Music/Fashwave/Zyklon Don/Remaster\output\White Chalk_192kbps.mp3
2024-12-05 15:30:22 - tabs.audio_tab - INFO - Finished processing dropped audio files.
2024-12-05 15:32:09 - tabs.audio_tab - INFO - Handling dropped audio files.
2024-12-05 15:32:10 - tabs.audio_tab - INFO - Starting processing for dropped files: ['//NAS8A1C79/Media/Audio/Music/Fashwave/MrBond/Its So Hard.mp3', '//NAS8A1C79/Media/Audio/Music/Fashwave/MrBond/Jew Namin.mp3', '//NAS8A1C79/Media/Audio/Music/Fashwave/MrBond/Jew Survivor.mp3', '//NAS8A1C79/Media/Audio/Music/Fashwave/MrBond/Like A Diamond.mp3', '//NAS8A1C79/Media/Audio/Music/Fashwave/MrBond/LikeADiamond.mp3', '//NAS8A1C79/Media/Audio/Music/Fashwave/MrBond/Losing My White Privilege.mp3', '//NAS8A1C79/Media/Audio/Music/Fashwave/MrBond/Lost In The Echobergs.mp3', '//NAS8A1C79/Media/Audio/Music/Fashwave/MrBond/Mass Niggers.mp3', '//NAS8A1C79/Media/Audio/Music/Fashwave/MrBond/Meme Harder.mp3', '//NAS8A1C79/Media/Audio/Music/Fashwave/MrBond/My Gun & Waifu.mp3', '//NAS8A1C79/Media/Audio/Music/Fashwave/MrBond/My President Is Trump.mp3', '//NAS8A1C79/Media/Audio/Music/Fashwave/MrBond/Nazi Gang.mp3', '//NAS8A1C79/Media/Audio/Music/Fashwave/MrBond/Pop Some Fags.mp3', '//NAS8A1C79/Media/Audio/Music/Fashwave/MrBond/Power Level.mp3', '//NAS8A1C79/Media/Audio/Music/Fashwave/MrBond/Pure Zyklon.mp3', '//NAS8A1C79/Media/Audio/Music/Fashwave/MrBond/Race War.mp3', '//NAS8A1C79/Media/Audio/Music/Fashwave/MrBond/Salute Like a Nazi.mp3', '//NAS8A1C79/Media/Audio/Music/Fashwave/MrBond/Sanctuary.mp3', '//NAS8A1C79/Media/Audio/Music/Fashwave/MrBond/Shady Kike.mp3', '//NAS8A1C79/Media/Audio/Music/Fashwave/MrBond/Shekels In My Paywall.mp3', '//NAS8A1C79/Media/Audio/Music/Fashwave/MrBond/Shitskins & Heebs.mp3', '//NAS8A1C79/Media/Audio/Music/Fashwave/MrBond/Shlomo.mp3', '//NAS8A1C79/Media/Audio/Music/Fashwave/MrBond/Shootouts.mp3', '//NAS8A1C79/Media/Audio/Music/Fashwave/MrBond/Shyster.mp3', '//NAS8A1C79/Media/Audio/Music/Fashwave/MrBond/Sieg Heil.mp3', '//NAS8A1C79/Media/Audio/Music/Fashwave/MrBond/Smoke a Shlomo.mp3', '//NAS8A1C79/Media/Audio/Music/Fashwave/MrBond/Still White.mp3', '//NAS8A1C79/Media/Audio/Music/Fashwave/MrBond/Stormers are Forever.mp3', '//NAS8A1C79/Media/Audio/Music/Fashwave/MrBond/Supa Nazi.mp3', '//NAS8A1C79/Media/Audio/Music/Fashwave/MrBond/Take You There.mp3', '//NAS8A1C79/Media/Audio/Music/Fashwave/MrBond/Teenage Nazi.mp3', '//NAS8A1C79/Media/Audio/Music/Fashwave/MrBond/The Mosque Is On Fire.mp3', '//NAS8A1C79/Media/Audio/Music/Fashwave/MrBond/The O.g.s.mp3', '//NAS8A1C79/Media/Audio/Music/Fashwave/MrBond/These Juden.mp3', '//NAS8A1C79/Media/Audio/Music/Fashwave/MrBond/Used 2.mp3', '//NAS8A1C79/Media/Audio/Music/Fashwave/MrBond/We White Here.mp3', '//NAS8A1C79/Media/Audio/Music/Fashwave/MrBond/What Happened To That Goy.mp3', "//NAS8A1C79/Media/Audio/Music/Fashwave/MrBond/Where'd You Go.mp3", '//NAS8A1C79/Media/Audio/Music/Fashwave/MrBond/White America.mp3', '//NAS8A1C79/Media/Audio/Music/Fashwave/MrBond/White and I Luv It.mp3', '//NAS8A1C79/Media/Audio/Music/Fashwave/MrBond/Why We Pissed.mp3', '//NAS8A1C79/Media/Audio/Music/Fashwave/MrBond/Why.mp3', '//NAS8A1C79/Media/Audio/Music/Fashwave/MrBond/Wind Of Adolf.mp3', '//NAS8A1C79/Media/Audio/Music/Fashwave/MrBond/With Jews You Lose.mp3', "//NAS8A1C79/Media/Audio/Music/Fashwave/MrBond/You Can't Stop Me.mp3", '//NAS8A1C79/Media/Audio/Music/Fashwave/MrBond/Youth Of The Nation.mp3', '//NAS8A1C79/Media/Audio/Music/Fashwave/MrBond/88 Problems.mp3', '//NAS8A1C79/Media/Audio/Music/Fashwave/MrBond/500 Miles.mp3', '//NAS8A1C79/Media/Audio/Music/Fashwave/MrBond/1488.mp3', '//NAS8A1C79/Media/Audio/Music/Fashwave/MrBond/All White Paradise.mp3', '//NAS8A1C79/Media/Audio/Music/Fashwave/MrBond/Alles Genommen.mp3', '//NAS8A1C79/Media/Audio/Music/Fashwave/MrBond/Ashkenazi.mp3', '//NAS8A1C79/Media/Audio/Music/Fashwave/MrBond/Because I Sieg Heild.mp3', '//NAS8A1C79/Media/Audio/Music/Fashwave/MrBond/Blood & Soil.mp3', "//NAS8A1C79/Media/Audio/Music/Fashwave/MrBond/Can't Tell Me Nothing.mp3", '//NAS8A1C79/Media/Audio/Music/Fashwave/MrBond/Changes.mp3', '//NAS8A1C79/Media/Audio/Music/Fashwave/MrBond/Cleaning Out My Wallet.mp3', '//NAS8A1C79/Media/Audio/Music/Fashwave/MrBond/Concentration Camp.mp3', '//NAS8A1C79/Media/Audio/Music/Fashwave/MrBond/Cucked.mp3', '//NAS8A1C79/Media/Audio/Music/Fashwave/MrBond/Das Beste Volk Auf Dieser Welt.mp3', '//NAS8A1C79/Media/Audio/Music/Fashwave/MrBond/Dear Donald.mp3', '//NAS8A1C79/Media/Audio/Music/Fashwave/MrBond/Deliverance.mp3', '//NAS8A1C79/Media/Audio/Music/Fashwave/MrBond/Dildolech.mp3', "//NAS8A1C79/Media/Audio/Music/Fashwave/MrBond/Do Boers Know It's Christmas.mp3", '//NAS8A1C79/Media/Audio/Music/Fashwave/MrBond/Dont Like.mp3', '//NAS8A1C79/Media/Audio/Music/Fashwave/MrBond/Eminem Diss.mp3', '//NAS8A1C79/Media/Audio/Music/Fashwave/MrBond/Europe.mp3', '//NAS8A1C79/Media/Audio/Music/Fashwave/MrBond/Everything I Do I Do It For Jews.mp3', '//NAS8A1C79/Media/Audio/Music/Fashwave/MrBond/Fascist.mp3', '//NAS8A1C79/Media/Audio/Music/Fashwave/MrBond/Fashout.mp3', '//NAS8A1C79/Media/Audio/Music/Fashwave/MrBond/Fashy.mp3', '//NAS8A1C79/Media/Audio/Music/Fashwave/MrBond/Fuck The Police.mp3', "//NAS8A1C79/Media/Audio/Music/Fashwave/MrBond/Fuehrer's State of Mind.mp3", '//NAS8A1C79/Media/Audio/Music/Fashwave/MrBond/Get em Out.mp3', '//NAS8A1C79/Media/Audio/Music/Fashwave/MrBond/Good ol Nationalist.mp3', '//NAS8A1C79/Media/Audio/Music/Fashwave/MrBond/Goyz-N-Europe.mp3', '//NAS8A1C79/Media/Audio/Music/Fashwave/MrBond/Hans Landa.mp3', '//NAS8A1C79/Media/Audio/Music/Fashwave/MrBond/Hold Me Back.mp3', '//NAS8A1C79/Media/Audio/Music/Fashwave/MrBond/Hooknose.mp3', '//NAS8A1C79/Media/Audio/Music/Fashwave/MrBond/I Can.mp3', '//NAS8A1C79/Media/Audio/Music/Fashwave/MrBond/I Dont Wanna Know.mp3', '//NAS8A1C79/Media/Audio/Music/Fashwave/MrBond/I Mean It.mp3', '//NAS8A1C79/Media/Audio/Music/Fashwave/MrBond/If Whites Ruled The World.mp3', '//NAS8A1C79/Media/Audio/Music/Fashwave/MrBond/In the Oven Now.mp3']
2024-12-05 15:32:10 - tabs.audio_tab - INFO - Processing dropped audio files.
2024-12-05 15:32:10 - tabs.audio_tab - INFO - Processing audio file: //NAS8A1C79/Media/Audio/Music/Fashwave/MrBond/Its So Hard.mp3
2024-12-05 15:32:10 - utils.helpers - INFO - Created output directory: //NAS8A1C79/Media/Audio/Music/Fashwave/MrBond\output
2024-12-05 15:32:11 - tabs.audio_tab - INFO - Audio saved to: //NAS8A1C79/Media/Audio/Music/Fashwave/MrBond\output\Its So Hard_192kbps.mp3
2024-12-05 15:32:11 - tabs.audio_tab - INFO - Processing audio file: //NAS8A1C79/Media/Audio/Music/Fashwave/MrBond/Jew Namin.mp3
2024-12-05 15:32:11 - utils.helpers - DEBUG - Output directory already exists: //NAS8A1C79/Media/Audio/Music/Fashwave/MrBond\output
2024-12-05 15:32:14 - tabs.audio_tab - INFO - Audio saved to: //NAS8A1C79/Media/Audio/Music/Fashwave/MrBond\output\Jew Namin_192kbps.mp3
2024-12-05 15:32:14 - tabs.audio_tab - INFO - Processing audio file: //NAS8A1C79/Media/Audio/Music/Fashwave/MrBond/Jew Survivor.mp3
2024-12-05 15:32:14 - utils.helpers - DEBUG - Output directory already exists: //NAS8A1C79/Media/Audio/Music/Fashwave/MrBond\output
2024-12-05 15:32:16 - tabs.audio_tab - INFO - Audio saved to: //NAS8A1C79/Media/Audio/Music/Fashwave/MrBond\output\Jew Survivor_192kbps.mp3
2024-12-05 15:32:16 - tabs.audio_tab - INFO - Processing audio file: //NAS8A1C79/Media/Audio/Music/Fashwave/MrBond/Like A Diamond.mp3
2024-12-05 15:32:16 - utils.helpers - DEBUG - Output directory already exists: //NAS8A1C79/Media/Audio/Music/Fashwave/MrBond\output
2024-12-05 15:32:20 - tabs.audio_tab - INFO - Audio saved to: //NAS8A1C79/Media/Audio/Music/Fashwave/MrBond\output\Like A Diamond_192kbps.mp3
2024-12-05 15:32:20 - tabs.audio_tab - INFO - Processing audio file: //NAS8A1C79/Media/Audio/Music/Fashwave/MrBond/LikeADiamond.mp3
2024-12-05 15:32:20 - utils.helpers - DEBUG - Output directory already exists: //NAS8A1C79/Media/Audio/Music/Fashwave/MrBond\output
2024-12-05 15:32:22 - tabs.audio_tab - INFO - Audio saved to: //NAS8A1C79/Media/Audio/Music/Fashwave/MrBond\output\LikeADiamond_192kbps.mp3
2024-12-05 15:32:22 - tabs.audio_tab - INFO - Processing audio file: //NAS8A1C79/Media/Audio/Music/Fashwave/MrBond/Losing My White Privilege.mp3
2024-12-05 15:32:22 - utils.helpers - DEBUG - Output directory already exists: //NAS8A1C79/Media/Audio/Music/Fashwave/MrBond\output
2024-12-05 15:32:24 - tabs.audio_tab - INFO - Audio saved to: //NAS8A1C79/Media/Audio/Music/Fashwave/MrBond\output\Losing My White Privilege_192kbps.mp3
2024-12-05 15:32:24 - tabs.audio_tab - INFO - Processing audio file: //NAS8A1C79/Media/Audio/Music/Fashwave/MrBond/Lost In The Echobergs.mp3
2024-12-05 15:32:24 - utils.helpers - DEBUG - Output directory already exists: //NAS8A1C79/Media/Audio/Music/Fashwave/MrBond\output
2024-12-05 15:32:26 - tabs.audio_tab - INFO - Audio saved to: //NAS8A1C79/Media/Audio/Music/Fashwave/MrBond\output\Lost In The Echobergs_192kbps.mp3
2024-12-05 15:32:26 - tabs.audio_tab - INFO - Processing audio file: //NAS8A1C79/Media/Audio/Music/Fashwave/MrBond/Mass Niggers.mp3
2024-12-05 15:32:26 - utils.helpers - DEBUG - Output directory already exists: //NAS8A1C79/Media/Audio/Music/Fashwave/MrBond\output
2024-12-05 15:32:29 - tabs.audio_tab - INFO - Audio saved to: //NAS8A1C79/Media/Audio/Music/Fashwave/MrBond\output\Mass Niggers_192kbps.mp3
2024-12-05 15:32:29 - tabs.audio_tab - INFO - Processing audio file: //NAS8A1C79/Media/Audio/Music/Fashwave/MrBond/Meme Harder.mp3
2024-12-05 15:32:29 - utils.helpers - DEBUG - Output directory already exists: //NAS8A1C79/Media/Audio/Music/Fashwave/MrBond\output
2024-12-05 15:32:32 - tabs.audio_tab - INFO - Audio saved to: //NAS8A1C79/Media/Audio/Music/Fashwave/MrBond\output\Meme Harder_192kbps.mp3
2024-12-05 15:32:32 - tabs.audio_tab - INFO - Processing audio file: //NAS8A1C79/Media/Audio/Music/Fashwave/MrBond/My Gun & Waifu.mp3
2024-12-05 15:32:32 - utils.helpers - DEBUG - Output directory already exists: //NAS8A1C79/Media/Audio/Music/Fashwave/MrBond\output
2024-12-05 15:32:34 - tabs.audio_tab - INFO - Audio saved to: //NAS8A1C79/Media/Audio/Music/Fashwave/MrBond\output\My Gun & Waifu_192kbps.mp3
2024-12-05 15:32:34 - tabs.audio_tab - INFO - Processing audio file: //NAS8A1C79/Media/Audio/Music/Fashwave/MrBond/My President Is Trump.mp3
2024-12-05 15:32:34 - utils.helpers - DEBUG - Output directory already exists: //NAS8A1C79/Media/Audio/Music/Fashwave/MrBond\output
2024-12-05 15:32:37 - tabs.audio_tab - INFO - Audio saved to: //NAS8A1C79/Media/Audio/Music/Fashwave/MrBond\output\My President Is Trump_192kbps.mp3
2024-12-05 15:32:37 - tabs.audio_tab - INFO - Processing audio file: //NAS8A1C79/Media/Audio/Music/Fashwave/MrBond/Nazi Gang.mp3
2024-12-05 15:32:37 - utils.helpers - DEBUG - Output directory already exists: //NAS8A1C79/Media/Audio/Music/Fashwave/MrBond\output
2024-12-05 15:32:38 - tabs.audio_tab - INFO - Audio saved to: //NAS8A1C79/Media/Audio/Music/Fashwave/MrBond\output\Nazi Gang_192kbps.mp3
2024-12-05 15:32:38 - tabs.audio_tab - INFO - Processing audio file: //NAS8A1C79/Media/Audio/Music/Fashwave/MrBond/Pop Some Fags.mp3
2024-12-05 15:32:38 - utils.helpers - DEBUG - Output directory already exists: //NAS8A1C79/Media/Audio/Music/Fashwave/MrBond\output
2024-12-05 15:32:41 - tabs.audio_tab - INFO - Audio saved to: //NAS8A1C79/Media/Audio/Music/Fashwave/MrBond\output\Pop Some Fags_192kbps.mp3
2024-12-05 15:32:41 - tabs.audio_tab - INFO - Processing audio file: //NAS8A1C79/Media/Audio/Music/Fashwave/MrBond/Power Level.mp3
2024-12-05 15:32:41 - utils.helpers - DEBUG - Output directory already exists: //NAS8A1C79/Media/Audio/Music/Fashwave/MrBond\output
2024-12-05 15:32:44 - tabs.audio_tab - INFO - Audio saved to: //NAS8A1C79/Media/Audio/Music/Fashwave/MrBond\output\Power Level_192kbps.mp3
2024-12-05 15:32:44 - tabs.audio_tab - INFO - Processing audio file: //NAS8A1C79/Media/Audio/Music/Fashwave/MrBond/Pure Zyklon.mp3
2024-12-05 15:32:44 - utils.helpers - DEBUG - Output directory already exists: //NAS8A1C79/Media/Audio/Music/Fashwave/MrBond\output
2024-12-05 15:32:46 - tabs.audio_tab - INFO - Audio saved to: //NAS8A1C79/Media/Audio/Music/Fashwave/MrBond\output\Pure Zyklon_192kbps.mp3
2024-12-05 15:32:46 - tabs.audio_tab - INFO - Processing audio file: //NAS8A1C79/Media/Audio/Music/Fashwave/MrBond/Race War.mp3
2024-12-05 15:32:46 - utils.helpers - DEBUG - Output directory already exists: //NAS8A1C79/Media/Audio/Music/Fashwave/MrBond\output
2024-12-05 15:32:48 - tabs.audio_tab - INFO - Audio saved to: //NAS8A1C79/Media/Audio/Music/Fashwave/MrBond\output\Race War_192kbps.mp3
2024-12-05 15:32:48 - tabs.audio_tab - INFO - Processing audio file: //NAS8A1C79/Media/Audio/Music/Fashwave/MrBond/Salute Like a Nazi.mp3
2024-12-05 15:32:48 - utils.helpers - DEBUG - Output directory already exists: //NAS8A1C79/Media/Audio/Music/Fashwave/MrBond\output
2024-12-05 15:32:50 - tabs.audio_tab - INFO - Audio saved to: //NAS8A1C79/Media/Audio/Music/Fashwave/MrBond\output\Salute Like a Nazi_192kbps.mp3
2024-12-05 15:32:50 - tabs.audio_tab - INFO - Processing audio file: //NAS8A1C79/Media/Audio/Music/Fashwave/MrBond/Sanctuary.mp3
2024-12-05 15:32:50 - utils.helpers - DEBUG - Output directory already exists: //NAS8A1C79/Media/Audio/Music/Fashwave/MrBond\output
2024-12-05 15:32:53 - tabs.audio_tab - INFO - Audio saved to: //NAS8A1C79/Media/Audio/Music/Fashwave/MrBond\output\Sanctuary_192kbps.mp3
2024-12-05 15:32:53 - tabs.audio_tab - INFO - Processing audio file: //NAS8A1C79/Media/Audio/Music/Fashwave/MrBond/Shady Kike.mp3
2024-12-05 15:32:53 - utils.helpers - DEBUG - Output directory already exists: //NAS8A1C79/Media/Audio/Music/Fashwave/MrBond\output
2024-12-05 15:32:56 - tabs.audio_tab - INFO - Audio saved to: //NAS8A1C79/Media/Audio/Music/Fashwave/MrBond\output\Shady Kike_192kbps.mp3
2024-12-05 15:32:56 - tabs.audio_tab - INFO - Processing audio file: //NAS8A1C79/Media/Audio/Music/Fashwave/MrBond/Shekels In My Paywall.mp3
2024-12-05 15:32:56 - utils.helpers - DEBUG - Output directory already exists: //NAS8A1C79/Media/Audio/Music/Fashwave/MrBond\output
2024-12-05 15:32:58 - tabs.audio_tab - INFO - Audio saved to: //NAS8A1C79/Media/Audio/Music/Fashwave/MrBond\output\Shekels In My Paywall_192kbps.mp3
2024-12-05 15:32:58 - tabs.audio_tab - INFO - Processing audio file: //NAS8A1C79/Media/Audio/Music/Fashwave/MrBond/Shitskins & Heebs.mp3
2024-12-05 15:32:58 - utils.helpers - DEBUG - Output directory already exists: //NAS8A1C79/Media/Audio/Music/Fashwave/MrBond\output
2024-12-05 15:33:01 - tabs.audio_tab - INFO - Audio saved to: //NAS8A1C79/Media/Audio/Music/Fashwave/MrBond\output\Shitskins & Heebs_192kbps.mp3
2024-12-05 15:33:01 - tabs.audio_tab - INFO - Processing audio file: //NAS8A1C79/Media/Audio/Music/Fashwave/MrBond/Shlomo.mp3
2024-12-05 15:33:01 - utils.helpers - DEBUG - Output directory already exists: //NAS8A1C79/Media/Audio/Music/Fashwave/MrBond\output
2024-12-05 15:33:03 - tabs.audio_tab - INFO - Audio saved to: //NAS8A1C79/Media/Audio/Music/Fashwave/MrBond\output\Shlomo_192kbps.mp3
2024-12-05 15:33:03 - tabs.audio_tab - INFO - Processing audio file: //NAS8A1C79/Media/Audio/Music/Fashwave/MrBond/Shootouts.mp3
2024-12-05 15:33:03 - utils.helpers - DEBUG - Output directory already exists: //NAS8A1C79/Media/Audio/Music/Fashwave/MrBond\output
2024-12-05 15:33:06 - tabs.audio_tab - INFO - Audio saved to: //NAS8A1C79/Media/Audio/Music/Fashwave/MrBond\output\Shootouts_192kbps.mp3
2024-12-05 15:33:06 - tabs.audio_tab - INFO - Processing audio file: //NAS8A1C79/Media/Audio/Music/Fashwave/MrBond/Shyster.mp3
2024-12-05 15:33:06 - utils.helpers - DEBUG - Output directory already exists: //NAS8A1C79/Media/Audio/Music/Fashwave/MrBond\output
2024-12-05 15:33:08 - tabs.audio_tab - INFO - Audio saved to: //NAS8A1C79/Media/Audio/Music/Fashwave/MrBond\output\Shyster_192kbps.mp3
2024-12-05 15:33:08 - tabs.audio_tab - INFO - Processing audio file: //NAS8A1C79/Media/Audio/Music/Fashwave/MrBond/Sieg Heil.mp3
2024-12-05 15:33:08 - utils.helpers - DEBUG - Output directory already exists: //NAS8A1C79/Media/Audio/Music/Fashwave/MrBond\output
2024-12-05 15:33:10 - tabs.audio_tab - INFO - Audio saved to: //NAS8A1C79/Media/Audio/Music/Fashwave/MrBond\output\Sieg Heil_192kbps.mp3
2024-12-05 15:33:10 - tabs.audio_tab - INFO - Processing audio file: //NAS8A1C79/Media/Audio/Music/Fashwave/MrBond/Smoke a Shlomo.mp3
2024-12-05 15:33:10 - utils.helpers - DEBUG - Output directory already exists: //NAS8A1C79/Media/Audio/Music/Fashwave/MrBond\output
2024-12-05 15:33:13 - tabs.audio_tab - INFO - Audio saved to: //NAS8A1C79/Media/Audio/Music/Fashwave/MrBond\output\Smoke a Shlomo_192kbps.mp3
2024-12-05 15:33:13 - tabs.audio_tab - INFO - Processing audio file: //NAS8A1C79/Media/Audio/Music/Fashwave/MrBond/Still White.mp3
2024-12-05 15:33:13 - utils.helpers - DEBUG - Output directory already exists: //NAS8A1C79/Media/Audio/Music/Fashwave/MrBond\output
2024-12-05 15:33:15 - tabs.audio_tab - INFO - Audio saved to: //NAS8A1C79/Media/Audio/Music/Fashwave/MrBond\output\Still White_192kbps.mp3
2024-12-05 15:33:15 - tabs.audio_tab - INFO - Processing audio file: //NAS8A1C79/Media/Audio/Music/Fashwave/MrBond/Stormers are Forever.mp3
2024-12-05 15:33:15 - utils.helpers - DEBUG - Output directory already exists: //NAS8A1C79/Media/Audio/Music/Fashwave/MrBond\output
2024-12-05 15:33:18 - tabs.audio_tab - INFO - Audio saved to: //NAS8A1C79/Media/Audio/Music/Fashwave/MrBond\output\Stormers are Forever_192kbps.mp3
2024-12-05 15:33:18 - tabs.audio_tab - INFO - Processing audio file: //NAS8A1C79/Media/Audio/Music/Fashwave/MrBond/Supa Nazi.mp3
2024-12-05 15:33:18 - utils.helpers - DEBUG - Output directory already exists: //NAS8A1C79/Media/Audio/Music/Fashwave/MrBond\output
2024-12-05 15:33:21 - tabs.audio_tab - INFO - Audio saved to: //NAS8A1C79/Media/Audio/Music/Fashwave/MrBond\output\Supa Nazi_192kbps.mp3
2024-12-05 15:33:21 - tabs.audio_tab - INFO - Processing audio file: //NAS8A1C79/Media/Audio/Music/Fashwave/MrBond/Take You There.mp3
2024-12-05 15:33:21 - utils.helpers - DEBUG - Output directory already exists: //NAS8A1C79/Media/Audio/Music/Fashwave/MrBond\output
2024-12-05 15:33:23 - tabs.audio_tab - INFO - Audio saved to: //NAS8A1C79/Media/Audio/Music/Fashwave/MrBond\output\Take You There_192kbps.mp3
2024-12-05 15:33:23 - tabs.audio_tab - INFO - Processing audio file: //NAS8A1C79/Media/Audio/Music/Fashwave/MrBond/Teenage Nazi.mp3
2024-12-05 15:33:23 - utils.helpers - DEBUG - Output directory already exists: //NAS8A1C79/Media/Audio/Music/Fashwave/MrBond\output
2024-12-05 15:33:26 - tabs.audio_tab - INFO - Audio saved to: //NAS8A1C79/Media/Audio/Music/Fashwave/MrBond\output\Teenage Nazi_192kbps.mp3
2024-12-05 15:33:26 - tabs.audio_tab - INFO - Processing audio file: //NAS8A1C79/Media/Audio/Music/Fashwave/MrBond/The Mosque Is On Fire.mp3
2024-12-05 15:33:26 - utils.helpers - DEBUG - Output directory already exists: //NAS8A1C79/Media/Audio/Music/Fashwave/MrBond\output
2024-12-05 15:33:29 - tabs.audio_tab - INFO - Audio saved to: //NAS8A1C79/Media/Audio/Music/Fashwave/MrBond\output\The Mosque Is On Fire_192kbps.mp3
2024-12-05 15:33:29 - tabs.audio_tab - INFO - Processing audio file: //NAS8A1C79/Media/Audio/Music/Fashwave/MrBond/The O.g.s.mp3
2024-12-05 15:33:29 - utils.helpers - DEBUG - Output directory already exists: //NAS8A1C79/Media/Audio/Music/Fashwave/MrBond\output
2024-12-05 15:33:32 - tabs.audio_tab - INFO - Audio saved to: //NAS8A1C79/Media/Audio/Music/Fashwave/MrBond\output\The O.g.s_192kbps.mp3
2024-12-05 15:33:32 - tabs.audio_tab - INFO - Processing audio file: //NAS8A1C79/Media/Audio/Music/Fashwave/MrBond/These Juden.mp3
2024-12-05 15:33:32 - utils.helpers - DEBUG - Output directory already exists: //NAS8A1C79/Media/Audio/Music/Fashwave/MrBond\output
2024-12-05 15:33:33 - tabs.audio_tab - INFO - Audio saved to: //NAS8A1C79/Media/Audio/Music/Fashwave/MrBond\output\These Juden_192kbps.mp3
2024-12-05 15:33:33 - tabs.audio_tab - INFO - Processing audio file: //NAS8A1C79/Media/Audio/Music/Fashwave/MrBond/Used 2.mp3
2024-12-05 15:33:33 - utils.helpers - DEBUG - Output directory already exists: //NAS8A1C79/Media/Audio/Music/Fashwave/MrBond\output
2024-12-05 15:33:36 - tabs.audio_tab - INFO - Audio saved to: //NAS8A1C79/Media/Audio/Music/Fashwave/MrBond\output\Used 2_192kbps.mp3
2024-12-05 15:33:36 - tabs.audio_tab - INFO - Processing audio file: //NAS8A1C79/Media/Audio/Music/Fashwave/MrBond/We White Here.mp3
2024-12-05 15:33:36 - utils.helpers - DEBUG - Output directory already exists: //NAS8A1C79/Media/Audio/Music/Fashwave/MrBond\output
2024-12-05 15:33:38 - tabs.audio_tab - INFO - Audio saved to: //NAS8A1C79/Media/Audio/Music/Fashwave/MrBond\output\We White Here_192kbps.mp3
2024-12-05 15:33:38 - tabs.audio_tab - INFO - Processing audio file: //NAS8A1C79/Media/Audio/Music/Fashwave/MrBond/What Happened To That Goy.mp3
2024-12-05 15:33:38 - utils.helpers - DEBUG - Output directory already exists: //NAS8A1C79/Media/Audio/Music/Fashwave/MrBond\output
2024-12-05 15:33:41 - tabs.audio_tab - INFO - Audio saved to: //NAS8A1C79/Media/Audio/Music/Fashwave/MrBond\output\What Happened To That Goy_192kbps.mp3
2024-12-05 15:33:41 - tabs.audio_tab - INFO - Processing audio file: //NAS8A1C79/Media/Audio/Music/Fashwave/MrBond/Where'd You Go.mp3
2024-12-05 15:33:41 - utils.helpers - DEBUG - Output directory already exists: //NAS8A1C79/Media/Audio/Music/Fashwave/MrBond\output
2024-12-05 15:33:43 - tabs.audio_tab - INFO - Audio saved to: //NAS8A1C79/Media/Audio/Music/Fashwave/MrBond\output\Where'd You Go_192kbps.mp3
2024-12-05 15:33:43 - tabs.audio_tab - INFO - Processing audio file: //NAS8A1C79/Media/Audio/Music/Fashwave/MrBond/White America.mp3
2024-12-05 15:33:43 - utils.helpers - DEBUG - Output directory already exists: //NAS8A1C79/Media/Audio/Music/Fashwave/MrBond\output
2024-12-05 15:33:46 - tabs.audio_tab - INFO - Audio saved to: //NAS8A1C79/Media/Audio/Music/Fashwave/MrBond\output\White America_192kbps.mp3
2024-12-05 15:33:46 - tabs.audio_tab - INFO - Processing audio file: //NAS8A1C79/Media/Audio/Music/Fashwave/MrBond/White and I Luv It.mp3
2024-12-05 15:33:46 - utils.helpers - DEBUG - Output directory already exists: //NAS8A1C79/Media/Audio/Music/Fashwave/MrBond\output
2024-12-05 15:33:48 - tabs.audio_tab - INFO - Audio saved to: //NAS8A1C79/Media/Audio/Music/Fashwave/MrBond\output\White and I Luv It_192kbps.mp3
2024-12-05 15:33:48 - tabs.audio_tab - INFO - Processing audio file: //NAS8A1C79/Media/Audio/Music/Fashwave/MrBond/Why We Pissed.mp3
2024-12-05 15:33:48 - utils.helpers - DEBUG - Output directory already exists: //NAS8A1C79/Media/Audio/Music/Fashwave/MrBond\output
2024-12-05 15:33:50 - tabs.audio_tab - INFO - Audio saved to: //NAS8A1C79/Media/Audio/Music/Fashwave/MrBond\output\Why We Pissed_192kbps.mp3
2024-12-05 15:33:50 - tabs.audio_tab - INFO - Processing audio file: //NAS8A1C79/Media/Audio/Music/Fashwave/MrBond/Why.mp3
2024-12-05 15:33:50 - utils.helpers - DEBUG - Output directory already exists: //NAS8A1C79/Media/Audio/Music/Fashwave/MrBond\output
2024-12-05 15:33:52 - tabs.audio_tab - INFO - Audio saved to: //NAS8A1C79/Media/Audio/Music/Fashwave/MrBond\output\Why_192kbps.mp3
2024-12-05 15:33:52 - tabs.audio_tab - INFO - Processing audio file: //NAS8A1C79/Media/Audio/Music/Fashwave/MrBond/Wind Of Adolf.mp3
2024-12-05 15:33:52 - utils.helpers - DEBUG - Output directory already exists: //NAS8A1C79/Media/Audio/Music/Fashwave/MrBond\output
2024-12-05 15:33:56 - tabs.audio_tab - INFO - Audio saved to: //NAS8A1C79/Media/Audio/Music/Fashwave/MrBond\output\Wind Of Adolf_192kbps.mp3
2024-12-05 15:33:56 - tabs.audio_tab - INFO - Processing audio file: //NAS8A1C79/Media/Audio/Music/Fashwave/MrBond/With Jews You Lose.mp3
2024-12-05 15:33:56 - utils.helpers - DEBUG - Output directory already exists: //NAS8A1C79/Media/Audio/Music/Fashwave/MrBond\output
2024-12-05 15:33:58 - tabs.audio_tab - INFO - Audio saved to: //NAS8A1C79/Media/Audio/Music/Fashwave/MrBond\output\With Jews You Lose_192kbps.mp3
2024-12-05 15:33:58 - tabs.audio_tab - INFO - Processing audio file: //NAS8A1C79/Media/Audio/Music/Fashwave/MrBond/You Can't Stop Me.mp3
2024-12-05 15:33:58 - utils.helpers - DEBUG - Output directory already exists: //NAS8A1C79/Media/Audio/Music/Fashwave/MrBond\output
2024-12-05 15:34:01 - tabs.audio_tab - INFO - Audio saved to: //NAS8A1C79/Media/Audio/Music/Fashwave/MrBond\output\You Can't Stop Me_192kbps.mp3
2024-12-05 15:34:01 - tabs.audio_tab - INFO - Processing audio file: //NAS8A1C79/Media/Audio/Music/Fashwave/MrBond/Youth Of The Nation.mp3
2024-12-05 15:34:01 - utils.helpers - DEBUG - Output directory already exists: //NAS8A1C79/Media/Audio/Music/Fashwave/MrBond\output
2024-12-05 15:34:04 - tabs.audio_tab - INFO - Audio saved to: //NAS8A1C79/Media/Audio/Music/Fashwave/MrBond\output\Youth Of The Nation_192kbps.mp3
2024-12-05 15:34:04 - tabs.audio_tab - INFO - Processing audio file: //NAS8A1C79/Media/Audio/Music/Fashwave/MrBond/88 Problems.mp3
2024-12-05 15:34:04 - utils.helpers - DEBUG - Output directory already exists: //NAS8A1C79/Media/Audio/Music/Fashwave/MrBond\output
2024-12-05 15:34:06 - tabs.audio_tab - INFO - Audio saved to: //NAS8A1C79/Media/Audio/Music/Fashwave/MrBond\output\88 Problems_192kbps.mp3
2024-12-05 15:34:06 - tabs.audio_tab - INFO - Processing audio file: //NAS8A1C79/Media/Audio/Music/Fashwave/MrBond/500 Miles.mp3
2024-12-05 15:34:06 - utils.helpers - DEBUG - Output directory already exists: //NAS8A1C79/Media/Audio/Music/Fashwave/MrBond\output
2024-12-05 15:34:08 - tabs.audio_tab - INFO - Audio saved to: //NAS8A1C79/Media/Audio/Music/Fashwave/MrBond\output\500 Miles_192kbps.mp3
2024-12-05 15:34:08 - tabs.audio_tab - INFO - Processing audio file: //NAS8A1C79/Media/Audio/Music/Fashwave/MrBond/1488.mp3
2024-12-05 15:34:08 - utils.helpers - DEBUG - Output directory already exists: //NAS8A1C79/Media/Audio/Music/Fashwave/MrBond\output
2024-12-05 15:34:10 - tabs.audio_tab - INFO - Audio saved to: //NAS8A1C79/Media/Audio/Music/Fashwave/MrBond\output\1488_192kbps.mp3
2024-12-05 15:34:10 - tabs.audio_tab - INFO - Processing audio file: //NAS8A1C79/Media/Audio/Music/Fashwave/MrBond/All White Paradise.mp3
2024-12-05 15:34:10 - utils.helpers - DEBUG - Output directory already exists: //NAS8A1C79/Media/Audio/Music/Fashwave/MrBond\output
2024-12-05 15:34:12 - tabs.audio_tab - INFO - Audio saved to: //NAS8A1C79/Media/Audio/Music/Fashwave/MrBond\output\All White Paradise_192kbps.mp3
2024-12-05 15:34:12 - tabs.audio_tab - INFO - Processing audio file: //NAS8A1C79/Media/Audio/Music/Fashwave/MrBond/Alles Genommen.mp3
2024-12-05 15:34:12 - utils.helpers - DEBUG - Output directory already exists: //NAS8A1C79/Media/Audio/Music/Fashwave/MrBond\output
2024-12-05 15:34:15 - tabs.audio_tab - INFO - Audio saved to: //NAS8A1C79/Media/Audio/Music/Fashwave/MrBond\output\Alles Genommen_192kbps.mp3
2024-12-05 15:34:15 - tabs.audio_tab - INFO - Processing audio file: //NAS8A1C79/Media/Audio/Music/Fashwave/MrBond/Ashkenazi.mp3
2024-12-05 15:34:15 - utils.helpers - DEBUG - Output directory already exists: //NAS8A1C79/Media/Audio/Music/Fashwave/MrBond\output
2024-12-05 15:34:17 - tabs.audio_tab - INFO - Audio saved to: //NAS8A1C79/Media/Audio/Music/Fashwave/MrBond\output\Ashkenazi_192kbps.mp3
2024-12-05 15:34:17 - tabs.audio_tab - INFO - Processing audio file: //NAS8A1C79/Media/Audio/Music/Fashwave/MrBond/Because I Sieg Heild.mp3
2024-12-05 15:34:17 - utils.helpers - DEBUG - Output directory already exists: //NAS8A1C79/Media/Audio/Music/Fashwave/MrBond\output
2024-12-05 15:34:20 - tabs.audio_tab - INFO - Audio saved to: //NAS8A1C79/Media/Audio/Music/Fashwave/MrBond\output\Because I Sieg Heild_192kbps.mp3
2024-12-05 15:34:20 - tabs.audio_tab - INFO - Processing audio file: //NAS8A1C79/Media/Audio/Music/Fashwave/MrBond/Blood & Soil.mp3
2024-12-05 15:34:20 - utils.helpers - DEBUG - Output directory already exists: //NAS8A1C79/Media/Audio/Music/Fashwave/MrBond\output
2024-12-05 15:34:22 - tabs.audio_tab - INFO - Audio saved to: //NAS8A1C79/Media/Audio/Music/Fashwave/MrBond\output\Blood & Soil_192kbps.mp3
2024-12-05 15:34:22 - tabs.audio_tab - INFO - Processing audio file: //NAS8A1C79/Media/Audio/Music/Fashwave/MrBond/Can't Tell Me Nothing.mp3
2024-12-05 15:34:22 - utils.helpers - DEBUG - Output directory already exists: //NAS8A1C79/Media/Audio/Music/Fashwave/MrBond\output
2024-12-05 15:34:25 - tabs.audio_tab - INFO - Audio saved to: //NAS8A1C79/Media/Audio/Music/Fashwave/MrBond\output\Can't Tell Me Nothing_192kbps.mp3
2024-12-05 15:34:25 - tabs.audio_tab - INFO - Processing audio file: //NAS8A1C79/Media/Audio/Music/Fashwave/MrBond/Changes.mp3
2024-12-05 15:34:25 - utils.helpers - DEBUG - Output directory already exists: //NAS8A1C79/Media/Audio/Music/Fashwave/MrBond\output
2024-12-05 15:34:28 - tabs.audio_tab - INFO - Audio saved to: //NAS8A1C79/Media/Audio/Music/Fashwave/MrBond\output\Changes_192kbps.mp3
2024-12-05 15:34:28 - tabs.audio_tab - INFO - Processing audio file: //NAS8A1C79/Media/Audio/Music/Fashwave/MrBond/Cleaning Out My Wallet.mp3
2024-12-05 15:34:28 - utils.helpers - DEBUG - Output directory already exists: //NAS8A1C79/Media/Audio/Music/Fashwave/MrBond\output
2024-12-05 15:34:30 - tabs.audio_tab - INFO - Audio saved to: //NAS8A1C79/Media/Audio/Music/Fashwave/MrBond\output\Cleaning Out My Wallet_192kbps.mp3
2024-12-05 15:34:30 - tabs.audio_tab - INFO - Processing audio file: //NAS8A1C79/Media/Audio/Music/Fashwave/MrBond/Concentration Camp.mp3
2024-12-05 15:34:30 - utils.helpers - DEBUG - Output directory already exists: //NAS8A1C79/Media/Audio/Music/Fashwave/MrBond\output
2024-12-05 15:34:32 - tabs.audio_tab - INFO - Audio saved to: //NAS8A1C79/Media/Audio/Music/Fashwave/MrBond\output\Concentration Camp_192kbps.mp3
2024-12-05 15:34:32 - tabs.audio_tab - INFO - Processing audio file: //NAS8A1C79/Media/Audio/Music/Fashwave/MrBond/Cucked.mp3
2024-12-05 15:34:32 - utils.helpers - DEBUG - Output directory already exists: //NAS8A1C79/Media/Audio/Music/Fashwave/MrBond\output
2024-12-05 15:34:34 - tabs.audio_tab - INFO - Audio saved to: //NAS8A1C79/Media/Audio/Music/Fashwave/MrBond\output\Cucked_192kbps.mp3
2024-12-05 15:34:34 - tabs.audio_tab - INFO - Processing audio file: //NAS8A1C79/Media/Audio/Music/Fashwave/MrBond/Das Beste Volk Auf Dieser Welt.mp3
2024-12-05 15:34:34 - utils.helpers - DEBUG - Output directory already exists: //NAS8A1C79/Media/Audio/Music/Fashwave/MrBond\output
2024-12-05 15:34:37 - tabs.audio_tab - INFO - Audio saved to: //NAS8A1C79/Media/Audio/Music/Fashwave/MrBond\output\Das Beste Volk Auf Dieser Welt_192kbps.mp3
2024-12-05 15:34:37 - tabs.audio_tab - INFO - Processing audio file: //NAS8A1C79/Media/Audio/Music/Fashwave/MrBond/Dear Donald.mp3
2024-12-05 15:34:37 - utils.helpers - DEBUG - Output directory already exists: //NAS8A1C79/Media/Audio/Music/Fashwave/MrBond\output
2024-12-05 15:34:39 - tabs.audio_tab - INFO - Audio saved to: //NAS8A1C79/Media/Audio/Music/Fashwave/MrBond\output\Dear Donald_192kbps.mp3
2024-12-05 15:34:39 - tabs.audio_tab - INFO - Processing audio file: //NAS8A1C79/Media/Audio/Music/Fashwave/MrBond/Deliverance.mp3
2024-12-05 15:34:39 - utils.helpers - DEBUG - Output directory already exists: //NAS8A1C79/Media/Audio/Music/Fashwave/MrBond\output
2024-12-05 15:34:42 - tabs.audio_tab - INFO - Audio saved to: //NAS8A1C79/Media/Audio/Music/Fashwave/MrBond\output\Deliverance_192kbps.mp3
2024-12-05 15:34:42 - tabs.audio_tab - INFO - Processing audio file: //NAS8A1C79/Media/Audio/Music/Fashwave/MrBond/Dildolech.mp3
2024-12-05 15:34:42 - utils.helpers - DEBUG - Output directory already exists: //NAS8A1C79/Media/Audio/Music/Fashwave/MrBond\output
2024-12-05 15:34:44 - tabs.audio_tab - INFO - Audio saved to: //NAS8A1C79/Media/Audio/Music/Fashwave/MrBond\output\Dildolech_192kbps.mp3
2024-12-05 15:34:44 - tabs.audio_tab - INFO - Processing audio file: //NAS8A1C79/Media/Audio/Music/Fashwave/MrBond/Do Boers Know It's Christmas.mp3
2024-12-05 15:34:44 - utils.helpers - DEBUG - Output directory already exists: //NAS8A1C79/Media/Audio/Music/Fashwave/MrBond\output
2024-12-05 15:34:46 - tabs.audio_tab - INFO - Audio saved to: //NAS8A1C79/Media/Audio/Music/Fashwave/MrBond\output\Do Boers Know It's Christmas_192kbps.mp3
2024-12-05 15:34:46 - tabs.audio_tab - INFO - Processing audio file: //NAS8A1C79/Media/Audio/Music/Fashwave/MrBond/Dont Like.mp3
2024-12-05 15:34:46 - utils.helpers - DEBUG - Output directory already exists: //NAS8A1C79/Media/Audio/Music/Fashwave/MrBond\output
2024-12-05 15:34:49 - tabs.audio_tab - INFO - Audio saved to: //NAS8A1C79/Media/Audio/Music/Fashwave/MrBond\output\Dont Like_192kbps.mp3
2024-12-05 15:34:49 - tabs.audio_tab - INFO - Processing audio file: //NAS8A1C79/Media/Audio/Music/Fashwave/MrBond/Eminem Diss.mp3
2024-12-05 15:34:49 - utils.helpers - DEBUG - Output directory already exists: //NAS8A1C79/Media/Audio/Music/Fashwave/MrBond\output
2024-12-05 15:34:51 - tabs.audio_tab - INFO - Audio saved to: //NAS8A1C79/Media/Audio/Music/Fashwave/MrBond\output\Eminem Diss_192kbps.mp3
2024-12-05 15:34:51 - tabs.audio_tab - INFO - Processing audio file: //NAS8A1C79/Media/Audio/Music/Fashwave/MrBond/Europe.mp3
2024-12-05 15:34:51 - utils.helpers - DEBUG - Output directory already exists: //NAS8A1C79/Media/Audio/Music/Fashwave/MrBond\output
2024-12-05 15:34:53 - tabs.audio_tab - INFO - Audio saved to: //NAS8A1C79/Media/Audio/Music/Fashwave/MrBond\output\Europe_192kbps.mp3
2024-12-05 15:34:53 - tabs.audio_tab - INFO - Processing audio file: //NAS8A1C79/Media/Audio/Music/Fashwave/MrBond/Everything I Do I Do It For Jews.mp3
2024-12-05 15:34:53 - utils.helpers - DEBUG - Output directory already exists: //NAS8A1C79/Media/Audio/Music/Fashwave/MrBond\output
2024-12-05 15:34:57 - tabs.audio_tab - INFO - Audio saved to: //NAS8A1C79/Media/Audio/Music/Fashwave/MrBond\output\Everything I Do I Do It For Jews_192kbps.mp3
2024-12-05 15:34:57 - tabs.audio_tab - INFO - Processing audio file: //NAS8A1C79/Media/Audio/Music/Fashwave/MrBond/Fascist.mp3
2024-12-05 15:34:57 - utils.helpers - DEBUG - Output directory already exists: //NAS8A1C79/Media/Audio/Music/Fashwave/MrBond\output
2024-12-05 15:34:59 - tabs.audio_tab - INFO - Audio saved to: //NAS8A1C79/Media/Audio/Music/Fashwave/MrBond\output\Fascist_192kbps.mp3
2024-12-05 15:34:59 - tabs.audio_tab - INFO - Processing audio file: //NAS8A1C79/Media/Audio/Music/Fashwave/MrBond/Fashout.mp3
2024-12-05 15:34:59 - utils.helpers - DEBUG - Output directory already exists: //NAS8A1C79/Media/Audio/Music/Fashwave/MrBond\output
2024-12-05 15:35:02 - tabs.audio_tab - INFO - Audio saved to: //NAS8A1C79/Media/Audio/Music/Fashwave/MrBond\output\Fashout_192kbps.mp3
2024-12-05 15:35:02 - tabs.audio_tab - INFO - Processing audio file: //NAS8A1C79/Media/Audio/Music/Fashwave/MrBond/Fashy.mp3
2024-12-05 15:35:02 - utils.helpers - DEBUG - Output directory already exists: //NAS8A1C79/Media/Audio/Music/Fashwave/MrBond\output
2024-12-05 15:35:05 - tabs.audio_tab - INFO - Audio saved to: //NAS8A1C79/Media/Audio/Music/Fashwave/MrBond\output\Fashy_192kbps.mp3
2024-12-05 15:35:05 - tabs.audio_tab - INFO - Processing audio file: //NAS8A1C79/Media/Audio/Music/Fashwave/MrBond/Fuck The Police.mp3
2024-12-05 15:35:05 - utils.helpers - DEBUG - Output directory already exists: //NAS8A1C79/Media/Audio/Music/Fashwave/MrBond\output
2024-12-05 15:35:07 - tabs.audio_tab - INFO - Audio saved to: //NAS8A1C79/Media/Audio/Music/Fashwave/MrBond\output\Fuck The Police_192kbps.mp3
2024-12-05 15:35:07 - tabs.audio_tab - INFO - Processing audio file: //NAS8A1C79/Media/Audio/Music/Fashwave/MrBond/Fuehrer's State of Mind.mp3
2024-12-05 15:35:07 - utils.helpers - DEBUG - Output directory already exists: //NAS8A1C79/Media/Audio/Music/Fashwave/MrBond\output
2024-12-05 15:35:11 - tabs.audio_tab - INFO - Audio saved to: //NAS8A1C79/Media/Audio/Music/Fashwave/MrBond\output\Fuehrer's State of Mind_192kbps.mp3
2024-12-05 15:35:11 - tabs.audio_tab - INFO - Processing audio file: //NAS8A1C79/Media/Audio/Music/Fashwave/MrBond/Get em Out.mp3
2024-12-05 15:35:11 - utils.helpers - DEBUG - Output directory already exists: //NAS8A1C79/Media/Audio/Music/Fashwave/MrBond\output
2024-12-05 15:35:14 - tabs.audio_tab - INFO - Audio saved to: //NAS8A1C79/Media/Audio/Music/Fashwave/MrBond\output\Get em Out_192kbps.mp3
2024-12-05 15:35:14 - tabs.audio_tab - INFO - Processing audio file: //NAS8A1C79/Media/Audio/Music/Fashwave/MrBond/Good ol Nationalist.mp3
2024-12-05 15:35:14 - utils.helpers - DEBUG - Output directory already exists: //NAS8A1C79/Media/Audio/Music/Fashwave/MrBond\output
2024-12-05 15:35:15 - tabs.audio_tab - INFO - Audio saved to: //NAS8A1C79/Media/Audio/Music/Fashwave/MrBond\output\Good ol Nationalist_192kbps.mp3
2024-12-05 15:35:15 - tabs.audio_tab - INFO - Processing audio file: //NAS8A1C79/Media/Audio/Music/Fashwave/MrBond/Goyz-N-Europe.mp3
2024-12-05 15:35:15 - utils.helpers - DEBUG - Output directory already exists: //NAS8A1C79/Media/Audio/Music/Fashwave/MrBond\output
2024-12-05 15:35:19 - tabs.audio_tab - INFO - Audio saved to: //NAS8A1C79/Media/Audio/Music/Fashwave/MrBond\output\Goyz-N-Europe_192kbps.mp3
2024-12-05 15:35:19 - tabs.audio_tab - INFO - Processing audio file: //NAS8A1C79/Media/Audio/Music/Fashwave/MrBond/Hans Landa.mp3
2024-12-05 15:35:19 - utils.helpers - DEBUG - Output directory already exists: //NAS8A1C79/Media/Audio/Music/Fashwave/MrBond\output
2024-12-05 15:35:22 - tabs.audio_tab - INFO - Audio saved to: //NAS8A1C79/Media/Audio/Music/Fashwave/MrBond\output\Hans Landa_192kbps.mp3
2024-12-05 15:35:22 - tabs.audio_tab - INFO - Processing audio file: //NAS8A1C79/Media/Audio/Music/Fashwave/MrBond/Hold Me Back.mp3
2024-12-05 15:35:22 - utils.helpers - DEBUG - Output directory already exists: //NAS8A1C79/Media/Audio/Music/Fashwave/MrBond\output
2024-12-05 15:35:24 - tabs.audio_tab - INFO - Audio saved to: //NAS8A1C79/Media/Audio/Music/Fashwave/MrBond\output\Hold Me Back_192kbps.mp3
2024-12-05 15:35:24 - tabs.audio_tab - INFO - Processing audio file: //NAS8A1C79/Media/Audio/Music/Fashwave/MrBond/Hooknose.mp3
2024-12-05 15:35:24 - utils.helpers - DEBUG - Output directory already exists: //NAS8A1C79/Media/Audio/Music/Fashwave/MrBond\output
2024-12-05 15:35:27 - tabs.audio_tab - INFO - Audio saved to: //NAS8A1C79/Media/Audio/Music/Fashwave/MrBond\output\Hooknose_192kbps.mp3
2024-12-05 15:35:27 - tabs.audio_tab - INFO - Processing audio file: //NAS8A1C79/Media/Audio/Music/Fashwave/MrBond/I Can.mp3
2024-12-05 15:35:27 - utils.helpers - DEBUG - Output directory already exists: //NAS8A1C79/Media/Audio/Music/Fashwave/MrBond\output
2024-12-05 15:35:29 - tabs.audio_tab - INFO - Audio saved to: //NAS8A1C79/Media/Audio/Music/Fashwave/MrBond\output\I Can_192kbps.mp3
2024-12-05 15:35:29 - tabs.audio_tab - INFO - Processing audio file: //NAS8A1C79/Media/Audio/Music/Fashwave/MrBond/I Dont Wanna Know.mp3
2024-12-05 15:35:29 - utils.helpers - DEBUG - Output directory already exists: //NAS8A1C79/Media/Audio/Music/Fashwave/MrBond\output
2024-12-05 15:35:31 - tabs.audio_tab - INFO - Audio saved to: //NAS8A1C79/Media/Audio/Music/Fashwave/MrBond\output\I Dont Wanna Know_192kbps.mp3
2024-12-05 15:35:31 - tabs.audio_tab - INFO - Processing audio file: //NAS8A1C79/Media/Audio/Music/Fashwave/MrBond/I Mean It.mp3
2024-12-05 15:35:31 - utils.helpers - DEBUG - Output directory already exists: //NAS8A1C79/Media/Audio/Music/Fashwave/MrBond\output
2024-12-05 15:35:34 - tabs.audio_tab - INFO - Audio saved to: //NAS8A1C79/Media/Audio/Music/Fashwave/MrBond\output\I Mean It_192kbps.mp3
2024-12-05 15:35:34 - tabs.audio_tab - INFO - Processing audio file: //NAS8A1C79/Media/Audio/Music/Fashwave/MrBond/If Whites Ruled The World.mp3
2024-12-05 15:35:34 - utils.helpers - DEBUG - Output directory already exists: //NAS8A1C79/Media/Audio/Music/Fashwave/MrBond\output
2024-12-05 15:35:36 - tabs.audio_tab - INFO - Audio saved to: //NAS8A1C79/Media/Audio/Music/Fashwave/MrBond\output\If Whites Ruled The World_192kbps.mp3
2024-12-05 15:35:36 - tabs.audio_tab - INFO - Processing audio file: //NAS8A1C79/Media/Audio/Music/Fashwave/MrBond/In the Oven Now.mp3
2024-12-05 15:35:36 - utils.helpers - DEBUG - Output directory already exists: //NAS8A1C79/Media/Audio/Music/Fashwave/MrBond\output
2024-12-05 15:35:39 - tabs.audio_tab - INFO - Audio saved to: //NAS8A1C79/Media/Audio/Music/Fashwave/MrBond\output\In the Oven Now_192kbps.mp3
2024-12-05 15:35:39 - tabs.audio_tab - INFO - Finished processing dropped audio files.
2024-12-06 21:53:29 - utils.logging_config - INFO - Logging setup complete.
2024-12-06 21:53:30 - tabs.audio_tab - INFO - Setting up Audio tab.
2024-12-06 21:53:30 - tabs.audio_tab - INFO - Audio tab setup complete.
2024-12-06 21:53:30 - tabs.image_tab - INFO - Setting up Image tab.
2024-12-06 21:53:30 - tabs.image_tab - INFO - Image tab setup complete.
2024-12-06 21:53:30 - tabs.text_tab - INFO - Setting up Text tab.
2024-12-06 21:53:30 - tabs.text_tab - INFO - Text tab setup complete.
2024-12-06 21:53:30 - tabs.video_tab - INFO - Setting up Video tab.
2024-12-06 21:53:30 - tabs.video_tab - INFO - Video tab setup complete.
2024-12-06 21:53:55 - tabs.audio_tab - INFO - Handling dropped audio files.
2024-12-06 21:53:55 - tabs.audio_tab - INFO - Starting processing for dropped files: ['C:/Users/MikeM/OneDrive/Desktop/confrontation 12.04.24/IntroductionToConfrontation(12.04.24) copy.m4a', 'C:/Users/MikeM/OneDrive/Desktop/confrontation 12.04.24/Resolution(unsure)(12.04.24) copy.m4a']
2024-12-06 21:53:55 - tabs.audio_tab - INFO - Processing dropped audio files.
2024-12-06 21:53:55 - tabs.audio_tab - INFO - Processing audio file: C:/Users/MikeM/OneDrive/Desktop/confrontation 12.04.24/IntroductionToConfrontation(12.04.24) copy.m4a
2024-12-06 21:53:55 - utils.helpers - INFO - Created output directory: C:/Users/MikeM/OneDrive/Desktop/confrontation 12.04.24\output
2024-12-06 21:53:56 - tabs.audio_tab - INFO - Audio saved to: C:/Users/MikeM/OneDrive/Desktop/confrontation 12.04.24\output\IntroductionToConfrontation(12.04.24) copy_192kbps.wav
2024-12-06 21:53:56 - tabs.audio_tab - INFO - Processing audio file: C:/Users/MikeM/OneDrive/Desktop/confrontation 12.04.24/Resolution(unsure)(12.04.24) copy.m4a
2024-12-06 21:53:56 - utils.helpers - DEBUG - Output directory already exists: C:/Users/MikeM/OneDrive/Desktop/confrontation 12.04.24\output
2024-12-06 21:53:58 - tabs.audio_tab - INFO - Audio saved to: C:/Users/MikeM/OneDrive/Desktop/confrontation 12.04.24\output\Resolution(unsure)(12.04.24) copy_192kbps.wav
2024-12-06 21:53:58 - tabs.audio_tab - INFO - Finished processing dropped audio files.
2024-12-09 05:46:12 - utils.logging_config - INFO - Logging setup complete.
2024-12-09 05:46:12 - tabs.audio_tab - INFO - Setting up Audio tab.
2024-12-09 05:46:12 - tabs.audio_tab - INFO - Audio tab setup complete.
2024-12-09 05:46:12 - tabs.image_tab - INFO - Setting up Image tab.
2024-12-09 05:46:12 - tabs.image_tab - INFO - Image tab setup complete.
2024-12-09 05:46:12 - tabs.text_tab - INFO - Setting up Text tab.
2024-12-09 05:46:12 - tabs.text_tab - INFO - Text tab setup complete.
2024-12-09 05:46:12 - tabs.video_tab - INFO - Setting up Video tab.
2024-12-09 05:46:12 - tabs.video_tab - INFO - Video tab setup complete.
2024-12-09 05:47:03 - tabs.audio_tab - INFO - Handling dropped audio files.
2024-12-09 05:47:03 - tabs.audio_tab - INFO - Starting processing for dropped files: ['C:/Users/MikeM/Asylum/01-Emotep/Music/Mixes/bullet short mix.WAV', 'C:/Users/MikeM/Asylum/01-Emotep/Music/Mixes/Chop Suey .WAV', 'C:/Users/MikeM/Asylum/01-Emotep/Music/Mixes/Down This Road .WAV', 'C:/Users/MikeM/Asylum/01-Emotep/Music/Mixes/Emotep (Let me go)_Master.wav', 'C:/Users/MikeM/Asylum/01-Emotep/Music/Mixes/EmoTep (Techno Time)_Current(1).wav', 'C:/Users/MikeM/Asylum/01-Emotep/Music/Mixes/FiyahhWAV.wav', 'C:/Users/MikeM/Asylum/01-Emotep/Music/Mixes/GoocheeWAV.wav', 'C:/Users/MikeM/Asylum/01-Emotep/Music/Mixes/HAARD SYLE MASH.WAV', 'C:/Users/MikeM/Asylum/01-Emotep/Music/Mixes/Hustle Goochee.WAV', 'C:/Users/MikeM/Asylum/01-Emotep/Music/Mixes/KillazWAV.wav', 'C:/Users/MikeM/Asylum/01-Emotep/Music/Mixes/Phonk Tokyo Mix.WAV', 'C:/Users/MikeM/Asylum/01-Emotep/Music/Mixes/PsyTrance MIx.WAV', 'C:/Users/MikeM/Asylum/01-Emotep/Music/Mixes/Smells like you .WAV', 'C:/Users/MikeM/Asylum/01-Emotep/Music/Mixes/Trip mix .WAV']
2024-12-09 05:47:03 - tabs.audio_tab - INFO - Processing dropped audio files.
2024-12-09 05:47:03 - tabs.audio_tab - INFO - Processing audio file: C:/Users/MikeM/Asylum/01-Emotep/Music/Mixes/bullet short mix.WAV
2024-12-09 05:47:03 - utils.helpers - INFO - Created output directory: C:/Users/MikeM/Asylum/01-Emotep/Music/Mixes\output
2024-12-09 05:47:10 - tabs.audio_tab - INFO - Audio saved to: C:/Users/MikeM/Asylum/01-Emotep/Music/Mixes\output\bullet short mix_192kbps.mp3
2024-12-09 05:47:10 - tabs.audio_tab - INFO - Processing audio file: C:/Users/MikeM/Asylum/01-Emotep/Music/Mixes/Chop Suey .WAV
2024-12-09 05:47:10 - utils.helpers - DEBUG - Output directory already exists: C:/Users/MikeM/Asylum/01-Emotep/Music/Mixes\output
2024-12-09 05:47:51 - tabs.audio_tab - INFO - Audio saved to: C:/Users/MikeM/Asylum/01-Emotep/Music/Mixes\output\Chop Suey _192kbps.mp3
2024-12-09 05:47:51 - tabs.audio_tab - INFO - Processing audio file: C:/Users/MikeM/Asylum/01-Emotep/Music/Mixes/Down This Road .WAV
2024-12-09 05:47:51 - utils.helpers - DEBUG - Output directory already exists: C:/Users/MikeM/Asylum/01-Emotep/Music/Mixes\output
2024-12-09 05:48:21 - tabs.audio_tab - INFO - Audio saved to: C:/Users/MikeM/Asylum/01-Emotep/Music/Mixes\output\Down This Road _192kbps.mp3
2024-12-09 05:48:21 - tabs.audio_tab - INFO - Processing audio file: C:/Users/MikeM/Asylum/01-Emotep/Music/Mixes/Emotep (Let me go)_Master.wav
2024-12-09 05:48:21 - utils.helpers - DEBUG - Output directory already exists: C:/Users/MikeM/Asylum/01-Emotep/Music/Mixes\output
2024-12-09 05:48:22 - tabs.audio_tab - INFO - Audio saved to: C:/Users/MikeM/Asylum/01-Emotep/Music/Mixes\output\Emotep (Let me go)_Master_192kbps.mp3
2024-12-09 05:48:22 - tabs.audio_tab - INFO - Processing audio file: C:/Users/MikeM/Asylum/01-Emotep/Music/Mixes/EmoTep (Techno Time)_Current(1).wav
2024-12-09 05:48:22 - utils.helpers - DEBUG - Output directory already exists: C:/Users/MikeM/Asylum/01-Emotep/Music/Mixes\output
2024-12-09 05:48:23 - tabs.audio_tab - INFO - Audio saved to: C:/Users/MikeM/Asylum/01-Emotep/Music/Mixes\output\EmoTep (Techno Time)_Current(1)_192kbps.mp3
2024-12-09 05:48:23 - tabs.audio_tab - INFO - Processing audio file: C:/Users/MikeM/Asylum/01-Emotep/Music/Mixes/FiyahhWAV.wav
2024-12-09 05:48:23 - utils.helpers - DEBUG - Output directory already exists: C:/Users/MikeM/Asylum/01-Emotep/Music/Mixes\output
2024-12-09 05:48:25 - tabs.audio_tab - INFO - Audio saved to: C:/Users/MikeM/Asylum/01-Emotep/Music/Mixes\output\FiyahhWAV_192kbps.mp3
2024-12-09 05:48:25 - tabs.audio_tab - INFO - Processing audio file: C:/Users/MikeM/Asylum/01-Emotep/Music/Mixes/GoocheeWAV.wav
2024-12-09 05:48:25 - utils.helpers - DEBUG - Output directory already exists: C:/Users/MikeM/Asylum/01-Emotep/Music/Mixes\output
2024-12-09 05:48:26 - tabs.audio_tab - INFO - Audio saved to: C:/Users/MikeM/Asylum/01-Emotep/Music/Mixes\output\GoocheeWAV_192kbps.mp3
2024-12-09 05:48:26 - tabs.audio_tab - INFO - Processing audio file: C:/Users/MikeM/Asylum/01-Emotep/Music/Mixes/HAARD SYLE MASH.WAV
2024-12-09 05:48:26 - utils.helpers - DEBUG - Output directory already exists: C:/Users/MikeM/Asylum/01-Emotep/Music/Mixes\output
2024-12-09 05:48:30 - tabs.audio_tab - INFO - Audio saved to: C:/Users/MikeM/Asylum/01-Emotep/Music/Mixes\output\HAARD SYLE MASH_192kbps.mp3
2024-12-09 05:48:30 - tabs.audio_tab - INFO - Processing audio file: C:/Users/MikeM/Asylum/01-Emotep/Music/Mixes/Hustle Goochee.WAV
2024-12-09 05:48:30 - utils.helpers - DEBUG - Output directory already exists: C:/Users/MikeM/Asylum/01-Emotep/Music/Mixes\output
2024-12-09 05:48:33 - tabs.audio_tab - INFO - Audio saved to: C:/Users/MikeM/Asylum/01-Emotep/Music/Mixes\output\Hustle Goochee_192kbps.mp3
2024-12-09 05:48:33 - tabs.audio_tab - INFO - Processing audio file: C:/Users/MikeM/Asylum/01-Emotep/Music/Mixes/KillazWAV.wav
2024-12-09 05:48:33 - utils.helpers - DEBUG - Output directory already exists: C:/Users/MikeM/Asylum/01-Emotep/Music/Mixes\output
2024-12-09 05:48:34 - tabs.audio_tab - INFO - Audio saved to: C:/Users/MikeM/Asylum/01-Emotep/Music/Mixes\output\KillazWAV_192kbps.mp3
2024-12-09 05:48:34 - tabs.audio_tab - INFO - Processing audio file: C:/Users/MikeM/Asylum/01-Emotep/Music/Mixes/Phonk Tokyo Mix.WAV
2024-12-09 05:48:34 - utils.helpers - DEBUG - Output directory already exists: C:/Users/MikeM/Asylum/01-Emotep/Music/Mixes\output
2024-12-09 05:48:54 - tabs.audio_tab - INFO - Audio saved to: C:/Users/MikeM/Asylum/01-Emotep/Music/Mixes\output\Phonk Tokyo Mix_192kbps.mp3
2024-12-09 05:48:54 - tabs.audio_tab - INFO - Processing audio file: C:/Users/MikeM/Asylum/01-Emotep/Music/Mixes/PsyTrance MIx.WAV
2024-12-09 05:48:54 - utils.helpers - DEBUG - Output directory already exists: C:/Users/MikeM/Asylum/01-Emotep/Music/Mixes\output
2024-12-09 05:49:29 - tabs.audio_tab - INFO - Audio saved to: C:/Users/MikeM/Asylum/01-Emotep/Music/Mixes\output\PsyTrance MIx_192kbps.mp3
2024-12-09 05:49:29 - tabs.audio_tab - INFO - Processing audio file: C:/Users/MikeM/Asylum/01-Emotep/Music/Mixes/Smells like you .WAV
2024-12-09 05:49:29 - utils.helpers - DEBUG - Output directory already exists: C:/Users/MikeM/Asylum/01-Emotep/Music/Mixes\output
2024-12-09 05:49:35 - tabs.audio_tab - INFO - Audio saved to: C:/Users/MikeM/Asylum/01-Emotep/Music/Mixes\output\Smells like you _192kbps.mp3
2024-12-09 05:49:35 - tabs.audio_tab - INFO - Processing audio file: C:/Users/MikeM/Asylum/01-Emotep/Music/Mixes/Trip mix .WAV
2024-12-09 05:49:35 - utils.helpers - DEBUG - Output directory already exists: C:/Users/MikeM/Asylum/01-Emotep/Music/Mixes\output
2024-12-09 05:50:08 - tabs.audio_tab - INFO - Audio saved to: C:/Users/MikeM/Asylum/01-Emotep/Music/Mixes\output\Trip mix _192kbps.mp3
2024-12-09 05:50:08 - tabs.audio_tab - INFO - Finished processing dropped audio files.
2024-12-21 12:14:53 - utils.logging_config - INFO - Logging setup complete.
2024-12-21 12:14:53 - tabs.audio_tab - INFO - Setting up Audio tab.
2024-12-21 12:14:53 - tabs.audio_tab - INFO - Audio tab setup complete.
2024-12-21 12:14:53 - tabs.image_tab - INFO - Setting up Image tab.
2024-12-21 12:14:53 - tabs.image_tab - INFO - Image tab setup complete.
2024-12-21 12:14:53 - tabs.text_tab - INFO - Setting up Text tab.
2024-12-21 12:14:53 - tabs.text_tab - INFO - Text tab setup complete.
2024-12-21 12:14:53 - tabs.video_tab - INFO - Setting up Video tab.
2024-12-21 12:14:53 - tabs.video_tab - INFO - Video tab setup complete.
2024-12-23 21:29:34 - utils.logging_config - INFO - Logging setup complete.
2024-12-23 21:29:34 - tabs.audio_tab - INFO - Setting up Audio tab.
2024-12-23 21:29:34 - tabs.audio_tab - INFO - Audio tab setup complete.
2024-12-23 21:29:34 - tabs.image_tab - INFO - Setting up Image tab.
2024-12-23 21:29:34 - tabs.image_tab - INFO - Image tab setup complete.
2024-12-23 21:29:34 - tabs.text_tab - INFO - Setting up Text tab.
2024-12-23 21:29:34 - tabs.text_tab - INFO - Text tab setup complete.
2024-12-23 21:29:34 - tabs.video_tab - INFO - Setting up Video tab.
2024-12-23 21:29:34 - tabs.video_tab - INFO - Video tab setup complete.
2024-12-23 21:29:57 - tabs.video_tab - INFO - Handling dropped video files.
2024-12-23 21:29:57 - tabs.video_tab - INFO - Starting processing for dropped files: ['C:/AI/ComfyUI_windows_portable/ComfyUI/output/2024-12-22/previews/AD_00006.mp4']
2024-12-23 21:29:57 - tabs.video_tab - INFO - Processing dropped video files.
2024-12-23 21:29:57 - tabs.video_tab - INFO - Processing video file: C:/AI/ComfyUI_windows_portable/ComfyUI/output/2024-12-22/previews/AD_00006.mp4
2024-12-23 21:29:57 - utils.helpers - INFO - Created output directory: C:/AI/ComfyUI_windows_portable/ComfyUI/output/2024-12-22/previews\output\frames
2024-12-23 21:29:58 - tabs.video_tab - INFO - Frames extracted to: C:/AI/ComfyUI_windows_portable/ComfyUI/output/2024-12-22/previews\output\frames
2024-12-23 21:29:58 - tabs.video_tab - INFO - Finished processing dropped video files.
2024-12-27 09:27:09 - utils.logging_config - INFO - Logging setup complete.
2024-12-27 09:27:10 - tabs.audio_tab - INFO - Setting up Audio tab.
2024-12-27 09:27:10 - tabs.audio_tab - INFO - Audio tab setup complete.
2024-12-27 09:27:10 - tabs.image_tab - INFO - Setting up Image tab.
2024-12-27 09:27:10 - tabs.image_tab - INFO - Image tab setup complete.
2024-12-27 09:27:10 - tabs.text_tab - INFO - Setting up Text tab.
2024-12-27 09:27:10 - tabs.text_tab - INFO - Text tab setup complete.
2024-12-27 09:27:10 - tabs.video_tab - INFO - Setting up Video tab.
2024-12-27 09:27:10 - tabs.video_tab - INFO - Video tab setup complete.
2024-12-27 09:27:27 - tabs.audio_tab - INFO - Handling dropped audio files.
2024-12-27 09:27:27 - tabs.audio_tab - INFO - Starting processing for dropped files: ['M:/Music/NC Crew/BRS/Cosmo/Cosmo_BRS_240716_FoundTheSound(Mastered).flac']
2024-12-27 09:27:27 - tabs.audio_tab - INFO - Processing dropped audio files.
2024-12-27 09:27:27 - tabs.audio_tab - INFO - Processing audio file: M:/Music/NC Crew/BRS/Cosmo/Cosmo_BRS_240716_FoundTheSound(Mastered).flac
2024-12-27 09:27:27 - utils.helpers - INFO - Created output directory: M:/Music/NC Crew/BRS/Cosmo\output
2024-12-27 09:28:10 - tabs.audio_tab - INFO - Handling dropped audio files.
2024-12-27 09:28:10 - tabs.audio_tab - INFO - Starting processing for dropped files: ['M:/Music/NC Crew/BRS/Cosmo/Cosmo_BRS_240705_CosmoCanMix.wav']
2024-12-27 09:28:10 - tabs.audio_tab - INFO - Processing dropped audio files.
2024-12-27 09:28:10 - tabs.audio_tab - INFO - Processing audio file: M:/Music/NC Crew/BRS/Cosmo/Cosmo_BRS_240705_CosmoCanMix.wav
2024-12-27 09:28:10 - utils.helpers - DEBUG - Output directory already exists: M:/Music/NC Crew/BRS/Cosmo\output
2024-12-27 09:28:10 - tabs.audio_tab - INFO - Audio saved to: M:/Music/NC Crew/BRS/Cosmo\output\Cosmo_BRS_240716_FoundTheSound(Mastered)_192kbps.mp3
2024-12-27 09:28:10 - tabs.audio_tab - INFO - Finished processing dropped audio files.
2024-12-27 09:28:17 - tabs.audio_tab - INFO - Handling dropped audio files.
2024-12-27 09:28:17 - tabs.audio_tab - INFO - Starting processing for dropped files: ['M:/Music/NC Crew/BRS/Cosmo/Cosmo_BRS_240705_CosmoCanMix.wav']
2024-12-27 09:28:17 - tabs.audio_tab - INFO - Processing dropped audio files.
2024-12-27 09:28:17 - tabs.audio_tab - INFO - Processing audio file: M:/Music/NC Crew/BRS/Cosmo/Cosmo_BRS_240705_CosmoCanMix.wav
2024-12-27 09:28:17 - utils.helpers - DEBUG - Output directory already exists: M:/Music/NC Crew/BRS/Cosmo\output
2024-12-27 09:28:50 - tabs.audio_tab - INFO - Audio saved to: M:/Music/NC Crew/BRS/Cosmo\output\Cosmo_BRS_240705_CosmoCanMix_192kbps.mp3
2024-12-27 09:28:50 - tabs.audio_tab - INFO - Finished processing dropped audio files.
2024-12-27 09:28:58 - tabs.audio_tab - INFO - Audio saved to: M:/Music/NC Crew/BRS/Cosmo\output\Cosmo_BRS_240705_CosmoCanMix_192kbps_001.mp3
2024-12-27 09:28:58 - tabs.audio_tab - INFO - Finished processing dropped audio files.
2024-12-27 09:38:07 - tabs.audio_tab - INFO - Handling dropped audio files.
2024-12-27 09:38:07 - tabs.audio_tab - INFO - Starting processing for dropped files: ['M:/Music/NC Crew/BRS/Cosmo/Cosmo_BRS_240527_PaidMyTicket(Mastered)_01.flac']
2024-12-27 09:38:07 - tabs.audio_tab - INFO - Processing dropped audio files.
2024-12-27 09:38:07 - tabs.audio_tab - INFO - Processing audio file: M:/Music/NC Crew/BRS/Cosmo/Cosmo_BRS_240527_PaidMyTicket(Mastered)_01.flac
2024-12-27 09:38:07 - utils.helpers - DEBUG - Output directory already exists: M:/Music/NC Crew/BRS/Cosmo\output
2024-12-27 09:38:39 - tabs.audio_tab - INFO - Audio saved to: M:/Music/NC Crew/BRS/Cosmo\output\Cosmo_BRS_240527_PaidMyTicket(Mastered)_01_192kbps.mp3
2024-12-27 09:38:39 - tabs.audio_tab - INFO - Finished processing dropped audio files.
2025-01-03 00:06:31 - utils.logging_config - INFO - Logging setup complete.
2025-01-03 00:06:31 - tabs.audio_tab - INFO - Setting up Audio tab.
2025-01-03 00:06:31 - tabs.audio_tab - INFO - Audio tab setup complete.
2025-01-03 00:06:31 - tabs.image_tab - INFO - Setting up Image tab.
2025-01-03 00:06:31 - tabs.image_tab - INFO - Image tab setup complete.
2025-01-03 00:06:31 - tabs.text_tab - INFO - Setting up Text tab.
2025-01-03 00:06:31 - tabs.text_tab - INFO - Text tab setup complete.
2025-01-03 00:06:31 - tabs.video_tab - INFO - Setting up Video tab.
2025-01-03 00:06:31 - tabs.video_tab - INFO - Video tab setup complete.
2025-01-08 10:53:18 - utils.logging_config - INFO - Logging setup complete.
2025-01-08 10:53:18 - tabs.audio_tab - INFO - Setting up Audio tab.
2025-01-08 10:53:18 - tabs.audio_tab - INFO - Audio tab setup complete.
2025-01-08 10:53:18 - tabs.image_tab - INFO - Setting up Image tab.
2025-01-08 10:53:18 - tabs.image_tab - INFO - Image tab setup complete.
2025-01-08 10:53:18 - tabs.text_tab - INFO - Setting up Text tab.
2025-01-08 10:53:18 - tabs.text_tab - INFO - Text tab setup complete.
2025-01-08 10:53:18 - tabs.video_tab - INFO - Setting up Video tab.
2025-01-08 10:53:18 - tabs.video_tab - INFO - Video tab setup complete.
2025-01-17 14:56:15 - utils.logging_config - INFO - Logging setup complete.
2025-01-17 14:56:17 - tabs.audio_tab - INFO - Setting up Audio tab.
2025-01-17 14:56:17 - tabs.audio_tab - INFO - Audio tab setup complete.
2025-01-17 14:56:17 - tabs.image_tab - INFO - Setting up Image tab.
2025-01-17 14:56:17 - tabs.image_tab - INFO - Image tab setup complete.
2025-01-17 14:56:17 - tabs.text_tab - INFO - Setting up Text tab.
2025-01-17 14:56:17 - tabs.text_tab - INFO - Text tab setup complete.
2025-01-17 14:56:17 - tabs.video_tab - INFO - Setting up Video tab.
2025-01-17 14:56:17 - tabs.video_tab - INFO - Video tab setup complete.
2025-01-17 14:56:53 - tabs.video_tab - INFO - Handling dropped video files.
2025-01-17 14:56:53 - tabs.video_tab - INFO - Starting processing for dropped files: ['C:/AI/ComfyUI_windows_portable/ComfyUI/output/2025-01-17/previews/AD_00009.mp4']
2025-01-17 14:56:53 - tabs.video_tab - INFO - Processing dropped video files.
2025-01-17 14:56:53 - tabs.video_tab - INFO - Processing video file: C:/AI/ComfyUI_windows_portable/ComfyUI/output/2025-01-17/previews/AD_00009.mp4
2025-01-17 14:56:53 - utils.helpers - INFO - Created output directory: C:/AI/ComfyUI_windows_portable/ComfyUI/output/2025-01-17/previews\output\frames
2025-01-17 14:56:54 - tabs.video_tab - INFO - Frames extracted to: C:/AI/ComfyUI_windows_portable/ComfyUI/output/2025-01-17/previews\output\frames
2025-01-17 14:56:54 - tabs.video_tab - INFO - Finished processing dropped video files.
2025-01-17 14:58:34 - tabs.video_tab - INFO - Handling dropped video files.
2025-01-17 14:58:34 - tabs.video_tab - INFO - Starting processing for dropped files: ['C:/AI/ComfyUI_windows_portable/ComfyUI/output/2025-01-17/previews/AD_00011.mp4']
2025-01-17 14:58:34 - tabs.video_tab - INFO - Processing dropped video files.
2025-01-17 14:58:34 - tabs.video_tab - INFO - Processing video file: C:/AI/ComfyUI_windows_portable/ComfyUI/output/2025-01-17/previews/AD_00011.mp4
2025-01-17 14:58:34 - utils.helpers - INFO - Created output directory: C:/AI/ComfyUI_windows_portable/ComfyUI/output/2025-01-17/previews\output\frames
2025-01-17 14:58:34 - tabs.video_tab - INFO - Frames extracted to: C:/AI/ComfyUI_windows_portable/ComfyUI/output/2025-01-17/previews\output\frames
2025-01-17 14:58:34 - tabs.video_tab - INFO - Finished processing dropped video files.
2025-01-17 15:03:07 - utils.logging_config - INFO - Logging setup complete.
2025-01-17 15:03:08 - tabs.audio_tab - INFO - Setting up Audio tab.
2025-01-17 15:03:08 - tabs.audio_tab - INFO - Audio tab setup complete.
2025-01-17 15:03:08 - tabs.image_tab - INFO - Setting up Image tab.
2025-01-17 15:03:08 - tabs.image_tab - INFO - Image tab setup complete.
2025-01-17 15:03:08 - tabs.text_tab - INFO - Setting up Text tab.
2025-01-17 15:03:08 - tabs.text_tab - INFO - Text tab setup complete.
2025-01-17 15:03:08 - tabs.video_tab - INFO - Setting up Video tab.
2025-01-17 15:03:08 - tabs.video_tab - INFO - Video tab setup complete.
2025-01-17 15:03:35 - tabs.video_tab - INFO - Handling dropped video files.
2025-01-17 15:03:35 - tabs.video_tab - INFO - Starting processing for dropped files: ['C:/AI/ComfyUI_windows_portable/ComfyUI/output/2025-01-17/previews/AD_00011.mp4']
2025-01-17 15:03:35 - tabs.video_tab - INFO - Processing dropped video files.
2025-01-17 15:03:35 - tabs.video_tab - INFO - Processing video file: C:/AI/ComfyUI_windows_portable/ComfyUI/output/2025-01-17/previews/AD_00011.mp4
2025-01-17 15:03:35 - utils.helpers - INFO - Created output directory: C:/AI/ComfyUI_windows_portable/ComfyUI/output/2025-01-17/previews\output\frames
2025-01-17 15:03:36 - tabs.video_tab - INFO - Frames extracted to: C:/AI/ComfyUI_windows_portable/ComfyUI/output/2025-01-17/previews\output\frames
2025-01-17 15:03:36 - tabs.video_tab - INFO - Finished processing dropped video files.
